FFFF800140
FFFE800340
FFFD800740
FFFC800D40
FFFB801540
FFFA801F3F
FFF9802B3F
FFF880393E
FFF780493E
FFF6805B3D
FFF5806F3B
FFF480853A
FFF3809D38
FFF280B736
FFF180D334
FFF080F131
FFEF81112E
FFEE81332B
FFED815727
FFEC817D23
FFEB81A51E
FFEA81CF19
FFE981FB13
FFE882290D
FFE7825906
FFE6828AFF
FFE582BEF7
FFE482F4EF
FFE3832CE5
FFE28366DC
FFE183A2D1
FFE083E0C6
FFDF8420BA
FFDE8462AD
FFDD84A69F
FFDC84EC91
FFDB853482
FFDA857E72
FFD985CA61
FFD886184F
FFD786683C
FFD686BA29
FFD5870E14
FFD48763FE
FFD387BBE8
FFD28815D0
FFD18871B7
FFD088CF9D
FFCF892F82
FFCE899166
FFCD89F549
FFCC8A5B2A
FFCB8AC30B
FFCA8B2CEA
FFC98B98C8
FFC88C06A4
FFC78C7680
FFC68CE85A
FFC58D5C32
FFC48DD209
FFC38E49DF
FFC28EC3B4
FFC18F3F87
FFC08FBD58
FFBF903D28
FFBE90BEF7
FFBD9142C4
FFBC91C88F
FFBB925059
FFBA92DA22
FFB99365E8
FFB893F3AD
FFB7948370
FFB6951532
FFB595A8F2
FFB4963EB0
FFB396D66D
FFB2977027
FFB1980BE0
FFB098A997
FFAF99494C
FFAE99EAFF
FFAD9A8EB1
FFAC9B3460
FFAB9BDC0E
FFAA9C85B9
FFA99D3162
FFA89DDF0A
FFA79E8EAF
FFA69F4053
FFA59FF3F4
FFA4A0A993
FFA3A16130
FFA2A21ACB
FFA1A2D663
FFA0A393FA
FF9FA4538E
FF9EA51520
FF9DA5D8B0
FF9CA69E3D
FF9BA765C8
FF9AA82F51
FF99A8FAD7
FF98A9C85B
FF97AA97DD
FF96AB695C
FF95AC3CD8
FF94AD1252
FF93ADE9CA
FF92AEC33F
FF91AF9EB2
FF90B07C22
FF8FB15B8F
FF8EB23CFA
FF8DB32062
FF8CB405C7
FF8BB4ED2A
FF8AB5D68A
FF89B6C1E7
FF88B7AF41
FF87B89E99
FF86B98FEE
FF85BA8340
FF84BB788F
FF83BC6FDB
FF82BD6924
FF81BE646B
FF80BF61AE
FF7FC060EF
FF7EC1622C
FF7DC26567
FF7CC36A9E
FF7BC471D3
FF7AC57B04
FF79C68632
FF78C7935D
FF77C8A285
FF76C9B3A9
FF75CAC6CB
FF74CBDBE9
FF73CCF304
FF72CE0C1C
FF71CF2730
FF70D04441
FF6FD1634F
FF6ED28459
FF6DD3A760
FF6CD4CC64
FF6BD5F364
FF6AD71C60
FF69D84759
FF68D9744F
FF67DAA341
FF66DBD430
FF65DD071B
FF64DE3C02
FF63DF72E6
FF62E0ABC6
FF61E1E6A2
FF60E3237B
FF5FE46250
FF5EE5A321
FF5DE6E5EE
FF5CE82AB8
FF5BE9717E
FF5AEABA40
FF59EC04FE
FF58ED51B8
FF57EEA06F
FF56EFF121
FF55F143D0
FF54F2987A
FF53F3EF21
FF52F547C3
FF51F6A262
FF50F7FEFC
FF4FF95D92
FF4EFABE24
FF4DFC20B3
FF4CFD853C
FF4BFEEBC2
FF4B005444
FF4A01BEC1
FF49032B3A
FF480499AF
FF47060A1F
FF46077C8B
FF4508F0F3
FF440A6756
FF430BDFB5
FF420D5A10
FF410ED666
FF401054B8
FF3F11D505
FF3E13574D
FF3D14DB92
FF3C1661D1
FF3B17EA0C
FF3A197443
FF391B0074
FF381C8EA2
FF371E1ECA
FF361FB0EE
FF3521450D
FF3422DB27
FF3324733D
FF32260D4D
FF3127A959
FF30294761
FF2F2AE763
FF2E2C8960
FF2D2E2D59
FF2C2FD34C
FF2B317B3B
FF2A332525
FF2934D109
FF28367EE9
FF27382EC3
FF2639E099
FF253B9469
FF243D4A35
FF233F01FB
FF2240BBBC
FF21427778
FF2044352E
FF1F45F4E0
FF1E47B68C
FF1D497A33
FF1C4B3FD5
FF1B4D0771
FF1A4ED108
FF19509C99
FF18526A26
FF175439AC
FF16560B2E
FF1557DEAA
FF1459B420
FF135B8B91
FF125D64FC
FF115F4062
FF10611DC3
FF0F62FD1D
FF0E64DE72
FF0D66C1C2
FF0C68A70C
FF0B6A8E50
FF0A6C778E
FF096E62C7
FF08704FF9
FF07723F26
FF0674304E
FF0576236F
FF0478188B
FF037A0FA1
FF027C08B0
FF017E03BA
FF008000BE
FEFF81FFBC
FEFE8400B4
FEFD8603A6
FEFC880892
FEFB8A0F78
FEFA8C1858
FEF98E2332
FEF8903005
FEF7923ED3
FEF6944F9A
FEF596625B
FEF4987716
FEF39A8DCB
FEF29CA679
FEF19EC121
FEF0A0DDC3
FEEFA2FC5E
FEEEA51CF3
FEEDA73F82
FEECA9640A
FEEBAB8A8C
FEEAADB308
FEE9AFDD7D
FEE8B209EB
FEE7B43853
FEE6B668B4
FEE5B89B0F
FEE4BACF63
FEE3BD05B1
FEE2BF3DF8
FEE1C17838
FEE0C3B472
FEDFC5F2A5
FEDEC832D1
FEDDCA74F7
FEDCCCB915
FEDBCEFF2D
FEDAD1473E
FED9D39149
FED8D5DD4C
FED7D82B49
FED6DA7B3E
FED5DCCD2D
FED4DF2115
FED3E176F5
FED2E3CECF
FED1E628A2
FED0E8846D
FECFEAE232
FECEED41EF
FECDEFA3A6
FECCF20755
FECBF46CFD
FECAF6D49E
FEC9F93E38
FEC8FBA9CA
FEC7FE1755
FEC70086D9
FEC602F856
FEC5056BCB
FEC407E139
FEC30A58A0
FEC20CD1FF
FEC10F4D56
FEC011CAA7
FEBF1449F0
FEBE16CB31
FEBD194E6B
FEBC1BD39D
FEBB1E5AC8
FEBA20E3EB
FEB9236F07
FEB825FC1B
FEB7288B27
FEB62B1C2C
FEB52DAF29
FEB430441E
FEB332DB0B
FEB23573F1
FEB1380ECF
FEB03AABA5
FEAF3D4A74
FEAE3FEB3A
FEAD428DF9
FEAC4532B0
FEAB47D95E
FEAA4A8205
FEA94D2CA4
FEA84FD93B
FEA75287CA
FEA6553851
FEA557EACF
FEA45A9F46
FEA35D55B5
FEA2600E1B
FEA162C87A
FEA06584D0
FE9F68431E
FE9E6B0363
FE9D6DC5A1
FE9C7089D6
FE9B735003
FE9A761828
FE9978E244
FE987BAE58
FE977E7C63
FE96814C67
FE95841E61
FE9486F254
FE9389C83D
FE928CA01F
FE918F79F8
FE909255C8
FE8F95338F
FE8E98134F
FE8D9AF505
FE8C9DD8B3
FE8BA0BE58
FE8AA3A5F5
FE89A68F88
FE88A97B14
FE87AC6896
FE86AF580F
FE85B24980
FE84B53CE8
FE83B83247
FE82BB299E
FE81BE22EB
FE80C11E30
FE7FC41B6B
FE7EC71A9E
FE7DCA1BC7
FE7CCD1EE8
FE7BD02400
FE7AD32B0E
FE79D63414
FE78D93F10
FE77DC4C03
FE76DF5AED
FE75E26BCE
FE74E57EA6
FE73E89375
FE72EBAA3A
FE71EEC2F6
FE70F1DDA9
FE6FF4FA53
FE6EF818F3
FE6DFB398A
FE6CFE5C18
FE6C01809C
FE6B04A716
FE6A07CF88
FE690AF9F0
FE680E264E
FE671154A3
FE661484EE
FE6517B730
FE641AEB68
FE631E2197
FE622159BC
FE612493D7
FE6027CFE9
FE5F2B0DF1
FE5E2E4DEF
FE5D318FE4
FE5C34D3CF
FE5B3819B0
FE5A3B6187
FE593EAB55
FE5841F718
FE574544D2
FE56489482
FE554BE628
FE544F39C4
FE53528F56
FE5255E6DE
FE5159405C
FE505C9BD0
FE4F5FF93A
FE4E63589A
FE4D66B9F0
FE4C6A1D3B
FE4B6D827D
FE4A70E9B4
FE497452E1
FE4877BE04
FE477B2B1D
FE467E9A2C
FE45820B30
FE44857E2A
FE4388F319
FE428C69FF
FE418FE2D9
FE40935DAA
FE3F96DA70
FE3E9A592C
FE3D9DD9DD
FE3CA15C83
FE3BA4E120
FE3AA867B1
FE39ABF038
FE38AF7AB5
FE37B30727
FE36B6958E
FE35BA25EB
FE34BDB83D
FE33C14C84
FE32C4E2C1
FE31C87AF3
FE30CC151A
FE2FCFB136
FE2ED34F48
FE2DD6EF4E
FE2CDA914A
FE2BDE353B
FE2AE1DB21
FE29E582FC
FE28E92CCD
FE27ECD892
FE26F0864C
FE25F435FB
FE24F7E7A0
FE23FB9B39
FE22FF50C7
FE2203084A
FE2106C1C2
FE200A7D2F
FE1F0E3A90
FE1E11F9E7
FE1D15BB32
FE1C197E72
FE1B1D43A7
FE1A210AD0
FE1924D3EE
FE18289F01
FE172C6C08
FE16303B04
FE15340BF5
FE1437DEDA
FE133BB3B4
FE123F8A82
FE11436345
FE10473DFD
FE0F4B1AA8
FE0E4EF949
FE0D52D9DD
FE0C56BC67
FE0B5AA0E4
FE0A5E8756
FE09626FBC
FE08665A16
FE076A4665
FE066E34A8
FE057224DF
FE0476170B
FE037A0B2B
FE027E013F
FE0181F947
FE0085F343
FDFF89EF33
FDFE8DED17
FDFD91ECF0
FDFC95EEBC
FDFB99F27C
FDFA9DF831
FDF9A1FFD9
FDF8A60976
FDF7AA1506
FDF6AE228A
FDF5B23202
FDF4B6436E
FDF3BA56CE
FDF2BE6C21
FDF1C28369
FDF0C69CA4
FDEFCAB7D3
FDEECED4F5
FDEDD2F40B
FDECD71515
FDEBDB3813
FDEADF5D04
FDE9E383E9
FDE8E7ACC1
FDE7EBD78D
FDE6F0044D
FDE5F43300
FDE4F863A6
FDE3FC9640
FDE300CACE
FDE205014F
FDE10939C3
FDE00D742A
FDDF11B085
FDDE15EED4
FDDD1A2F15
FDDC1E714A
FDDB22B573
FDDA26FB8E
FDD92B439D
FDD82F8D9E
FDD733D994
FDD638277C
FDD53C7757
FDD440C925
FDD3451CE7
FDD249729B
FDD14DCA43
FDD05223DE
FDCF567F6B
FDCE5ADCEC
FDCD5F3C5F
FDCC639DC6
FDCB68011F
FDCA6C666C
FDC970CDAB
FDC87536DD
FDC779A201
FDC67E0F19
FDC5827E23
FDC486EF20
FDC38B6210
FDC28FD6F3
FDC1944DC8
FDC098C690
FDBF9D414A
FDBEA1BDF7
FDBDA63C97
FDBCAABD29
FDBBAF3FAE
FDBAB3C425
FDB9B84A8F
FDB8BCD2EB
FDB7C15D3A
FDB6C5E97B
FDB5CA77AE
FDB4CF07D4
FDB3D399EC
FDB2D82DF7
FDB1DCC3F4
FDB0E15BE3
FDAFE5F5C5
FDAEEA9198
FDADEF2F5E
FDACF3CF16
FDABF870C1
FDAAFD145D
FDAA01B9EC
FDA906616D
FDA80B0ADF
FDA70FB644
FDA614639B
FDA51912E4
FDA41DC41F
FDA322774C
FDA2272C6B
FDA12BE37C
FDA0309C7F
FD9F355773
FD9E3A145A
FD9D3ED332
FD9C4393FC
FD9B4856B8
FD9A4D1B66
FD9951E205
FD9856AA96
FD975B7519
FD9660418E
FD95650FF4
FD9469E04C
FD936EB296
FD927386D1
FD91785CFD
FD907D351B
FD8F820F2B
FD8E86EB2C
FD8D8BC91F
FD8C90A903
FD8B958AD9
FD8A9A6EA0
FD899F5458
FD88A43C02
FD87A9259D
FD86AE112A
FD85B2FEA7
FD84B7EE16
FD83BCDF77
FD82C1D2C8
FD81C6C80B
FD80CBBF3F
FD7FD0B864
FD7ED5B37A
FD7DDAB081
FD7CDFAF7A
FD7BE4B063
FD7AE9B33E
FD79EEB809
FD78F3BEC6
FD77F8C774
FD76FDD212
FD7602DEA2
FD7507ED22
FD740CFD93
FD73120FF5
FD72172448
FD711C3A8C
FD702152C1
FD6F266CE6
FD6E2B88FC
FD6D30A703
FD6C35C6FB
FD6B3AE8E3
FD6A400CBC
FD69453286
FD684A5A40
FD674F83EB
FD6654AF86
FD6559DD12
FD645F0C8F
FD63643DFC
FD62697159
FD616EA6A7
FD6073DDE6
FD5F791715
FD5E7E5234
FD5D838F43
FD5C88CE43
FD5B8E0F34
FD5A935214
FD599896E5
FD589DDDA6
FD57A32658
FD56A870F9
FD55ADBD8B
FD54B30C0D
FD53B85C7F
FD52BDAEE2
FD51C30334
FD50C85977
FD4FCDB1A9
FD4ED30BCC
FD4DD867DE
FD4CDDC5E1
FD4BE325D3
FD4AE887B6
FD49EDEB88
FD48F3514B
FD47F8B8FD
FD46FE229F
FD46038E31
FD4508FBB3
FD440E6B24
FD4313DC85
FD42194FD6
FD411EC517
FD40243C48
FD3F29B568
FD3E2F3078
FD3D34AD77
FD3C3A2C66
FD3B3FAD45
FD3A453013
FD394AB4D1
FD38503B7E
FD3755C41B
FD365B4EA7
FD3560DB23
FD3466698E
FD336BF9E8
FD32718C32
FD3177206C
FD307CB694
FD2F824EAC
FD2E87E8B4
FD2D8D84AA
FD2C932290
FD2B98C265
FD2A9E6429
FD29A407DD
FD28A9AD7F
FD27AF5511
FD26B4FE92
FD25BAAA02
FD24C05761
FD23C606AF
FD22CBB7EC
FD21D16B18
FD20D72033
FD1FDCD73D
FD1EE29036
FD1DE84B1E
FD1CEE07F5
FD1BF3C6BB
FD1AF9876F
FD19FF4A12
FD19050EA5
FD180AD526
FD17109D95
FD161667F4
FD151C3441
FD1422027D
FD1327D2A7
FD122DA4C0
FD113378C8
FD10394EBF
FD0F3F26A4
FD0E450077
FD0D4ADC39
FD0C50B9EA
FD0B569989
FD0A5C7B16
FD09625E93
FD086843FD
FD076E2B56
FD0674149D
FD0579FFD3
FD047FECF6
FD0385DC09
FD028BCD09
FD0191BFF8
FD0097B4D5
FCFF9DABA0
FCFEA3A45A
FCFDA99F01
FCFCAF9B97
FCFBB59A1B
FCFABB9A8D
FCF9C19CED
FCF8C7A13B
FCF7CDA778
FCF6D3AFA2
FCF5D9B9BA
FCF4DFC5C0
FCF3E5D3B5
FCF2EBE397
FCF1F1F567
FCF0F80925
FCEFFE1ED0
FCEF04366A
FCEE0A4FF2
FCED106B67
FCEC1688CA
FCEB1CA81B
FCEA22C959
FCE928EC85
FCE82F119F
FCE73538A7
FCE63B619C
FCE5418C7F
FCE447B94F
FCE34DE80D
FCE25418B9
FCE15A4B52
FCE0607FD9
FCDF66B64D
FCDE6CEEAE
FCDD7328FD
FCDC79653A
FCDB7FA364
FCDA85E37B
FCD98C257F
FCD8926971
FCD798AF50
FCD69EF71D
FCD5A540D7
FCD4AB8C7D
FCD3B1DA12
FCD2B82993
FCD1BE7B02
FCD0C4CE5D
FCCFCB23A6
FCCED17ADC
FCCDD7D3FF
FCCCDE2F0F
FCCBE48C0C
FCCAEAEAF7
FCC9F14BCE
FCC8F7AE92
FCC7FE1343
FCC70479E1
FCC60AE26C
FCC5114CE4
FCC417B948
FCC31E279A
FCC22497D8
FCC12B0A03
FCC0317E1B
FCBF37F420
FCBE3E6C11
FCBD44E5EF
FCBC4B61BA
FCBB51DF72
FCBA585F16
FCB95EE0A6
FCB8656424
FCB76BE98D
FCB67270E4
FCB578FA27
FCB47F8556
FCB3861272
FCB28CA17A
FCB193326F
FCB099C550
FCAFA05A1E
FCAEA6F0D8
FCADAD897E
FCACB42411
FCABBAC090
FCAAC15EFB
FCA9C7FF53
FCA8CEA197
FCA7D545C7
FCA6DBEBE3
FCA5E293EB
FCA4E93DE0
FCA3EFE9C0
FCA2F6978D
FCA1FD4746
FCA103F8EB
FCA00AAC7C
FC9F1161F9
FC9E181962
FC9D1ED2B7
FC9C258DF7
FC9B2C4B24
FC9A330A3D
FC9939CB41
FC98408E32
FC9747530E
FC964E19D6
FC9554E28A
FC945BAD2A
FC936279B5
FC9269482C
FC9170188F
FC9076EADE
FC8F7DBF18
FC8E84953E
FC8D8B6D4F
FC8C92474C
FC8B992335
FC8AA00109
FC89A6E0C9
FC88ADC274
FC87B4A60A
FC86BB8B8D
FC85C272FA
FC84C95C53
FC83D04798
FC82D734C7
FC81DE23E2
FC80E514E9
FC7FEC07DB
FC7EF2FCB8
FC7DF9F380
FC7D00EC33
FC7C07E6D2
FC7B0EE35C
FC7A15E1D1
FC791CE232
FC7823E47D
FC772AE8B3
FC7631EED5
FC7538F6E2
FC744000D9
FC73470CBC
FC724E1A8A
FC71552A42
FC705C3BE6
FC6F634F75
FC6E6A64EE
FC6D717C53
FC6C7895A2
FC6B7FB0DC
FC6A86CE01
FC698DED10
FC68950E0B
FC679C30F0
FC66A355C0
FC65AA7C7B
FC64B1A520
FC63B8CFB0
FC62BFFC2A
FC61C72A90
FC60CE5AE0
FC5FD58D1A
FC5EDCC13F
FC5DE3F74E
FC5CEB2F48
FC5BF2692D
FC5AF9A4FC
FC5A00E2B5
FC59082259
FC580F63E7
FC5716A760
FC561DECC3
FC55253410
FC542C7D48
FC5333C86A
FC523B1576
FC5142646C
FC5049B54D
FC4F510818
FC4E585CCC
FC4D5FB36C
FC4C670BF5
FC4B6E6668
FC4A75C2C6
FC497D210D
FC4884813F
FC478BE35A
FC46934760
FC459AAD50
FC44A21529
FC43A97EED
FC42B0EA9A
FC41B85831
FC40BFC7B2
FC3FC7391D
FC3ECEAC72
FC3DD621B1
FC3CDD98D9
FC3BE511EB
FC3AEC8CE7
FC39F409CD
FC38FB889C
FC38030955
FC370A8BF7
FC36121084
FC351996FA
FC34211F59
FC3328A9A2
FC323035D4
FC3137C3F0
FC303F53F6
FC2F46E5E5
FC2E4E79BD
FC2D560F7F
FC2C5DA72A
FC2B6540BF
FC2A6CDC3D
FC297479A4
FC287C18F5
FC2783BA2F
FC268B5D52
FC2593025E
FC249AA954
FC23A25233
FC22A9FCFB
FC21B1A9AC
FC20B95847
FC1FC108CA
FC1EC8BB37
FC1DD06F8C
FC1CD825CB
FC1BDFDDF3
FC1AE79803
FC19EF53FD
FC18F711E0
FC17FED1AB
FC17069360
FC160E56FD
FC15161C84
FC141DE3F3
FC1325AD4B
FC122D788C
FC113545B5
FC103D14C7
FC0F44E5C3
FC0E4CB8A6
FC0D548D73
FC0C5C6428
FC0B643CC6
FC0A6C174C
FC0973F3BB
FC087BD213
FC0783B253
FC068B947C
FC0593788D
FC049B5E87
FC03A34669
FC02AB3034
FC01B31BE7
FC00BB0983
FBFFC2F907
FBFECAEA73
FBFDD2DDC8
FBFCDAD305
FBFBE2CA2A
FBFAEAC338
FBF9F2BE2E
FBF8FABB0C
FBF802B9D2
FBF70ABA80
FBF612BD17
FBF51AC196
FBF422C7FD
FBF32AD04C
FBF232DA83
FBF13AE6A2
FBF042F4A9
FBEF4B0498
FBEE531670
FBED5B2A2F
FBEC633FD6
FBEB6B5765
FBEA7370DC
FBE97B8C3B
FBE883A982
FBE78BC8B0
FBE693E9C6
FBE59C0CC5
FBE4A431AB
FBE3AC5878
FBE2B4812E
FBE1BCABCB
FBE0C4D850
FBDFCD06BC
FBDED53710
FBDDDD694C
FBDCE59D6F
FBDBEDD37A
FBDAF60B6D
FBD9FE4547
FBD9068108
FBD80EBEB1
FBD716FE42
FBD61F3FBA
FBD5278319
FBD42FC860
FBD3380F8E
FBD24058A3
FBD148A3A0
FBD050F084
FBCF593F50
FBCE619002
FBCD69E29C
FBCC72371D
FBCB7A8D86
FBCA82E5D5
FBC98B400C
FBC8939C2A
FBC79BFA2F
FBC6A45A1B
FBC5ACBBEE
FBC4B51FA8
FBC3BD8549
FBC2C5ECD1
FBC1CE5641
FBC0D6C197
FBBFDF2ED4
FBBEE79DF8
FBBDF00F03
FBBCF881F5
FBBC00F6CD
FBBB096D8D
FBBA11E633
FBB91A60C0
FBB822DD34
FBB72B5B8E
FBB633DBD0
FBB53C5DF8
FBB444E206
FBB34D67FB
FBB255EFD7
FBB15E799A
FBB0670543
FBAF6F92D3
FBAE782249
FBAD80B3A6
FBAC8946E9
FBAB91DC13
FBAA9A7323
FBA9A30C1A
FBA8ABA6F7
FBA7B443BA
FBA6BCE264
FBA5C582F4
FBA4CE256B
FBA3D6C9C8
FBA2DF700B
FBA1E81834
FBA0F0C244
FB9FF96E39
FB9F021C16
FB9E0ACBD8
FB9D137D80
FB9C1C310E
FB9B24E683
FB9A2D9DDE
FB9936571E
FB983F1245
FB9747CF52
FB96508E45
FB95594F1E
FB946211DC
FB936AD681
FB92739D0B
FB917C657C
FB90852FD2
FB8F8DFC0E
FB8E96CA30
FB8D9F9A38
FB8CA86C26
FB8BB13FF9
FB8ABA15B2
FB89C2ED51
FB88CBC6D5
FB87D4A23F
FB86DD7F8F
FB85E65EC5
FB84EF3FE0
FB83F822E0
FB830107C6
FB8209EE92
FB8112D743
FB801BC1DA
FB7F24AE56
FB7E2D9CB8
FB7D368CFF
FB7C3F7F2C
FB7B48733D
FB7A516935
FB795A6111
FB78635AD3
FB776C567A
FB76755407
FB757E5379
FB748754D0
FB7390580C
FB72995D2D
FB71A26434
FB70AB6D1F
FB6FB477F0
FB6EBD84A6
FB6DC69341
FB6CCFA3C1
FB6BD8B626
FB6AE1CA70
FB69EAE09F
FB68F3F8B4
FB67FD12AD
FB67062E8B
FB660F4C4D
FB65186BF5
FB64218D82
FB632AB0F3
FB6233D649
FB613CFD85
FB604626A4
FB5F4F51A9
FB5E587E92
FB5D61AD60
FB5C6ADE13
FB5B7410AB
FB5A7D4527
FB59867B87
FB588FB3CD
FB5798EDF6
FB56A22A05
FB55AB67F8
FB54B4A7CF
FB53BDE98B
FB52C72D2C
FB51D072B1
FB50D9BA1A
FB4FE30368
FB4EEC4E9A
FB4DF59BB0
FB4CFEEAAB
FB4C083B8A
FB4B118E4D
FB4A1AE2F5
FB49243981
FB482D91F1
FB4736EC46
FB4640487E
FB4549A69B
FB4453069C
FB435C6881
FB4265CC4A
FB416F31F7
FB40789988
FB3F8202FE
FB3E8B6E57
FB3D94DB94
FB3C9E4AB6
FB3BA7BBBB
FB3AB12EA4
FB39BAA371
FB38C41A22
FB37CD92B7
FB36D70D2F
FB35E0898C
FB34EA07CC
FB33F387F0
FB32FD09F8
FB32068DE3
FB311013B3
FB30199B66
FB2F2324FC
FB2E2CB076
FB2D363DD4
FB2C3FCD16
FB2B495E3B
FB2A52F143
FB295C862F
FB28661CFF
FB276FB5B2
FB26795049
FB2582ECC3
FB248C8B20
FB23962B61
FB229FCD85
FB21A9718D
FB20B31778
FB1FBCBF46
FB1EC668F8
FB1DD0148D
FB1CD9C205
FB1BE37160
FB1AED229F
FB19F6D5C1
FB19008AC6
FB180A41AE
FB1713FA79
FB161DB527
FB152771B8
FB1431302D
FB133AF084
FB1244B2BF
FB114E76DC
FB10583CDD
FB0F6204C0
FB0E6BCE86
FB0D759A30
FB0C7F67BC
FB0B89372B
FB0A93087D
FB099CDBB1
FB08A6B0C9
FB07B087C3
FB06BA60A0
FB05C43B60
FB04CE1802
FB03D7F687
FB02E1D6EF
FB01EBB939
FB00F59D66
FAFFFF8376
FAFF096B68
FAFE13553D
FAFD1D40F4
FAFC272E8E
FAFB311E0B
FAFA3B0F6A
FAF94502AB
FAF84EF7CF
FAF758EED5
FAF662E7BD
FAF56CE288
FAF476DF35
FAF380DDC5
FAF28ADE37
FAF194E08B
FAF09EE4C1
FAEFA8EADA
FAEEB2F2D5
FAEDBCFCB2
FAECC70871
FAEBD11612
FAEADB2596
FAE9E536FB
FAE8EF4A43
FAE7F95F6C
FAE7037678
FAE60D8F66
FAE517AA36
FAE421C6E8
FAE32BE57B
FAE23605F1
FAE1402848
FAE04A4C82
FADF54729D
FADE5E9A9A
FADD68C479
FADC72F03A
FADB7D1DDD
FADA874D61
FAD9917EC7
FAD89BB20F
FAD7A5E738
FAD6B01E43
FAD5BA5730
FAD4C491FF
FAD3CECEAF
FAD2D90D40
FAD1E34DB4
FAD0ED9008
FACFF7D43E
FACF021A56
FACE0C624F
FACD16AC2A
FACC20F7E6
FACB2B4584
FACA359503
FAC93FE663
FAC84A39A5
FAC7548EC8
FAC65EE5CC
FAC5693EB2
FAC4739978
FAC37DF621
FAC28854AA
FAC192B514
FAC09D1760
FABFA77B8D
FABEB1E19B
FABDBC498A
FABCC6B35A
FABBD11F0B
FABADB8C9E
FAB9E5FC11
FAB8F06D65
FAB7FAE09B
FAB70555B1
FAB60FCCA8
FAB51A4580
FAB424C039
FAB32F3CD3
FAB239BB4E
FAB1443BA9
FAB04EBDE6
FAAF594203
FAAE63C801
FAAD6E4FE0
FAAC78D99F
FAAB83653F
FAAA8DF2C0
FAA9988221
FAA8A31363
FAA7ADA686
FAA6B83B89
FAA5C2D26D
FAA4CD6B32
FAA3D805D7
FAA2E2A25C
FAA1ED40C2
FAA0F7E109
FAA002832F
FA9F0D2737
FA9E17CD1E
FA9D2274E6
FA9C2D1E8F
FA9B37CA18
FA9A427781
FA994D26CA
FA9857D7F4
FA97628AFE
FA966D3FE8
FA9577F6B2
FA9482AF5D
FA938D69E7
FA92982652
FA91A2E49D
FA90ADA4C8
FA8FB866D3
FA8EC32ABE
FA8DCDF08A
FA8CD8B835
FA8BE381C0
FA8AEE4D2B
FA89F91A76
FA8903E9A1
FA880EBAAC
FA87198D97
FA86246262
FA852F390D
FA843A1197
FA8344EC01
FA824FC84B
FA815AA675
FA8065867E
FA7F706867
FA7E7B4C30
FA7D8631D9
FA7C911961
FA7B9C02C9
FA7AA6EE10
FA79B1DB37
FA78BCCA3E
FA77C7BB24
FA76D2ADE9
FA75DDA28F
FA74E89913
FA73F39177
FA72FE8BBB
FA720987DE
FA711485E0
FA701F85C1
FA6F2A8782
FA6E358B23
FA6D4090A2
FA6C4B9801
FA6B56A13F
FA6A61AC5D
FA696CB95A
FA6877C835
FA6782D8F0
FA668DEB8B
FA65990004
FA64A4165C
FA63AF2E94
FA62BA48AA
FA61C564A0
FA60D08275
FA5FDBA228
FA5EE6C3BB
FA5DF1E72C
FA5CFD0C7D
FA5C0833AC
FA5B135CBB
FA5A1E87A8
FA5929B474
FA5834E31F
FA574013A9
FA564B4611
FA55567A58
FA5461B07E
FA536CE883
FA52782267
FA51835E29
FA508E9BC9
FA4F99DB49
FA4EA51CA7
FA4DB05FE4
FA4CBBA4FF
FA4BC6EBF9
FA4AD234D1
FA49DD7F88
FA48E8CC1D
FA47F41A91
FA46FF6AE3
FA460ABD14
FA45161123
FA44216710
FA432CBEDC
FA42381886
FA4143740F
FA404ED175
FA3F5A30BA
FA3E6591DE
FA3D70F4DF
FA3C7C59BF
FA3B87C07D
FA3A932919
FA399E9393
FA38A9FFEC
FA37B56E22
FA36C0DE37
FA35CC5029
FA34D7C3FA
FA33E339A9
FA32EEB135
FA31FA2AA0
FA3105A5E9
FA3011230F
FA2F1CA214
FA2E2822F6
FA2D33A5B6
FA2C3F2A54
FA2B4AB0D0
FA2A56392A
FA2961C361
FA286D4F77
FA2778DD6A
FA26846D3A
FA258FFEE9
FA249B9275
FA23A727DF
FA22B2BF26
FA21BE584B
FA20C9F34D
FA1FD5902E
FA1EE12EEB
FA1DECCF87
FA1CF871FF
FA1C041655
FA1B0FBC89
FA1A1B649A
FA19270E89
FA1832BA55
FA173E67FE
FA164A1785
FA1555C8E9
FA14617C2A
FA136D3149
FA1278E845
FA1184A11E
FA10905BD4
FA0F9C1868
FA0EA7D6D8
FA0DB39726
FA0CBF5951
FA0BCB1D5A
FA0AD6E33F
FA09E2AB01
FA08EE74A1
FA07FA401D
FA07060D77
FA0611DCAD
FA051DADC1
FA042980B1
FA0335557E
FA02412C29
FA014D04B0
FA0058DF14
F9FF64BB55
F9FE709972
F9FD7C796D
F9FC885B44
F9FB943EF8
F9FAA02489
F9F9AC0BF6
F9F8B7F540
F9F7C3E067
F9F6CFCD6B
F9F5DBBC4B
F9F4E7AD07
F9F3F39FA1
F9F2FF9417
F9F20B8A69
F9F1178298
F9F0237CA4
F9EF2F788C
F9EE3B7650
F9ED4775F1
F9EC53776E
F9EB5F7AC8
F9EA6B7FFE
F9E9778710
F9E8838FFF
F9E78F9ACA
F9E69BA771
F9E5A7B5F5
F9E4B3C655
F9E3BFD891
F9E2CBECA9
F9E1D8029D
F9E0E41A6E
F9DFF0341B
F9DEFC4FA4
F9DE086D09
F9DD148C4A
F9DC20AD67
F9DB2CD060
F9DA38F535
F9D9451BE6
F9D8514474
F9D75D6EDD
F9D6699B22
F9D575C943
F9D481F940
F9D38E2B18
F9D29A5ECD
F9D1A6945D
F9D0B2CBC9
F9CFBF0511
F9CECB4035
F9CDD77D34
F9CCE3BC0F
F9CBEFFCC6
F9CAFC3F59
F9CA0883C7
F9C914CA11
F9C8211236
F9C72D5C37
F9C639A814
F9C545F5CC
F9C4524560
F9C35E96CF
F9C26AEA19
F9C1773F3F
F9C0839641
F9BF8FEF1E
F9BE9C49D6
F9BDA8A66A
F9BCB504D9
F9BBC16524
F9BACDC749
F9B9DA2B4A
F9B8E69127
F9B7F2F8DE
F9B6FF6271
F9B60BCDDF
F9B5183B28
F9B424AA4C
F9B3311B4C
F9B23D8E26
F9B14A02DC
F9B056796D
F9AF62F1D9
F9AE6F6C20
F9AD7BE842
F9AC88663E
F9AB94E616
F9AAA167C9
F9A9ADEB57
F9A8BA70C0
F9A7C6F803
F9A6D38122
F9A5E00C1B
F9A4EC98EF
F9A3F9279E
F9A305B827
F9A2124A8C
F9A11EDECB
F9A02B74E5
F99F380CDA
F99E44A6A9
F99D514253
F99C5DDFD7
F99B6A7F37
F99A772070
F99983C385
F998906874
F9979D0F3D
F996A9B7E1
F995B6625F
F994C30EB8
F993CFBCEB
F992DC6CF9
F991E91EE1
F990F5D2A4
F990028841
F98F0F3FB8
F98E1BF90A
F98D28B435
F98C35713C
F98B42301C
F98A4EF0D7
F9895BB36B
F9886877DA
F987753E24
F986820647
F9858ED044
F9849B9C1C
F983A869CD
F982B53959
F981C20ABF
F980CEDDFF
F97FDBB318
F97EE88A0C
F97DF562DA
F97D023D82
F97C0F1A03
F97B1BF85F
F97A28D894
F97935BAA3
F978429E8C
F9774F844F
F9765C6BEB
F975695562
F9747640B2
F973832DDC
F972901CDF
F9719D0DBD
F970AA0073
F96FB6F504
F96EC3EB6E
F96DD0E3B2
F96CDDDDCF
F96BEAD9C6
F96AF7D796
F96A04D740
F96911D8C4
F9681EDC21
F9672BE157
F96638E867
F96545F150
F96452FC13
F9636008AE
F9626D1724
F9617A2772
F96087399A
F95F944D9B
F95EA16376
F95DAE7B2A
F95CBB94B6
F95BC8B01D
F95AD5CD5C
F959E2EC74
F958F00D66
F957FD3031
F9570A54D4
F956177B51
F95524A3A7
F95431CDD6
F9533EF9DE
F9524C27BF
F951595779
F95066890B
F94F73BC77
F94E80F1BC
F94D8E28D9
F94C9B61D0
F94BA89C9F
F94AB5D947
F949C317C8
F948D05821
F947DD9A54
F946EADE5F
F945F82443
F945056BFF
F94412B594
F943200102
F9422D4E49
F9413A9D68
F94047EE5F
F93F554130
F93E6295D8
F93D6FEC5A
F93C7D44B3
F93B8A9EE6
F93A97FAF0
F939A558D4
F938B2B88F
F937C01A23
F936CD7D8F
F935DAE2D4
F934E849F1
F933F5B2E7
F933031DB4
F932108A5A
F9311DF8D8
F9302B692F
F92F38DB5D
F92E464F64
F92D53C543
F92C613CFA
F92B6EB689
F92A7C31F1
F92989AF30
F928972E47
F927A4AF37
F926B231FE
F925BFB69E
F924CD3D15
F923DAC565
F922E84F8C
F921F5DB8B
F921036963
F92010F912
F91F1E8A98
F91E2C1DF7
F91D39B32E
F91C474A3C
F91B54E322
F91A627DE0
F919701A75
F9187DB8E3
F9178B5928
F91698FB44
F915A69F38
F914B44504
F913C1ECA8
F912CF9623
F911DD4175
F910EAEE9F
F90FF89DA1
F90F064E7A
F90E14012B
F90D21B5B3
F90C2F6C12
F90B3D2449
F90A4ADE57
F909589A3D
F9086657FA
F90774178E
F90681D8FA
F9058F9C3D
F9049D6157
F903AB2848
F902B8F111
F901C6BBB1
F900D48828
F8FFE25676
F8FEF0269B
F8FDFDF897
F8FD0BCC6B
F8FC19A215
F8FB277997
F8FA3552F0
F8F9432E1F
F8F8510B26
F8F75EEA03
F8F66CCAB8
F8F57AAD43
F8F48891A6
F8F39677DF
F8F2A45FEF
F8F1B249D6
F8F0C03594
F8EFCE2329
F8EEDC1294
F8EDEA03D6
F8ECF7F6EF
F8EC05EBDE
F8EB13E2A5
F8EA21DB42
F8E92FD5B5
F8E83DD1FF
F8E74BD020
F8E659D018
F8E567D1E6
F8E475D58A
F8E383DB05
F8E291E257
F8E19FEB7F
F8E0ADF67E
F8DFBC0353
F8DECA11FE
F8DDD82280
F8DCE634D8
F8DBF44906
F8DB025F0B
F8DA1076E7
F8D91E9098
F8D82CAC20
F8D73AC97E
F8D648E8B2
F8D55709BD
F8D4652C9D
F8D3735154
F8D28177E1
F8D18FA044
F8D09DCA7D
F8CFABF68D
F8CEBA2472
F8CDC8542E
F8CCD685BF
F8CBE4B926
F8CAF2EE64
F8CA012577
F8C90F5E61
F8C81D9920
F8C72BD5B5
F8C63A1420
F8C5485461
F8C4569678
F8C364DA64
F8C2732027
F8C18167BF
F8C08FB12D
F8BF9DFC70
F8BEAC498A
F8BDBA9879
F8BCC8E93D
F8BBD73BD8
F8BAE59048
F8B9F3E68D
F8B9023EA8
F8B8109899
F8B71EF45F
F8B62D51FB
F8B53BB16C
F8B44A12B3
F8B35875D0
F8B266DAC1
F8B1754188
F8B083AA25
F8AF921497
F8AEA080DE
F8ADAEEEFA
F8ACBD5EEC
F8ABCBD0B4
F8AADA4450
F8A9E8B9C2
F8A8F73109
F8A805AA25
F8A7142516
F8A622A1DD
F8A5312078
F8A43FA0E9
F8A34E232F
F8A25CA74A
F8A16B2D3A
F8A079B4FF
F89F883E99
F89E96CA08
F89DA5574C
F89CB3E665
F89BC27753
F89AD10A16
F899DF9EAE
F898EE351B
F897FCCD5C
F8970B6773
F8961A035E
F89528A11E
F8943740B3
F89345E21C
F89254855A
F891632A6D
F89071D155
F88F807A11
F88E8F24A2
F88D9DD108
F88CAC7F42
F88BBB2F51
F88AC9E134
F889D894EC
F888E74A78
F887F601D9
F88704BB0F
F886137619
F8852232F7
F88430F1AA
F8833FB231
F8824E748C
F8815D38BC
F8806BFEC0
F87F7AC699
F87E899045
F87D985BC6
F87CA7291C
F87BB5F845
F87AC4C943
F879D39C15
F878E270BB
F877F14735
F877001F84
F8760EF9A6
F8751DD59D
F8742CB368
F8733B9306
F8724A7479
F8715957C0
F870683CDA
F86F7723C9
F86E860C8C
F86D94F722
F86CA3E38D
F86BB2D1CB
F86AC1C1DD
F869D0B3C3
F868DFA77D
F867EE9D0A
F866FD946C
F8660C8DA1
F8651B88AA
F8642A8586
F863398437
F8624884BB
F861578712
F860668B3D
F85F75913C
F85E84990F
F85D93A2B5
F85CA2AE2E
F85BB1BB7B
F85AC0CA9C
F859CFDB90
F858DEEE57
F857EE02F2
F856FD1960
F8560C31A2
F8551B4BB7
F8542A67A0
F85339855C
F85248A4EB
F85157C64D
F85066E983
F84F760E8C
F84E853568
F84D945E18
F84CA3889A
F84BB2B4F0
F84AC1E319
F849D11315
F848E044E4
F847EF7887
F846FEADFC
F8460DE544
F8451D1E60
F8442C594E
F8433B9610
F8424AD4A4
F8415A150B
F840695745
F83F789B53
F83E87E133
F83D9728E5
F83CA6726B
F83BB5BDC4
F83AC50AEF
F839D459ED
F838E3AABE
F837F2FD62
F8370251D8
F83611A821
F83521003D
F834305A2B
F8333FB5EC
F8324F1380
F8315E72E6
F8306DD41F
F82F7D372A
F82E8C9C08
F82D9C02B8
F82CAB6B3B
F82BBAD590
F82ACA41B8
F829D9AFB2
F828E91F7F
F827F8911E
F82708048F
F8261779D3
F82526F0E9
F8243669D1
F82345E48C
F822556119
F82164DF78
F820745FA9
F81F83E1AD
F81E936582
F81DA2EB2A
F81CB272A4
F81BC1FBF0
F81AD1870E
F819E113FF
F818F0A2C1
F818003355
F8170FC5BC
F8161F59F4
F8152EEFFE
F8143E87DB
F8134E2189
F8125DBD09
F8116D5A5B
F8107CF97F
F80F8C9A75
F80E9C3D3C
F80DABE1D5
F80CBB8841
F80BCB307D
F80ADADA8C
F809EA866D
F808FA341F
F80809E3A2
F8071994F8
F80629481F
F80538FD17
F80448B3E2
F803586C7E
F8026826EB
F80177E32A
F80087A13A
F7FF97611C
F7FEA722D0
F7FDB6E655
F7FCC6ABAB
F7FBD672D3
F7FAE63BCC
F7F9F60696
F7F905D332
F7F815A19F
F7F72571DE
F7F63543EE
F7F54517CF
F7F454ED81
F7F364C505
F7F2749E59
F7F184797F
F7F0945676
F7EFA4353F
F7EEB415D8
F7EDC3F842
F7ECD3DC7E
F7EBE3C28B
F7EAF3AA68
F7EA039417
F7E9137F97
F7E8236CE7
F7E7335C09
F7E6434CFB
F7E5533FBF
F7E4633453
F7E3732AB9
F7E28322EF
F7E1931CF6
F7E0A318CD
F7DFB31676
F7DEC315EF
F7DDD31739
F7DCE31A54
F7DBF31F40
F7DB0325FC
F7DA132E89
F7D92338E6
F7D8334514
F7D7435313
F7D65362E3
F7D5637483
F7D47387F3
F7D3839D34
F7D293B446
F7D1A3CD28
F7D0B3E7DA
F7CFC4045D
F7CED422B0
F7CDE442D4
F7CCF464C8
F7CC04888D
F7CB14AE21
F7CA24D587
F7C934FEBC
F7C84529C2
F7C7555698
F7C665853E
F7C575B5B4
F7C485E7FB
F7C3961C12
F7C2A651F9
F7C1B689B0
F7C0C6C337
F7BFD6FE8F
F7BEE73BB6
F7BDF77AAD
F7BD07BB75
F7BC17FE0C
F7BB284274
F7BA3888AB
F7B948D0B3
F7B8591A8A
F7B7696631
F7B679B3A9
F7B58A02F0
F7B49A5406
F7B3AAA6ED
F7B2BAFBA4
F7B1CB522A
F7B0DBAA80
F7AFEC04A6
F7AEFC609B
F7AE0CBE61
F7AD1D1DF5
F7AC2D7F5A
F7AB3DE28E
F7AA4E4792
F7A95EAE66
F7A86F1709
F7A77F817B
F7A68FEDBD
F7A5A05BCF
F7A4B0CBB0
F7A3C13D61
F7A2D1B0E1
F7A1E22630
F7A0F29D4F
F7A003163E
F79F1390FB
F79E240D88
F79D348BE5
F79C450C10
F79B558E0B
F79A6611D6
F79976976F
F798871ED8
F79797A810
F796A83317
F795B8BFEE
F794C94E93
F793D9DF08
F792EA714B
F791FB055E
F7910B9B40
F7901C32F1
F78F2CCC71
F78E3D67C0
F78D4E04DE
F78C5EA3CB
F78B6F4487
F78A7FE712
F789908B6B
F788A13194
F787B1D98B
F786C28352
F785D32EE7
F784E3DC4B
F783F48B7D
F783053C7F
F78215EF4F
F78126A3EE
F780375A5C
F77F481298
F77E58CCA3
F77D69887D
F77C7A4625
F77B8B059C
F77A9BC6E1
F779AC89F5
F778BD4ED7
F777CE1588
F776DEDE08
F775EFA856
F775007472
F77411425D
F773221216
F77232E39E
F77143B6F4
F770548C19
F76F65630B
F76E763BCC
F76D87165C
F76C97F2B9
F76BA8D0E5
F76AB9B0DF
F769CA92A7
F768DB763E
F767EC5BA3
F766FD42D5
F7660E2BD6
F7651F16A5
F764300342
F76340F1AE
F76251E1E7
F76162D3EE
F76073C7C3
F75F84BD66
F75E95B4D8
F75DA6AE17
F75CB7A924
F75BC8A5FF
F75AD9A4A8
F759EAA51E
F758FBA763
F7580CAB75
F7571DB155
F7562EB903
F7553FC27F
F75450CDC9
F75361DAE0
F75272E9C5
F75183FA77
F750950CF7
F74FA62145
F74EB73761
F74DC84F4A
F74CD96900
F74BEA8484
F74AFBA1D6
F74A0CC0F5
F7491DE1E2
F7482F049C
F747402924
F746514F79
F74562779B
F74473A18B
F74384CD48
F74295FAD3
F741A72A2B
F740B85B50
F73FC98E43
F73EDAC303
F73DEBF990
F73CFD31EA
F73C0E6C11
F73B1FA806
F73A30E5C8
F739422557
F7385366B3
F73764A9DC
F73675EED3
F735873596
F734987E26
F733A9C884
F732BB14AE
F731CC62A6
F730DDB26A
F72FEF03FB
F72F00575A
F72E11AC85
F72D23037D
F72C345C42
F72B45B6D3
F72A571332
F72968715D
F72879D156
F7278B331A
F7269C96AC
F725ADFC0A
F724BF6336
F723D0CC2D
F722E236F2
F721F3A383
F7210511E0
F72016820B
F71F27F401
F71E3967C5
F71D4ADD55
F71C5C54B1
F71B6DCDDA
F71A7F48D0
F71990C591
F718A24420
F717B3C47A
F716C546A1
F715D6CA95
F714E85055
F713F9D7E1
F7130B6139
F7121CEC5E
F7112E794F
F71040080D
F70F519896
F70E632AEC
F70D74BF0E
F70C8654FC
F70B97ECB6
F70AA9863C
F709BB218F
F708CCBEAD
F707DE5D98
F706EFFE4F
F70601A0D1
F705134520
F70424EB3B
F703369322
F702483CD4
F70159E853
F7006B959D
F6FF7D44B4
F6FE8EF596
F6FDA0A844
F6FCB25CBE
F6FBC41303
F6FAD5CB15
F6F9E784F2
F6F8F9409B
F6F80AFE10
F6F71CBD50
F6F62E7E5C
F6F5404134
F6F45205D7
F6F363CC46
F6F2759481
F6F1875E87
F6F0992A59
F6EFAAF7F6
F6EEBCC75F
F6EDCE9893
F6ECE06B93
F6EBF2405E
F6EB0416F5
F6EA15EF57
F6E927C984
F6E839A57D
F6E74B8341
F6E65D62D1
F6E56F442C
F6E4812752
F6E3930C44
F6E2A4F300
F6E1B6DB88
F6E0C8C5DB
F6DFDAB1FA
F6DEEC9FE3
F6DDFE8F98
F6DD108118
F6DC227463
F6DB346979
F6DA46605A
F6D9585906
F6D86A537D
F6D77C4FBF
F6D68E4DCD
F6D5A04DA5
F6D4B24F48
F6D3C452B6
F6D2D657EF
F6D1E85EF3
F6D0FA67C2
F6D00C725B
F6CF1E7EBF
F6CE308CEF
F6CD429CE9
F6CC54AEAE
F6CB66C23D
F6CA78D797
F6C98AEEBC
F6C89D07AC
F6C7AF2266
F6C6C13EEB
F6C5D35D3B
F6C4E57D55
F6C3F79F3A
F6C309C2E9
F6C21BE863
F6C12E0FA8
F6C04038B7
F6BF526390
F6BE649034
F6BD76BEA2
F6BC88EEDB
F6BB9B20DE
F6BAAD54AC
F6B9BF8A44
F6B8D1C1A6
F6B7E3FAD3
F6B6F635C9
F6B608728B
F6B51AB116
F6B42CF16C
F6B33F338C
F6B2517776
F6B163BD2A
F6B07604A9
F6AF884DF1
F6AE9A9904
F6ADACE5E1
F6ACBF3488
F6ABD184F9
F6AAE3D734
F6A9F62B39
F6A9088108
F6A81AD8A1
F6A72D3204
F6A63F8D31
F6A551EA28
F6A46448E8
F6A376A973
F6A2890BC8
F6A19B6FE6
F6A0ADD5CE
F69FC03D80
F69ED2A6FC
F69DE51241
F69CF77F51
F69C09EE29
F69B1C5ECC
F69A2ED138
F69941456E
F69853BB6E
F697663337
F69678ACCA
F6958B2827
F6949DA54D
F693B0243C
F692C2A4F5
F691D52778
F690E7ABC4
F68FFA31D9
F68F0CB9B8
F68E1F4360
F68D31CED2
F68C445C0D
F68B56EB12
F68A697BDF
F6897C0E76
F6888EA2D7
F687A13900
F686B3D0F3
F685C66AB0
F684D90635
F683EBA383
F682FE429B
F68210E37C
F681238626
F680362A99
F67F48D0D5
F67E5B78DB
F67D6E22A9
F67C80CE41
F67B937BA1
F67AA62ACA
F679B8DBBD
F678CB8E78
F677DE42FC
F676F0F949
F67603B160
F675166B3E
F6742926E6
F6733BE457
F6724EA390
F671616492
F67074275D
F66F86EBF1
F66E99B24E
F66DAC7A73
F66CBF4461
F66BD21017
F66AE4DD96
F669F7ACDE
F6690A7DEF
F6681D50C8
F667302569
F66642FBD4
F66555D406
F66468AE01
F6637B89C5
F6628E6751
F661A146A6
F660B427C3
F65FC70AA8
F65ED9EF56
F65DECD5CC
F65CFFBE0B
F65C12A812
F65B2593E1
F65A388178
F6594B70D8
F6585E6200
F6577154F0
F6568449A9
F655974029
F654AA3872
F653BD3283
F652D02E5C
F651E32BFD
F650F62B67
F650092C98
F64F1C2F91
F64E2F3453
F64D423ADC
F64C55432D
F64B684D47
F64A7B5928
F6498E66D1
F648A17642
F647B4877B
F646C79A7C
F645DAAF45
F644EDC5D6
F64400DE2E
F64313F84E
F642271436
F6413A31E6
F6404D515D
F63F60729C
F63E7395A3
F63D86BA71
F63C99E108
F63BAD0965
F63AC0338B
F639D35F78
F638E68D2C
F637F9BCA8
F6370CEDEC
F6362020F7
F6353355C9
F634468C63
F63359C4C5
F6326CFEEE
F631803ADE
F630937896
F62FA6B815
F62EB9F95B
F62DCD3C69
F62CE0813E
F62BF3C7DA
F62B07103E
F62A1A5A68
F6292DA65A
F62840F414
F627544394
F6266794DC
F6257AE7EA
F6248E3CC0
F623A1935D
F622B4EBC1
F621C845EC
F620DBA1DF
F61FEEFF98
F61F025F18
F61E15C05F
F61D29236D
F61C3C8842
F61B4FEEDE
F61A635741
F61976C16B
F6188A2D5C
F6179D9B13
F616B10A92
F615C47BD7
F614D7EEE3
F613EB63B5
F612FEDA4F
F6121252AF
F61125CCD6
F6103948C3
F60F4CC678
F60E6045F2
F60D73C734
F60C874A3C
F60B9ACF0B
F60AAE55A0
F609C1DDFC
F608D5681E
F607E8F407
F606FC81B6
F60610112C
F60523A268
F60437356B
F6034ACA34
F6025E60C3
F60171F919
F600859335
F5FF992F17
F5FEACCCC0
F5FDC06C2F
F5FCD40D64
F5FBE7B060
F5FAFB5522
F5FA0EFBAA
F5F922A3F8
F5F8364E0C
F5F749F9E7
F5F65DA787
F5F57156EE
F5F485081B
F5F398BB0E
F5F2AC6FC6
F5F1C02645
F5F0D3DE8A
F5EFE79895
F5EEFB5466
F5EE0F11FD
F5ED22D15A
F5EC36927C
F5EB4A5565
F5EA5E1A13
F5E971E087
F5E885A8C1
F5E79972C1
F5E6AD3E87
F5E5C10C12
F5E4D4DB64
F5E3E8AC7A
F5E2FC7F57
F5E21053F9
F5E1242A61
F5E038028F
F5DF4BDC82
F5DE5FB83B
F5DD7395B9
F5DC8774FD
F5DB9B5607
F5DAAF38D6
F5D9C31D6A
F5D8D703C5
F5D7EAEBE4
F5D6FED5C9
F5D612C173
F5D526AEE3
F5D43A9E18
F5D34E8F13
F5D26281D3
F5D1767658
F5D08A6CA2
F5CF9E64B2
F5CEB25E87
F5CDC65A22
F5CCDA5781
F5CBEE56A6
F5CB025790
F5CA165A3F
F5C92A5EB3
F5C83E64ED
F5C7526CEB
F5C66676AF
F5C57A8237
F5C48E8F85
F5C3A29E98
F5C2B6AF70
F5C1CAC20C
F5C0DED66E
F5BFF2EC95
F5BF070480
F5BE1B1E31
F5BD2F39A6
F5BC4356E0
F5BB5775DF
F5BA6B96A3
F5B97FB92C
F5B893DD79
F5B7A8038C
F5B6BC2B63
F5B5D054FF
F5B4E4805F
F5B3F8AD84
F5B30CDC6E
F5B2210D1C
F5B1353F90
F5B04973C7
F5AF5DA9C4
F5AE71E184
F5AD861B0A
F5AC9A5654
F5ABAE9362
F5AAC2D235
F5A9D712CD
F5A8EB5529
F5A7FF9949
F5A713DF2E
F5A62826D7
F5A53C7044
F5A450BB76
F5A365086C
F5A2795727
F5A18DA7A5
F5A0A1F9E8
F59FB64DF0
F59ECAA3BB
F59DDEFB4B
F59CF3549F
F59C07AFB7
F59B1C0C93
F59A306B34
F59944CB98
F598592DC1
F5976D91AE
F59681F75E
F595965ED3
F594AAC80C
F593BF3309
F592D39FC9
F591E80E4E
F590FC7E97
F59010F0A3
F58F256474
F58E39DA08
F58D4E5160
F58C62CA7C
F58B77455C
F58A8BC200
F589A04067
F588B4C092
F587C94281
F586DDC634
F585F24BAA
F58506D2E4
F5841B5BE2
F5832FE6A3
F582447328
F581590170
F5806D917C
F57F82234C
F57E96B6DF
F57DAB4C36
F57CBFE350
F57BD47C2E
F57AE916CF
F579FDB333
F57912515B
F57826F147
F5773B92F5
F576503668
F57564DB9D
F574798296
F5738E2B52
F572A2D5D1
F571B78214
F570CC301A
F56FE0DFE3
F56EF5916F
F56E0A44BE
F56D1EF9D1
F56C33B0A7
F56B486940
F56A5D239C
F56971DFBB
F568869D9D
F5679B5D42
F566B01EAA
F565C4E1D6
F564D9A6C4
F563EE6D75
F5630335E9
F562180020
F5612CCC1A
F5604199D7
F55F566956
F55E6B3A99
F55D800D9E
F55C94E266
F55BA9B8F1
F55ABE913F
F559D36B4F
F558E84723
F557FD24B9
F557120411
F55626E52C
F5553BC80A
F55450ACAB
F55365930E
F5527A7B34
F5518F651C
F550A450C7
F54FB93E34
F54ECE2D64
F54DE31E56
F54CF8110B
F54C0D0582
F54B21FBBC
F54A36F3B8
F5494BED77
F54860E8F7
F54775E63B
F5468AE540
F5459FE608
F544B4E892
F543C9ECDF
F542DEF2ED
F541F3FABE
F541090451
F5401E0FA7
F53F331CBE
F53E482B98
F53D5D3C34
F53C724E91
F53B8762B1
F53A9C7893
F539B19038
F538C6A99E
F537DBC4C6
F536F0E1B0
F53606005C
F5351B20CA
F5343042FA
F5334566EC
F5325A8CA0
F5316FB416
F53084DD4D
F52F9A0847
F52EAF3502
F52DC4637F
F52CD993BE
F52BEEC5BE
F52B03F981
F52A192F05
F5292E664A
F528439F52
F52758DA1B
F5266E16A6
F5258354F2
F524989500
F523ADD6CF
F522C31A60
F521D85FB3
F520EDA6C7
F52002EF9D
F51F183A34
F51E2D868C
F51D42D4A6
F51C582482
F51B6D761F
F51A82C97D
F519981E9D
F518AD757E
F517C2CE20
F516D82883
F515ED84A8
F51502E28E
F514184236
F5132DA39E
F5124306C8
F511586BB3
F5106DD25F
F50F833ACD
F50E98A4FB
F50DAE10EB
F50CC37E9B
F50BD8EE0D
F50AEE5F40
F50A03D233
F5091946E8
F5082EBD5E
F507443595
F50659AF8D
F5056F2B45
F50484A8BF
F5039A27F9
F502AFA8F4
F501C52BB1
F500DAB02E
F4FFF0366B
F4FF05BE6A
F4FE1B4829
F4FD30D3AA
F4FC4660EB
F4FB5BEFEC
F4FA7180AE
F4F9871331
F4F89CA775
F4F7B23D79
F4F6C7D53E
F4F5DD6EC4
F4F4F30A0A
F4F408A710
F4F31E45D7
F4F233E65F
F4F14988A7
F4F05F2CB0
F4EF74D279
F4EE8A7A02
F4EDA0234C
F4ECB5CE57
F4EBCB7B22
F4EAE129AD
F4E9F6D9F8
F4E90C8C04
F4E8223FD0
F4E737F55C
F4E64DACA9
F4E56365B6
F4E4792083
F4E38EDD10
F4E2A49B5E
F4E1BA5B6B
F4E0D01D39
F4DFE5E0C7
F4DEFBA615
F4DE116D23
F4DD2735F1
F4DC3D0080
F4DB52CCCE
F4DA689ADC
F4D97E6AAA
F4D8943C39
F4D7AA0F87
F4D6BFE495
F4D5D5BB63
F4D4EB93F1
F4D4016E3E
F4D3174A4C
F4D22D281A
F4D14307A7
F4D058E8F4
F4CF6ECC01
F4CE84B0CD
F4CD9A975A
F4CCB07FA6
F4CBC669B1
F4CADC557D
F4C9F24308
F4C9083253
F4C81E235D
F4C7341627
F4C64A0AB0
F4C56000F9
F4C475F902
F4C38BF2CA
F4C2A1EE52
F4C1B7EB99
F4C0CDEA9F
F4BFE3EB65
F4BEF9EDEB
F4BE0FF22F
F4BD25F834
F4BC3BFFF7
F4BB52097A
F4BA6814BC
F4B97E21BE
F4B894307F
F4B7AA40FF
F4B6C0533E
F4B5D6673C
F4B4EC7CFA
F4B4029477
F4B318ADB3
F4B22EC8AE
F4B144E569
F4B05B03E2
F4AF71241B
F4AE874612
F4AD9D69C9
F4ACB38F3F
F4ABC9B673
F4AADFDF67
F4A9F60A1A
F4A90C368B
F4A82264BC
F4A73894AB
F4A64EC65A
F4A564F9C7
F4A47B2EF3
F4A39165DE
F4A2A79E88
F4A1BDD8F0
F4A0D41518
F49FEA52FE
F49F0092A2
F49E16D406
F49D2D1728
F49C435C09
F49B59A2A9
F49A6FEB07
F499863524
F4989C80FF
F497B2CE99
F496C91DF1
F495DF6F09
F494F5C1DE
F4940C1672
F493226CC5
F49238C4D6
F4914F1EA5
F490657A33
F48F7BD780
F48E92368A
F48DA89753
F48CBEF9DB
F48BD55E20
F48AEBC424
F48A022BE7
F489189567
F4882F00A6
F487456DA3
F4865BDC5F
F485724CD8
F48488BF10
F4839F3305
F482B5A8B9
F481CC202B
F480E2995C
F47FF9144A
F47F0F90F6
F47E260F60
F47D3C8F89
F47C53116F
F47B699513
F47A801A75
F47996A195
F478AD2A73
F477C3B50F
F476DA4169
F475F0CF81
F475075F57
F4741DF0EA
F47334843B
F4724B194A
F47161B017
F4707848A1
F46F8EE2E9
F46EA57EEF
F46DBC1CB3
F46CD2BC34
F46BE95D73
F46B00006F
F46A16A529
F4692D4BA1
F46843F3D6
F4675A9DC9
F466714979
F46587F6E7
F4649EA612
F463B556FB
F462CC09A1
F461E2BE05
F460F97426
F460102C04
F45F26E5A0
F45E3DA0F9
F45D545E10
F45C6B1CE4
F45B81DD75
F45A989FC3
F459AF63CF
F458C62998
F457DCF11E
F456F3BA61
F4560A8561
F45521521F
F45438209A
F4534EF0D2
F45265C2C6
F4517C9679
F450936BE8
F44FAA4314
F44EC11BFD
F44DD7F6A3
F44CEED306
F44C05B126
F44B1C9103
F44A33729D
F4494A55F4
F448613B08
F4477821D9
F4468F0A66
F445A5F4B0
F444BCE0B7
F443D3CE7B
F442EABDFC
F44201AF39
F44118A233
F4402F96EA
F43F468D5E
F43E5D858E
F43D747F7B
F43C8B7B24
F43BA2788A
F43AB977AD
F439D0788C
F438E77B28
F437FE7F81
F437158595
F4362C8D67
F4354396F5
F4345AA23F
F43371AF46
F43288BE09
F4319FCE88
F430B6E0C4
F42FCDF4BD
F42EE50A71
F42DFC21E2
F42D133B10
F42C2A55F9
F42B41729F
F42A589101
F4296FB11F
F42886D2FA
F4279DF690
F426B51BE3
F425CC42F2
F424E36BBD
F423FA9644
F42311C288
F42228F087
F421402043
F4205751BA
F41F6E84ED
F41E85B9DD
F41D9CF088
F41CB428F0
F41BCB6313
F41AE29EF2
F419F9DC8D
F419111BE4
F418285CF7
F4173F9FC6
F41656E450
F4156E2A97
F414857299
F4139CBC57
F412B407D0
F411CB5506
F410E2A3F7
F40FF9F4A3
F40F11470C
F40E289B30
F40D3FF10F
F40C5748AB
F40B6EA201
F40A85FD14
F4099D59E2
F408B4B86B
F407CC18B0
F406E37AB0
F405FADE6C
F4051243E4
F40429AB17
F403411405
F402587EAE
F4016FEB13
F400875934
F3FF9EC90F
F3FEB63AA6
F3FDCDADF9
F3FCE52306
F3FBFC99CF
F3FB141253
F3FA2B8C92
F3F943088D
F3F85A8642
F3F77205B3
F3F68986DF
F3F5A109C6
F3F4B88E68
F3F3D014C5
F3F2E79CDE
F3F1FF26B1
F3F116B23F
F3F02E3F89
F3EF45CE8D
F3EE5D5F4C
F3ED74F1C7
F3EC8C85FC
F3EBA41BEC
F3EABBB397
F3E9D34CFD
F3E8EAE81D
F3E80284F9
F3E71A238F
F3E631C3E1
F3E54965EC
F3E46109B3
F3E378AF35
F3E2905671
F3E1A7FF67
F3E0BFAA19
F3DFD75685
F3DEEF04AC
F3DE06B48D
F3DD1E6629
F3DC361980
F3DB4DCE91
F3DA65855D
F3D97D3DE3
F3D894F824
F3D7ACB41F
F3D6C471D5
F3D5DC3145
F3D4F3F26F
F3D40BB554
F3D32379F3
F3D23B404D
F3D1530861
F3D06AD230
F3CF829DB8
F3CE9A6AFB
F3CDB239F8
F3CCCA0AB0
F3CBE1DD22
F3CAF9B14E
F3CA118734
F3C9295ED4
F3C841382E
F3C7591343
F3C670F012
F3C588CE9B
F3C4A0AEDE
F3C3B890DA
F3C2D07491
F3C1E85A02
F3C100412D
F3C0182A12
F3BF3014B1
F3BE48010A
F3BD5FEF1D
F3BC77DEEA
F3BB8FD071
F3BAA7C3B1
F3B9BFB8AB
F3B8D7AF60
F3B7EFA7CD
F3B707A1F5
F3B61F9DD7
F3B5379B72
F3B44F9AC7
F3B3679BD6
F3B27F9E9E
F3B197A320
F3B0AFA95C
F3AFC7B151
F3AEDFBB00
F3ADF7C669
F3AD0FD38B
F3AC27E267
F3AB3FF2FC
F3AA58054B
F3A9701953
F3A8882F15
F3A7A04690
F3A6B85FC5
F3A5D07AB3
F3A4E8975B
F3A400B5BC
F3A318D5D6
F3A230F7A9
F3A1491B36
F3A061407D
F39F79677C
F39E919035
F39DA9BAA7
F39CC1E6D2
F39BDA14B7
F39AF24455
F39A0A75AB
F39922A8BB
F3983ADD85
F397531407
F3966B4C42
F395838637
F3949BC1E4
F393B3FF4B
F392CC3E6A
F391E47F43
F390FCC1D5
F39015061F
F38F2D4C23
F38E4593DF
F38D5DDD54
F38C762882
F38B8E7569
F38AA6C409
F389BF1462
F388D76674
F387EFBA3E
F387080FC1
F3862066FD
F38538BFF1
F384511A9F
F383697705
F38281D523
F3819A34FB
F380B2968B
F37FCAF9D3
F37EE35ED4
F37DFBC58E
F37D142E00
F37C2C982B
F37B45040F
F37A5D71AA
F37975E0FF
F3788E520C
F377A6C4D1
F376BF394F
F375D7AF85
F374F02773
F37408A11A
F373211C79
F372399991
F371521861
F3706A98E9
F36F831B29
F36E9B9F22
F36DB424D3
F36CCCAC3C
F36BE5355D
F36AFDC036
F36A164CC8
F3692EDB12
F368476B14
F3675FFCCE
F366789040
F36591256A
F364A9BC4C
F363C254E6
F362DAEF39
F361F38B43
F3610C2905
F36024C87F
F35F3D69B1
F35E560C9B
F35D6EB13D
F35C875796
F35B9FFFA8
F35AB8A971
F359D154F2
F358EA022B
F35802B11C
F3571B61C5
F356341425
F3554CC83D
F354657E0D
F3537E3594
F35296EED3
F351AFA9CA
F350C86678
F34FE124DE
F34EF9E4FB
F34E12A6D0
F34D2B6A5D
F34C442FA1
F34B5CF69C
F34A75BF4F
F3498E89BA
F348A755DC
F347C023B5
F346D8F346
F345F1C48E
F3450A978E
F344236C45
F3433C42B3
F342551AD9
F3416DF4B6
F34086D04A
F33F9FAD95
F33EB88C98
F33DD16D52
F33CEA4FC3
F33C0333EB
F33B1C19CB
F33A350161
F3394DEAAF
F33866D5B4
F3377FC270
F33698B0E3
F335B1A10D
F334CA92EE
F333E38686
F332FC7BD5
F3321572DB
F3312E6B98
F33047660B
F32F606236
F32E796018
F32D925FB1
F32CAB6100
F32BC46406
F32ADD68C3
F329F66F37
F3290F7762
F328288143
F327418CDC
F3265A9A2A
F32573A930
F3248CB9EC
F323A5CC5F
F322BEE089
F321D7F669
F320F10E00
F3200A274D
F31F234251
F31E3C5F0C
F31D557D7D
F31C6E9DA5
F31B87BF83
F31AA0E317
F319BA0862
F318D32F64
F317EC581C
F31705828A
F3161EAEAE
F31537DC8A
F314510C1B
F3136A3D63
F312837061
F3119CA515
F310B5DB7F
F30FCF13A0
F30EE84D77
F30E018904
F30D1AC648
F30C340541
F30B4D45F1
F30A668857
F3097FCC73
F308991245
F307B259CD
F306CBA30B
F305E4EE00
F304FE3AAA
F30417890A
F30330D920
F3024A2AED
F301637E6F
F3007CD3A7
F2FF962A95
F2FEAF8339
F2FDC8DD92
F2FCE239A2
F2FBFB9767
F2FB14F6E3
F2FA2E5814
F2F947BAFA
F2F8611F97
F2F77A85E9
F2F693EDF1
F2F5AD57AF
F2F4C6C322
F2F3E0304B
F2F2F99F2A
F2F2130FBE
F2F12C8208
F2F045F607
F2EF5F6BBC
F2EE78E327
F2ED925C47
F2ECABD71C
F2EBC553A7
F2EADED1E8
F2E9F851DE
F2E911D389
F2E82B56EA
F2E744DC00
F2E65E62CC
F2E577EB4D
F2E4917583
F2E3AB016F
F2E2C48F0F
F2E1DE1E66
F2E0F7AF71
F2E0114232
F2DF2AD6A8
F2DE446CD3
F2DD5E04B3
F2DC779E48
F2DB913993
F2DAAAD692
F2D9C47547
F2D8DE15B1
F2D7F7B7D0
F2D7115BA4
F2D62B012D
F2D544A86B
F2D45E515E
F2D377FC06
F2D291A863
F2D1AB5675
F2D0C5063C
F2CFDEB7B7
F2CEF86AE8
F2CE121FCD
F2CD2BD668
F2CC458EB7
F2CB5F48BB
F2CA790473
F2C992C1E1
F2C8AC8103
F2C7C641DA
F2C6E00465
F2C5F9C8A6
F2C5138E9B
F2C42D5644
F2C3471FA3
F2C260EAB6
F2C17AB77D
F2C09485F9
F2BFAE562A
F2BEC8280F
F2BDE1FBA8
F2BCFBD0F7
F2BC15A7F9
F2BB2F80B0
F2BA495B1C
F2B963373C
F2B87D1510
F2B796F499
F2B6B0D5D6
F2B5CAB8C8
F2B4E49D6D
F2B3FE83C7
F2B3186BD6
F2B2325599
F2B14C410F
F2B0662E3B
F2AF801D1A
F2AE9A0DAE
F2ADB3FFF5
F2ACCDF3F1
F2ABE7E9A1
F2AB01E105
F2AA1BDA1E
F2A935D4EA
F2A84FD16A
F2A769CF9F
F2A683CF87
F2A59DD124
F2A4B7D474
F2A3D1D979
F2A2EBE031
F2A205E89D
F2A11FF2BE
F2A039FE92
F29F540C1A
F29E6E1B56
F29D882C45
F29CA23EE9
F29BBC5340
F29AD6694B
F299F0810A
F2990A9A7D
F29824B5A3
F2973ED27D
F29658F10B
F29573114C
F2948D3341
F293A756EA
F292C17C46
F291DBA356
F290F5CC19
F2900FF690
F28F2A22BB
F28E445099
F28D5E802A
F28C78B16F
F28B92E468
F28AAD1914
F289C74F73
F288E18786
F287FBC14C
F28715FCC5
F2863039F2
F2854A78D2
F28464B966
F2837EFBAD
F282993FA7
F281B38554
F280CDCCB4
F27FE815C8
F27F02608F
F27E1CAD09
F27D36FB36
F27C514B17
F27B6B9CAA
F27A85EFF1
F279A044EA
F278BA9B97
F277D4F3F7
F276EF4E0A
F27609A9D0
F275240748
F2743E6674
F27358C753
F2727329E4
F2718D8E29
F270A7F420
F26FC25BCB
F26EDCC528
F26DF73038
F26D119CFB
F26C2C0B70
F26B467B99
F26A60ED74
F2697B6102
F26895D643
F267B04D36
F266CAC5DC
F265E54035
F264FFBC40
F2641A39FE
F26334B96E
F2624F3A92
F26169BD67
F2608441F0
F25F9EC82A
F25EB95018
F25DD3D9B8
F25CEE650A
F25C08F20F
F25B2380C6
F25A3E1130
F25958A34C
F25873371A
F2578DCC9B
F256A863CE
F255C2FCB3
F254DD974B
F253F83395
F25312D192
F2522D7140
F2514812A1
F25062B5B4
F24F7D5A79
F24E9800F1
F24DB2A91A
F24CCD52F6
F24BE7FE84
F24B02ABC4
F24A1D5AB6
F249380B5A
F24852BDB0
F2476D71B8
F246882772
F245A2DEDE
F244BD97FC
F243D852CD
F242F30F4F
F2420DCD82
F241288D68
F240434F00
F23F5E1249
F23E78D745
F23D939DF2
F23CAE6651
F23BC93062
F23AE3FC24
F239FEC999
F2391998BF
F238346996
F2374F3C20
F2366A105B
F23584E648
F2349FBDE6
F233BA9736
F232D57238
F231F04EEB
F2310B2D4F
F230260D66
F22F40EF2D
F22E5BD2A7
F22D76B7D1
F22C919EAE
F22BAC873B
F22AC7717A
F229E25D6B
F228FD4B0D
F228183A60
F227332B64
F2264E1E1A
F225691282
F22484089A
F2239F0064
F222B9F9DF
F221D4F50B
F220EFF1E9
F2200AF077
F21F25F0B7
F21E40F2A8
F21D5BF64B
F21C76FB9E
F21B9202A2
F21AAD0B58
F219C815BF
F218E321D6
F217FE2F9F
F217193F19
F216345043
F2154F631F
F2146A77AB
F213858DE9
F212A0A5D7
F211BBBF77
F210D6DAC7
F20FF1F7C8
F20F0D167A
F20E2836DD
F20D4358F1
F20C5E7CB5
F20B79A22A
F20A94C950
F209AFF227
F208CB1CAE
F207E648E6
F2070176CF
F2061CA668
F20537D7B2
F204530AAD
F2036E3F58
F2028975B4
F201A4ADC0
F200BFE77D
F1FFDB22EA
F1FEF66008
F1FE119ED7
F1FD2CDF56
F1FC482185
F1FB636565
F1FA7EAAF5
F1F999F236
F1F8B53B27
F1F7D085C8
F1F6EBD21A
F1F607201C
F1F5226FCE
F1F43DC130
F1F3591443
F1F2746906
F1F18FBF7A
F1F0AB179D
F1EFC67171
F1EEE1CCF5
F1EDFD2A29
F1ED18890D
F1EC33E9A1
F1EB4F4BE6
F1EA6AAFDA
F1E986157E
F1E8A17CD3
F1E7BCE5D8
F1E6D8508C
F1E5F3BCF1
F1E50F2B05
F1E42A9ACA
F1E3460C3E
F1E2617F62
F1E17CF437
F1E0986ABB
F1DFB3E2EE
F1DECF5CD2
F1DDEAD866
F1DD0655A9
F1DC21D49C
F1DB3D553F
F1DA58D792
F1D9745B94
F1D88FE146
F1D7AB68A8
F1D6C6F1B9
F1D5E27C7A
F1D4FE08EB
F1D419970B
F1D33526DB
F1D250B85B
F1D16C4B8A
F1D087E068
F1CFA376F6
F1CEBF0F34
F1CDDAA921
F1CCF644BD
F1CC11E209
F1CB2D8105
F1CA4921AF
F1C964C40A
F1C8806813
F1C79C0DCC
F1C6B7B534
F1C5D35E4C
F1C4EF0913
F1C40AB589
F1C32663AE
F1C2421383
F1C15DC506
F1C0797839
F1BF952D1B
F1BEB0E3AD
F1BDCC9BED
F1BCE855DD
F1BC04117C
F1BB1FCEC9
F1BA3B8DC6
F1B9574E72
F1B87310CD
F1B78ED4D7
F1B6AA9A90
F1B5C661F8
F1B4E22B0F
F1B3FDF5D5
F1B319C249
F1B235906D
F1B1516040
F1B06D31C1
F1AF8904F1
F1AEA4D9D0
F1ADC0B05E
F1ACDC889B
F1ABF86286
F1AB143E20
F1AA301B69
F1A94BFA61
F1A867DB07
F1A783BD5C
F1A69FA160
F1A5BB8712
F1A4D76E73
F1A3F35783
F1A30F4241
F1A22B2EAE
F1A1471CC9
F1A0630C93
F19F7EFE0B
F19E9AF132
F19DB6E607
F19CD2DC8B
F19BEED4BD
F19B0ACE9D
F19A26CA2C
F19942C76A
F1985EC655
F1977AC6EF
F19696C938
F195B2CD2E
F194CED2D3
F193EADA27
F19306E328
F19222EDD8
F1913EFA36
F1905B0842
F18F7717FC
F18E932964
F18DAF3C7B
F18CCB5140
F18BE767B3
F18B037FD3
F18A1F99A2
F1893BB51F
F18857D24A
F18773F123
F1869011AA
F185AC33DF
F184C857C2
F183E47D53
F18300A492
F1821CCD7F
F18138F819
F180552462
F17F715258
F17E8D81FC
F17DA9B34E
F17CC5E64E
F17BE21AFB
F17AFE5156
F17A1A895F
F17936C316
F17852FE7A
F1776F3B8C
F1768B7A4C
F175A7BAB9
F174C3FCD4
F173E0409D
F172FC8613
F17218CD37
F171351608
F170516087
F16F6DACB3
F16E89FA8D
F16DA64A14
F16CC29B49
F16BDEEE2B
F16AFB42BA
F16A1798F7
F16933F0E1
F168504A79
F1676CA5BE
F1668902B0
F165A56150
F164C1C19D
F163DE2397
F162FA873E
F16216EC93
F161335395
F1604FBC44
F15F6C26A0
F15E8892AA
F15DA50060
F15CC16FC4
F15BDDE0D4
F15AFA5392
F15A16C7FD
F159333E15
F1584FB5DA
F1576C2F4C
F15688AA6B
F155A52737
F154C1A5B0
F153DE25D5
F152FAA7A8
F152172B28
F15133B054
F15050372E
F14F6CBFB4
F14E8949E7
F14DA5D5C7
F14CC26353
F14BDEF28D
F14AFB8373
F14A181606
F14934AA45
F148514031
F1476DD7CA
F1468A7110
F145A70C02
F144C3A8A1
F143E046EC
F142FCE6E4
F142198889
F141362BDA
F14052D0D8
F13F6F7782
F13E8C1FD9
F13DA8C9DC
F13CC5758B
F13BE222E7
F13AFED1F0
F13A1B82A5
F139383506
F13854E913
F137719ECD
F1368E5633
F135AB0F46
F134C7CA05
F133E48670
F133014487
F1321E044B
F1313AC5BB
F1305788D7
F12F744D9F
F12E911413
F12DADDC33
F12CCAA600
F12BE77179
F12B043E9D
F12A210D6E
F1293DDDEB
F1285AB014
F1277783E9
F12694596A
F125B13097
F124CE096F
F123EAE3F4
F12307C025
F122249E01
F121417D8A
F1205E5EBE
F11F7B419E
F11E98262A
F11DB50C62
F11CD1F446
F11BEEDDD5
F11B0BC910
F11A28B5F7
F11945A489
F1186294C7
F1177F86B1
F1169C7A47
F115B96F88
F114D66675
F113F35F0D
F113105951
F1122D5541
F1114A52DC
F110675223
F10F845315
F10EA155B3
F10DBE59FC
F10CDB5FF0
F10BF86790
F10B1570DC
F10A327BD3
F1094F8875
F1086C96C2
F10789A6BB
F106A6B860
F105C3CBAF
F104E0E0AA
F103FDF750
F1031B0FA2
F10238299E
F101554546
F100726299
F0FF8F8197
F0FEACA241
F0FDC9C495
F0FCE6E895
F0FC040E40
F0FB213596
F0FA3E5E96
F0F95B8942
F0F878B599
F0F795E39B
F0F6B31348
F0F5D044A0
F0F4ED77A3
F0F40AAC51
F0F327E2AA
F0F2451AAE
F0F162545C
F0F07F8FB6
F0EF9CCCBA
F0EEBA0B69
F0EDD74BC3
F0ECF48DC8
F0EC11D177
F0EB2F16D2
F0EA4C5DD7
F0E969A686
F0E886F0E1
F0E7A43CE6
F0E6C18A96
F0E5DED9F0
F0E4FC2AF5
F0E4197DA5
F0E336D1FF
F0E2542804
F0E1717FB3
F0E08ED90D
F0DFAC3412
F0DEC990C1
F0DDE6EF1A
F0DD044F1E
F0DC21B0CC
F0DB3F1425
F0DA5C7928
F0D979DFD6
F0D897482E
F0D7B4B230
F0D6D21DDD
F0D5EF8B34
F0D50CFA35
F0D42A6AE0
F0D347DD36
F0D2655136
F0D182C6E0
F0D0A03E35
F0CFBDB733
F0CEDB31DC
F0CDF8AE2F
F0CD162C2C
F0CC33ABD3
F0CB512D25
F0CA6EB020
F0C98C34C5
F0C8A9BB15
F0C7C7430E
F0C6E4CCB2
F0C60257FF
F0C51FE4F7
F0C43D7398
F0C35B03E3
F0C27895D8
F0C1962978
F0C0B3BEC1
F0BFD155B3
F0BEEEEE50
F0BE0C8897
F0BD2A2487
F0BC47C221
F0BB656165
F0BA830253
F0B9A0A4EA
F0B8BE492B
F0B7DBEF16
F0B6F996AA
F0B6173FE8
F0B534EAD0
F0B4529761
F0B370459C
F0B28DF581
F0B1ABA70F
F0B0C95A46
F0AFE70F27
F0AF04C5B2
F0AE227DE6
F0AD4037C4
F0AC5DF34B
F0AB7BB07B
F0AA996F55
F0A9B72FD9
F0A8D4F205
F0A7F2B5DB
F0A7107B5B
F0A62E4283
F0A54C0B56
F0A469D5D1
F0A387A1F5
F0A2A56FC3
F0A1C33F3A
F0A0E1105B
F09FFEE324
F09F1CB797
F09E3A8DB3
F09D586578
F09C763EE6
F09B9419FD
F09AB1F6BD
F099CFD527
F098EDB539
F0980B96F5
F097297A59
F096475F66
F09565461D
F094832E7C
F093A11885
F092BF0436
F091DCF190
F090FAE093
F09018D13F
F08F36C394
F08E54B792
F08D72AD38
F08C90A487
F08BAE9D7F
F08ACC9820
F089EA9469
F08908925C
F0882691F7
F08744933A
F086629626
F085809ABB
F0849EA0F9
F083BCA8DF
F082DAB26E
F081F8BDA5
F08116CA85
F08034D90E
F07F52E93F
F07E70FB18
F07D8F0E9A
F07CAD23C4
F07BCB3A97
F07AE95313
F07A076D36
F079258902
F07843A677
F07761C594
F0767FE659
F0759E08C6
F074BC2CDC
F073DA529A
F072F87A01
F07216A30F
F07134CDC6
F07052FA25
F06F71282C
F06E8F57DC
F06DAD8933
F06CCBBC33
F06BE9F0DB
F06B08272B
F06A265F23
F0694498C3
F06862D40B
F0678110FB
F0669F4F93
F065BD8FD3
F064DBD1BB
F063FA154B
F063185A83
F06236A163
F06154E9EB
F06073341B
F05F917FF3
F05EAFCD72
F05DCE1C99
F05CEC6D68
F05C0ABFDF
F05B2913FE
F05A4769C4
F05965C132
F058841A48
F057A27506
F056C0D16B
F055DF2F78
F054FD8F2C
F0541BF089
F0533A538C
F05258B838
F051771E8B
F050958685
F04FB3F027
F04ED25B71
F04DF0C862
F04D0F36FA
F04C2DA73A
F04B4C1922
F04A6A8CB1
F0498901E7
F048A778C5
F047C5F14A
F046E46B76
F04602E74A
F0452164C5
F0443FE3E7
F0435E64B1
F0427CE722
F0419B6B3A
F040B9F0F9
F03FD87860
F03EF7016E
F03E158C23
F03D34187F
F03C52A682
F03B71362C
F03A8FC77E
F039AE5A76
F038CCEF16
F037EB855D
F0370A1D4A
F03628B6DF
F03547521B
F03465EEFE
F033848D87
F032A32DB8
F031C1CF8F
F030E0730E
F02FFF1833
F02F1DBEFF
F02E3C6772
F02D5B118C
F02C79BD4C
F02B986AB4
F02AB719C2
F029D5CA77
F028F47CD3
F0281330D5
F02731E67E
F026509DCE
F0256F56C4
F0248E1161
F023ACCDA5
F022CB8B8F
F021EA4B20
F021090C58
F02027CF36
F01F4693BA
F01E6559E6
F01D8421B7
F01CA2EB2F
F01BC1B64E
F01AE08313
F019FF517E
F0191E2190
F0183CF348
F0175BC6A7
F0167A9BAC
F015997257
F014B84AA9
F013D724A1
F012F6003F
F01214DD83
F01133BC6E
F010529CFF
F00F717F36
F00E906314
F00DAF4897
F00CCE2FC1
F00BED1891
F00B0C0307
F00A2AEF23
F00949DCE5
F00868CC4D
F00787BD5B
F006A6B00F
F005C5A46A
F004E49A6A
F004039210
F003228B5D
F00241864F
F0016082E7
F0007F8125
EFFF9E8109
EFFEBD8292
EFFDDC85C2
EFFCFB8A97
EFFC1A9113
EFFB399934
EFFA58A2FA
EFF977AE67
EFF896BB79
EFF7B5CA31
EFF6D4DA8F
EFF5F3EC92
EFF513003B
EFF432158A
EFF3512C7F
EFF2704519
EFF18F5F58
EFF0AE7B3D
EFEFCD98C8
EFEEECB7F8
EFEE0BD8CE
EFED2AFB49
EFEC4A1F6A
EFEB694530
EFEA886C9C
EFE9A795AD
EFE8C6C064
EFE7E5ECC0
EFE7051AC1
EFE6244A68
EFE5437BB4
EFE462AEA5
EFE381E33C
EFE2A11977
EFE1C05159
EFE0DF8ADF
EFDFFEC60B
EFDF1E02DC
EFDE3D4152
EFDD5C816D
EFDC7BC32E
EFDB9B0693
EFDABA4B9E
EFD9D9924E
EFD8F8DAA3
EFD818249D
EFD737703C
EFD656BD80
EFD5760C69
EFD4955CF7
EFD3B4AF2A
EFD2D40302
EFD1F3587F
EFD112AFA1
EFD0320868
EFCF5162D3
EFCE70BEE4
EFCD901C99
EFCCAF7BF4
EFCBCEDCF3
EFCAEE3F97
EFCA0DA3DF
EFC92D09CD
EFC84C715F
EFC76BDA96
EFC68B4571
EFC5AAB1F2
EFC4CA2017
EFC3E98FE0
EFC309014F
EFC2287462
EFC147E919
EFC0675F75
EFBF86D776
EFBEA6511B
EFBDC5CC65
EFBCE54953
EFBC04C7E6
EFBB24481D
EFBA43C9F9
EFB9634D79
EFB882D29D
EFB7A25966
EFB6C1E1D4
EFB5E16BE5
EFB500F79B
EFB42084F6
EFB34013F4
EFB25FA497
EFB17F36DF
EFB09ECACA
EFAFBE605A
EFAEDDF78E
EFADFD9066
EFAD1D2AE2
EFAC3CC703
EFAB5C64C8
EFAA7C0431
EFA99BA53E
EFA8BB47EF
EFA7DAEC44
EFA6FA923D
EFA61A39DA
EFA539E31B
EFA4598E01
EFA3793A8A
EFA298E8B7
EFA1B89888
EFA0D849FE
EF9FF7FD17
EF9F17B1D4
EF9E376834
EF9D572039
EF9C76D9E2
EF9B96952E
EF9AB6521E
EF99D610B2
EF98F5D0EA
EF981592C5
EF97355645
EF96551B67
EF9574E22E
EF9494AA98
EF93B474A6
EF92D44058
EF91F40DAD
EF9113DCA6
EF9033AD43
EF8F537F83
EF8E735367
EF8D9328EE
EF8CB30018
EF8BD2D8E7
EF8AF2B358
EF8A128F6D
EF89326D26
EF88524C82
EF87722D81
EF86921024
EF85B1F46B
EF84D1DA54
EF83F1C1E1
EF8311AB11
EF823195E5
EF8151825C
EF80717076
EF7F916033
EF7EB15194
EF7DD14498
EF7CF1393F
EF7C112F89
EF7B312776
EF7A512107
EF79711C3A
EF78911911
EF77B1178B
EF76D117A8
EF75F11968
EF75111CCB
EF743121D1
EF7351287A
EF727130C6
EF71913AB5
EF70B14647
EF6FD1537C
EF6EF16253
EF6E1172CE
EF6D3184EB
EF6C5198AC
EF6B71AE0F
EF6A91C515
EF69B1DDBE
EF68D1F80A
EF67F213F8
EF67123189
EF663250BD
EF65527194
EF6472940D
EF6392B829
EF62B2DDE8
EF61D30549
EF60F32E4D
EF601358F3
EF5F33853D
EF5E53B328
EF5D73E2B6
EF5C9413E7
EF5BB446BA
EF5AD47B30
EF59F4B149
EF5914E903
EF58352260
EF57555D60
EF56759A02
EF5595D846
EF54B6182D
EF53D659B6
EF52F69CE2
EF5216E1B0
EF51372820
EF50577032
EF4F77B9E7
EF4E98053E
EF4DB85237
EF4CD8A0D2
EF4BF8F110
EF4B1942EF
EF4A399671
EF4959EB95
EF487A425B
EF479A9AC4
EF46BAF4CE
EF45DB507A
EF44FBADC9
EF441C0CB9
EF433C6D4C
EF425CCF80
EF417D3357
EF409D98CF
EF3FBDFFEA
EF3EDE68A6
EF3DFED304
EF3D1F3F04
EF3C3FACA6
EF3B601BEA
EF3A808CD0
EF39A0FF58
EF38C17381
EF37E1E94C
EF370260B9
EF3622D9C7
EF35435478
EF3463D0CA
EF33844EBE
EF32A4CE53
EF31C54F8A
EF30E5D263
EF300656DD
EF2F26DCF9
EF2E4764B7
EF2D67EE16
EF2C887916
EF2BA905B9
EF2AC993FC
EF29EA23E2
EF290AB568
EF282B4890
EF274BDD5A
EF266C73C5
EF258D0BD1
EF24ADA57F
EF23CE40CE
EF22EEDDBF
EF220F7C51
EF21301C84
EF2050BE59
EF1F7161CE
EF1E9206E5
EF1DB2AD9E
EF1CD355F7
EF1BF3FFF2
EF1B14AB8E
EF1A3558CB
EF195607A9
EF1876B829
EF17976A49
EF16B81E0B
EF15D8D36E
EF14F98A72
EF141A4317
EF133AFD5C
EF125BB943
EF117C76CB
EF109D35F4
EF0FBDF6BE
EF0EDEB929
EF0DFF7D35
EF0D2042E1
EF0C410A2F
EF0B61D31D
EF0A829DAC
EF09A369DC
EF08C437AD
EF07E5071F
EF0705D832
EF0626AAE5
EF05477F39
EF0468552E
EF03892CC3
EF02AA05F9
EF01CAE0D0
EF00EBBD48
EF000C9B60
EEFF2D7B19
EEFE4E5C72
EEFD6F3F6C
EEFC902406
EEFBB10A42
EEFAD1F21D
EEF9F2DB99
EEF913C6B6
EEF834B373
EEF755A1D1
EEF67691CF
EEF597836D
EEF4B876AC
EEF3D96B8B
EEF2FA620B
EEF21B5A2B
EEF13C53EB
EEF05D4F4C
EEEF7E4C4D
EEEE9F4AEE
EEEDC04B30
EEECE14D11
EEEC025093
EEEB2355B6
EEEA445C78
EEE96564DB
EEE8866EDD
EEE7A77A80
EEE6C887C3
EEE5E996A7
EEE50AA72A
EEE42BB94D
EEE34CCD10
EEE26DE274
EEE18EF977
EEE0B0121B
EEDFD12C5E
EEDEF24841
EEDE1365C5
EEDD3484E8
EEDC55A5AB
EEDB76C80E
EEDA97EC11
EED9B911B4
EED8DA38F7
EED7FB61D9
EED71C8C5B
EED63DB87D
EED55EE63F
EED48015A1
EED3A146A2
EED2C27943
EED1E3AD84
EED104E364
EED0261AE4
EECF475404
EECE688EC3
EECD89CB22
EECCAB0921
EECBCC48BF
EECAED89FD
EECA0ECCDA
EEC9301157
EEC8515773
EEC7729F2F
EEC693E88A
EEC5B53385
EEC4D6801F
EEC3F7CE58
EEC3191E31
EEC23A6FAA
EEC15BC2C1
EEC07D1778
EEBF9E6DCF
EEBEBFC5C4
EEBDE11F59
EEBD027A8D
EEBC23D761
EEBB4535D4
EEBA6695E5
EEB987F797
EEB8A95AE7
EEB7CABFD6
EEB6EC2665
EEB60D8E93
EEB52EF860
EEB45063CC
EEB371D0D7
EEB2933F81
EEB1B4AFCA
EEB0D621B2
EEAFF79539
EEAF190A60
EEAE3A8125
EEAD5BF989
EEAC7D738C
EEAB9EEF2E
EEAAC06C6F
EEA9E1EB4E
EEA9036BCD
EEA824EDEB
EEA74671A7
EEA667F702
EEA5897DFC
EEA4AB0695
EEA3CC90CC
EEA2EE1CA2
EEA20FAA17
EEA131392B
EEA052C9DD
EE9F745C2E
EE9E95F01E
EE9DB785AC
EE9CD91CD9
EE9BFAB5A4
EE9B1C500F
EE9A3DEC17
EE995F89BE
EE98812904
EE97A2C9E8
EE96C46C6B
EE95E6108C
EE9507B64C
EE94295DAA
EE934B06A7
EE926CB142
EE918E5D7B
EE90B00B53
EE8FD1BAC9
EE8EF36BDD
EE8E151E90
EE8D36D2E1
EE8C5888D0
EE8B7A405E
EE8A9BF98A
EE89BDB454
EE88DF70BC
EE88012EC2
EE8722EE67
EE8644AFAA
EE8566728B
EE8488370A
EE83A9FD27
EE82CBC4E2
EE81ED8E3C
EE810F5933
EE803125C8
EE7F52F3FC
EE7E74C3CD
EE7D96953D
EE7CB8684A
EE7BDA3CF5
EE7AFC133F
EE7A1DEB26
EE793FC4AB
EE78619FCE
EE77837C8F
EE76A55AED
EE75C73AEA
EE74E91C84
EE740AFFBC
EE732CE492
EE724ECB05
EE7170B317
EE70929CC6
EE6FB48812
EE6ED674FD
EE6DF86385
EE6D1A53AB
EE6C3C456E
EE6B5E38CF
EE6A802DCE
EE69A2246A
EE68C41CA3
EE67E6167B
EE670811EF
EE662A0F02
EE654C0DB2
EE646E0DFF
EE63900FE9
EE62B21372
EE61D41897
EE60F61F5A
EE601827BA
EE5F3A31B8
EE5E5C3D53
EE5D7E4A8C
EE5CA05961
EE5BC269D4
EE5AE47BE4
EE5A068F92
EE5928A4DD
EE584ABBC5
EE576CD44A
EE568EEE6C
EE55B10A2C
EE54D32789
EE53F54682
EE53176719
EE5239894D
EE515BAD1F
EE507DD28D
EE4F9FF998
EE4EC22240
EE4DE44C86
EE4D067868
EE4C28A5E7
EE4B4AD503
EE4A6D05BD
EE498F3813
EE48B16C06
EE47D3A196
EE46F5D8C2
EE4618118C
EE453A4BF3
EE445C87F6
EE437EC596
EE42A104D3
EE41C345AC
EE40E58823
EE4007CC36
EE3F2A11E6
EE3E4C5932
EE3D6EA21C
EE3C90ECA1
EE3BB338C4
EE3AD58683
EE39F7D5DF
EE391A26D7
EE383C796C
EE375ECD9E
EE3681236C
EE35A37AD6
EE34C5D3DD
EE33E82E81
EE330A8AC1
EE322CE89D
EE314F4816
EE3071A92B
EE2F940BDD
EE2EB6702B
EE2DD8D616
EE2CFB3D9C
EE2C1DA6BF
EE2B40117F
EE2A627DDB
EE2984EBD3
EE28A75B67
EE27C9CC97
EE26EC3F64
EE260EB3CD
EE253129D2
EE2453A173
EE23761AB1
EE2298958A
EE21BB1200
EE20DD9012
EE20000FBF
EE1F229109
EE1E4513EF
EE1D679871
EE1C8A1E8F
EE1BACA649
EE1ACF2F9F
EE19F1BA91
EE1914471F
EE1836D549
EE1759650F
EE167BF670
EE159E896E
EE14C11E07
EE13E3B43C
EE13064C0D
EE1228E57A
EE114B8082
EE106E1D27
EE0F90BB67
EE0EB35B43
EE0DD5FCBA
EE0CF89FCD
EE0C1B447C
EE0B3DEAC7
EE0A6092AD
EE09833C2F
EE08A5E74C
EE07C89405
EE06EB425A
EE060DF24A
EE0530A3D6
EE045356FD
EE03760BC0
EE0298C21E
EE01BB7A18
EE00DE33AD
EE0000EEDD
EDFF23ABA9
EDFE466A11
EDFD692A13
EDFC8BEBB1
EDFBAEAEEB
EDFAD173C0
EDF9F43A30
EDF917023B
EDF839CBE2
EDF75C9724
EDF67F6401
EDF5A23279
EDF4C5028D
EDF3E7D43C
EDF30AA786
EDF22D7C6B
EDF15052EB
EDF0732B06
EDEF9604BD
EDEEB8E00E
EDEDDBBCFB
EDECFE9B83
EDEC217BA5
EDEB445D63
EDEA6740BC
EDE98A25AF
EDE8AD0C3E
EDE7CFF468
EDE6F2DE2C
EDE615C98C
EDE538B686
EDE45BA51B
EDE37E954B
EDE2A18716
EDE1C47A7C
EDE0E76F7C
EDE00A6617
EDDF2D5E4E
EDDE50581E
EDDD73538A
EDDC965090
EDDBB94F31
EDDADC4F6D
EDD9FF5143
EDD92254B4
EDD84559C0
EDD7686066
EDD68B68A7
EDD5AE7282
EDD4D17DF8
EDD3F48B08
EDD31799B3
EDD23AA9F9
EDD15DBBD9
EDD080CF53
EDCFA3E468
EDCEC6FB17
EDCDEA1361
EDCD0D2D45
EDCC3048C4
EDCB5365DD
EDCA768490
EDC999A4DE
EDC8BCC6C6
EDC7DFEA48
EDC7030F64
EDC626361B
EDC5495E6C
EDC46C8857
EDC38FB3DD
EDC2B2E0FC
EDC1D60FB6
EDC0F9400A
EDC01C71F8
EDBF3FA580
EDBE62DAA3
EDBD86115F
EDBCA949B6
EDBBCC83A6
EDBAEFBF31
EDBA12FC55
EDB9363B14
EDB8597B6D
EDB77CBD5F
EDB6A000EC
EDB5C34612
EDB4E68CD2
EDB409D52D
EDB32D1F21
EDB2506AAF
EDB173B7D6
EDB0970698
EDAFBA56F4
EDAEDDA8E9
EDAE00FC78
EDAD2451A1
EDAC47A863
EDAB6B00BF
EDAA8E5AB5
EDA9B1B645
EDA8D5136E
EDA7F87231
EDA71BD28E
EDA63F3484
EDA5629814
EDA485FD3D
EDA3A96400
EDA2CCCC5D
EDA1F03653
EDA113A1E2
EDA0370F0B
ED9F5A7DCE
ED9E7DEE2A
ED9DA1601F
ED9CC4D3AE
ED9BE848D6
ED9B0BBF98
ED9A2F37F3
ED9952B1E7
ED98762D75
ED9799AA9C
ED96BD295D
ED95E0A9B6
ED95042BA9
ED9427AF35
ED934B345B
ED926EBB19
ED91924371
ED90B5CD62
ED8FD958EC
ED8EFCE610
ED8E2074CC
ED8D440522
ED8C679710
ED8B8B2A98
ED8AAEBFB9
ED89D25673
ED88F5EEC5
ED881988B1
ED873D2436
ED8660C154
ED8584600B
ED84A8005A
ED83CBA243
ED82EF45C5
ED8212EADF
ED81369192
ED805A39DF
ED7F7DE3C4
ED7EA18F41
ED7DC53C58
ED7CE8EB07
ED7C0C9B50
ED7B304D31
ED7A5400AA
ED7977B5BD
ED789B6C68
ED77BF24AB
ED76E2DE88
ED760699FD
ED752A570A
ED744E15B1
ED7371D5F0
ED729597C7
ED71B95B37
ED70DD2040
ED7000E6E1
ED6F24AF1A
ED6E4878EC
ED6D6C4457
ED6C90115A
ED6BB3DFF5
ED6AD7B029
ED69FB81F5
ED691F555A
ED68432A57
ED676700EC
ED668AD91A
ED65AEB2E0
ED64D28E3E
ED63F66B35
ED631A49C4
ED623E29EB
ED61620BAA
ED6085EF02
ED5FA9D3F1
ED5ECDBA79
ED5DF1A299
ED5D158C52
ED5C3977A2
ED5B5D648A
ED5A81530B
ED59A54323
ED58C934D4
ED57ED281D
ED57111CFD
ED56351376
ED55590B87
ED547D052F
ED53A10070
ED52C4FD49
ED51E8FBB9
ED510CFBC1
ED5030FD62
ED4F55009A
ED4E79056A
ED4D9D0BD1
ED4CC113D1
ED4BE51D68
ED4B092898
ED4A2D355F
ED495143BD
ED487553B4
ED47996542
ED46BD7867
ED45E18D25
ED4505A37A
ED4429BB67
ED434DD4EB
ED4271F007
ED41960CBB
ED40BA2B06
ED3FDE4AE9
ED3F026C63
ED3E268F75
ED3D4AB41E
ED3C6EDA5F
ED3B930237
ED3AB72BA7
ED39DB56AE
ED38FF834C
ED3823B182
ED3747E14F
ED366C12B4
ED359045B0
ED34B47A43
ED33D8B06E
ED32FCE830
ED32212189
ED31455C7A
ED30699901
ED2F8DD720
ED2EB216D6
ED2DD65824
ED2CFA9B08
ED2C1EDF84
ED2B432597
ED2A676D41
ED298BB682
ED28B0015A
ED27D44DC9
ED26F89BCF
ED261CEB6C
ED25413CA1
ED24658F6C
ED2389E3CE
ED22AE39C7
ED21D29158
ED20F6EA7F
ED201B453D
ED1F3FA192
ED1E63FF7E
ED1D885F00
ED1CACC01A
ED1BD122CA
ED1AF58711
ED1A19ECEF
ED193E5464
ED1862BD6F
ED17872812
ED16AB944A
ED15D0021A
ED14F47180
ED1418E27E
ED133D5511
ED1261C93B
ED11863EFC
ED10AAB654
ED0FCF2F42
ED0EF3A9C7
ED0E1825E2
ED0D3CA394
ED0C6122DC
ED0B85A3BB
ED0AAA2630
ED09CEAA3C
ED08F32FDE
ED0817B717
ED073C3FE6
ED0660CA4B
ED05855647
ED04A9E3D9
ED03CE7302
ED02F303C1
ED02179616
ED013C2A01
ED0060BF83
ECFF85569B
ECFEA9EF49
ECFDCE898E
ECFCF32568
ECFC17C2D9
ECFB3C61E0
ECFA61027D
ECF985A4B1
ECF8AA487A
ECF7CEEDDA
ECF6F394CF
ECF6183D5B
ECF53CE77D
ECF4619335
ECF3864082
ECF2AAEF66
ECF1CF9FE0
ECF0F451F0
ECF0190595
ECEF3DBAD1
ECEE6271A3
ECED872A0A
ECECABE407
ECEBD09F9B
ECEAF55CC4
ECEA1A1B83
ECE93EDBD7
ECE8639DC2
ECE7886142
ECE6AD2658
ECE5D1ED04
ECE4F6B545
ECE41B7F1C
ECE3404A89
ECE265178C
ECE189E624
ECE0AEB652
ECDFD38816
ECDEF85B6F
ECDE1D305D
ECDD4206E2
ECDC66DEFB
ECDB8BB8AB
ECDAB093F0
ECD9D570CA
ECD8FA4F3A
ECD81F2F3F
ECD74410DA
ECD668F40A
ECD58DD8D0
ECD4B2BF2B
ECD3D7A71B
ECD2FC90A1
ECD2217BBC
ECD146686C
ECD06B56B2
ECCF90468D
ECCEB537FE
ECCDDA2B03
ECCCFF1F9E
ECCC2415CE
ECCB490D93
ECCA6E06EE
ECC99301DE
ECC8B7FE62
ECC7DCFC7C
ECC701FC2B
ECC626FD70
ECC54C0049
ECC47104B7
ECC3960ABB
ECC2BB1253
ECC1E01B81
ECC1052643
ECC02A329A
ECBF4F4087
ECBE745008
ECBD99611F
ECBCBE73CA
ECBBE3880A
ECBB089DDF
ECBA2DB549
ECB952CE48
ECB877E8DB
ECB79D0504
ECB6C222C1
ECB5E74213
ECB50C62FA
ECB4318575
ECB356A985
ECB27BCF2A
ECB1A0F664
ECB0C61F32
ECAFEB4995
ECAF10758D
ECAE35A319
ECAD5AD23A
ECAC8002EF
ECABA53539
ECAACA6918
ECA9EF9E8B
ECA914D593
ECA83A0E2F
ECA75F4860
ECA6848425
ECA5A9C17E
ECA4CF006C
ECA3F440EF
ECA3198306
ECA23EC6B1
ECA1640BF0
ECA08952C4
EC9FAE9B2D
EC9ED3E529
EC9DF930BA
EC9D1E7DDF
EC9C43CC99
EC9B691CE7
EC9A8E6EC9
EC99B3C23F
EC98D91749
EC97FE6DE8
EC9723C61B
EC96491FE1
EC956E7B3C
EC9493D82C
EC93B936AF
EC92DE96C6
EC9203F871
EC91295BB1
EC904EC084
EC8F7426EC
EC8E998EE7
EC8DBEF877
EC8CE4639A
EC8C09D051
EC8B2F3E9D
EC8A54AE7C
EC897A1FEF
EC889F92F6
EC87C50791
EC86EA7DBF
EC860FF582
EC85356ED8
EC845AE9C2
EC83806640
EC82A5E451
EC81CB63F7
EC80F0E530
EC801667FD
EC7F3BEC5D
EC7E617251
EC7D86F9D9
EC7CAC82F4
EC7BD20DA3
EC7AF799E6
EC7A1D27BC
EC7942B726
EC78684823
EC778DDAB4
EC76B36ED9
EC75D90490
EC74FE9BDC
EC742434BB
EC7349CF2D
EC726F6B33
EC719508CC
EC70BAA7F8
EC6FE048B8
EC6F05EB0B
EC6E2B8EF2
EC6D51346C
EC6C76DB79
EC6B9C841A
EC6AC22E4E
EC69E7DA15
EC690D876F
EC6833365D
EC6758E6DD
EC667E98F1
EC65A44C98
EC64CA01D3
EC63EFB8A0
EC63157101
EC623B2AF4
EC6160E67B
EC6086A395
EC5FAC6242
EC5ED22282
EC5DF7E455
EC5D1DA7BB
EC5C436CB4
EC5B693340
EC5A8EFB5E
EC59B4C510
EC58DA9055
EC58005D2D
EC57262B97
EC564BFB94
EC5571CD25
EC5497A048
EC53BD74FE
EC52E34B46
EC52092322
EC512EFC90
EC5054D791
EC4F7AB425
EC4EA0924B
EC4DC67204
EC4CEC5350
EC4C12362F
EC4B381AA0
EC4A5E00A4
EC4983E83A
EC48A9D163
EC47CFBC1F
EC46F5A86D
EC461B964D
EC454185C1
EC446776C6
EC438D695E
EC42B35D89
EC41D95346
EC40FF4A96
EC40254378
EC3F4B3DEC
EC3E7139F3
EC3D97378C
EC3CBD36B8
EC3BE33776
EC3B0939C6
EC3A2F3DA9
EC3955431D
EC387B4A24
EC37A152BE
EC36C75CE9
EC35ED68A7
EC351375F7
EC343984D9
EC335F954E
EC3285A754
EC31ABBAED
EC30D1D018
EC2FF7E6D5
EC2F1DFF24
EC2E441905
EC2D6A3478
EC2C90517D
EC2BB67014
EC2ADC903D
EC2A02B1F8
EC2928D546
EC284EFA25
EC27752096
EC269B4899
EC25C1722D
EC24E79D54
EC240DCA0D
EC2333F857
EC225A2833
EC218059A1
EC20A68CA1
EC1FCCC133
EC1EF2F756
EC1E192F0B
EC1D3F6852
EC1C65A32B
EC1B8BDF95
EC1AB21D91
EC19D85D1F
EC18FE9E3E
EC1824E0EF
EC174B2532
EC16716B06
EC1597B26B
EC14BDFB63
EC13E445EC
EC130A9206
EC1230DFB2
EC11572EEF
EC107D7FBE
EC0FA3D21E
EC0ECA2610
EC0DF07B93
EC0D16D2A8
EC0C3D2B4E
EC0B638585
EC0A89E14E
EC09B03EA8
EC08D69D93
EC07FCFE10
EC0723601D
EC0649C3BD
EC057028ED
EC04968FAF
EC03BCF802
EC02E361E6
EC0209CD5B
EC01303A62
EC0056A8F9
EBFF7D1922
EBFEA38ADC
EBFDC9FE27
EBFCF07303
EBFC16E970
EBFB3D616F
EBFA63DAFE
EBF98A561E
EBF8B0D2CF
EBF7D75112
EBF6FDD0E5
EBF6245249
EBF54AD53E
EBF47159C4
EBF397DFDB
EBF2BE6783
EBF1E4F0BC
EBF10B7B85
EBF03207E0
EBEF5895CB
EBEE7F2547
EBEDA5B653
EBECCC48F1
EBEBF2DD1F
EBEB1972DE
EBEA400A2E
EBE966A30E
EBE88D3D80
EBE7B3D981
EBE6DA7714
EBE6011637
EBE527B6EA
EBE44E592F
EBE374FD04
EBE29BA269
EBE1C2495F
EBE0E8F1E5
EBE00F9BFC
EBDF3647A4
EBDE5CF4DC
EBDD83A3A4
EBDCAA53FD
EBDBD105E6
EBDAF7B960
EBDA1E6E6A
EBD9452505
EBD86BDD2F
EBD79296EB
EBD6B95236
EBD5E00F12
EBD506CD7E
EBD42D8D7A
EBD3544F07
EBD27B1224
EBD1A1D6D1
EBD0C89D0E
EBCFEF64DC
EBCF162E3A
EBCE3CF927
EBCD63C5A5
EBCC8A93B3
EBCBB16352
EBCAD83480
EBC9FF073E
EBC925DB8D
EBC84CB16B
EBC77388DA
EBC69A61D8
EBC5C13C67
EBC4E81885
EBC40EF634
EBC335D572
EBC25CB640
EBC183989E
EBC0AA7C8C
EBBFD1620A
EBBEF84918
EBBE1F31B6
EBBD461BE3
EBBC6D07A0
EBBB93F4ED
EBBABAE3CA
EBB9E1D437
EBB908C633
EBB82FB9BF
EBB756AEDB
EBB67DA586
EBB5A49DC1
EBB4CB978C
EBB3F292E6
EBB3198FD0
EBB2408E4A
EBB1678E53
EBB08E8FEC
EBAFB59314
EBAEDC97CC
EBAE039E13
EBAD2AA5EA
EBAC51AF50
EBAB78BA46
EBAA9FC6CB
EBA9C6D4E0
EBA8EDE484
EBA814F5B7
EBA73C087A
EBA6631CCC
EBA58A32AE
EBA4B14A1F
EBA3D8631F
EBA2FF7DAF
EBA22699CD
EBA14DB77C
EBA074D6B9
EB9F9BF785
EB9EC319E1
EB9DEA3DCC
EB9D116346
EB9C388A4F
EB9B5FB2E8
EB9A86DD0F
EB99AE08C6
EB98D5360C
EB97FC64E1
EB97239545
EB964AC738
EB9571FABA
EB94992FCB
EB93C0666B
EB92E79E9A
EB920ED858
EB913613A4
EB905D5080
EB8F848EEB
EB8EABCEE5
EB8DD3106D
EB8CFA5384
EB8C21982B
EB8B48DE60
EB8A702623
EB89976F76
EB88BEBA58
EB87E606C8
EB870D54C7
EB8634A454
EB855BF571
EB8483481C
EB83AA9C55
EB82D1F21E
EB81F94975
EB8120A25A
EB8047FCCF
EB7F6F58D1
EB7E96B663
EB7DBE1583
EB7CE57631
EB7C0CD86E
EB7B343C3A
EB7A5BA194
EB7983087D
EB78AA70F4
EB77D1DAF9
EB76F9468D
EB7620B3AF
EB75482260
EB746F929F
EB7397046C
EB72BE77C8
EB71E5ECB2
EB710D632A
EB7034DB31
EB6F5C54C6
EB6E83CFE9
EB6DAB4C9A
EB6CD2CADA
EB6BFA4AA8
EB6B21CC04
EB6A494EEE
EB6970D366
EB6898596D
EB67BFE102
EB66E76A24
EB660EF4D5
EB65368114
EB645E0EE1
EB63859E3C
EB62AD2F25
EB61D4C19C
EB60FC55A1
EB6023EB34
EB5F4B8255
EB5E731B04
EB5D9AB540
EB5CC2510B
EB5BE9EE64
EB5B118D4A
EB5A392DBE
EB5960CFC1
EB58887351
EB57B0186E
EB56D7BF1A
EB55FF6753
EB5527111A
EB544EBC6F
EB53766952
EB529E17C2
EB51C5C7C0
EB50ED794B
EB50152C65
EB4F3CE10C
EB4E649740
EB4D8C4F02
EB4CB40852
EB4BDBC32F
EB4B037F9A
EB4A2B3D92
EB4952FD18
EB487ABE2C
EB47A280CD
EB46CA44FB
EB45F20AB7
EB4519D200
EB44419AD7
EB4369653B
EB4291312C
EB41B8FEAB
EB40E0CDB7
EB40089E50
EB3F307077
EB3E58442B
EB3D80196D
EB3CA7F03C
EB3BCFC897
EB3AF7A281
EB3A1F7DF7
EB39475AFB
EB386F398B
EB379719A9
EB36BEFB54
EB35E6DE8D
EB350EC352
EB3436A9A4
EB335E9184
EB32867AF1
EB31AE65EA
EB30D65271
EB2FFE4085
EB2F263025
EB2E4E2153
EB2D76140E
EB2C9E0855
EB2BC5FE2A
EB2AEDF58B
EB2A15EE7A
EB293DE8F5
EB2865E4FD
EB278DE292
EB26B5E1B4
EB25DDE262
EB2505E49E
EB242DE866
EB2355EDBB
EB227DF49D
EB21A5FD0B
EB20CE0706
EB1FF6128E
EB1F1E1FA3
EB1E462E44
EB1D6E3E72
EB1C96502D
EB1BBE6374
EB1AE67848
EB1A0E8EA8
EB1936A695
EB185EC00E
EB1786DB14
EB16AEF7A7
EB15D715C6
EB14FF3571
EB142756A9
EB134F796E
EB12779DBE
EB119FC39C
EB10C7EB05
EB0FF013FB
EB0F183E7E
EB0E406A8D
EB0D689828
EB0C90C74F
EB0BB8F803
EB0AE12A43
EB0A095E0F
EB09319368
EB0859CA4C
EB078202BD
EB06AA3CBB
EB05D27844
EB04FAB55A
EB0422F3FB
EB034B3429
EB027375E3
EB019BB929
EB00C3FDFB
EAFFEC4459
EAFF148C44
EAFE3CD5BA
EAFD6520BC
EAFC8D6D4B
EAFBB5BB65
EAFADE0B0B
EAFA065C3D
EAF92EAEFB
EAF8570346
EAF77F591B
EAF6A7B07D
EAF5D0096B
EAF4F863E5
EAF420BFEA
EAF3491D7B
EAF2717C98
EAF199DD41
EAF0C23F76
EAEFEAA336
EAEF130882
EAEE3B6F5A
EAED63D7BD
EAEC8C41AD
EAEBB4AD27
EAEADD1A2E
EAEA0588C0
EAE92DF8DE
EAE8566A87
EAE77EDDBC
EAE6A7527D
EAE5CFC8C9
EAE4F840A0
EAE420BA03
EAE34934F2
EAE271B16C
EAE19A2F72
EAE0C2AF03
EADFEB301F
EADF13B2C7
EADE3C36FB
EADD64BCB9
EADC8D4403
EADBB5CCD9
EADADE5739
EADA06E326
EAD92F709D
EAD857FFA0
EAD780902D
EAD6A92247
EAD5D1B5EB
EAD4FA4B1B
EAD422E1D6
EAD34B7A1C
EAD27413ED
EAD19CAF49
EAD0C54C31
EACFEDEAA3
EACF168AA1
EACE3F2C2A
EACD67CF3E
EACC9073DD
EACBB91A07
EACAE1C1BC
EACA0A6AFC
EAC93315C7
EAC85BC21D
EAC7846FFD
EAC6AD1F69
EAC5D5D060
EAC4FE82E2
EAC42736EE
EAC34FEC86
EAC278A3A8
EAC1A15C55
EAC0CA168D
EABFF2D250
EABF1B8F9E
EABE444E76
EABD6D0ED9
EABC95D0C7
EABBBE943F
EABAE75943
EABA101FD1
EAB938E7E9
EAB861B18C
EAB78A7CBA
EAB6B34973
EAB5DC17B6
EAB504E784
EAB42DB8DC
EAB3568BBF
EAB27F602C
EAB1A83624
EAB0D10DA7
EAAFF9E6B4
EAAF22C14B
EAAE4B9D6D
EAAD747B19
EAAC9D5A50
EAABC63B11
EAAAEF1D5D
EAAA180133
EAA940E693
EAA869CD7E
EAA792B5F3
EAA6BB9FF2
EAA5E48B7B
EAA50D788F
EAA436672D
EAA35F5756
EAA2884908
EAA1B13C45
EAA0DA310C
EAA003275D
EA9F2C1F38
EA9E55189E
EA9D7E138D
EA9CA71007
EA9BD00E0B
EA9AF90D99
EA9A220EB1
EA994B1153
EA9874157F
EA979D1B35
EA96C62275
EA95EF2B3F
EA95183592
EA94414170
EA936A4ED8
EA92935DCA
EA91BC6E45
EA90E5804B
EA900E93DA
EA8F37A8F4
EA8E60BF97
EA8D89D7C3
EA8CB2F17A
EA8BDC0CBA
EA8B052985
EA8A2E47D9
EA895767B6
EA8880891E
EA87A9AC0F
EA86D2D08A
EA85FBF68E
EA85251E1C
EA844E4734
EA837771D5
EA82A09E00
EA81C9CBB4
EA80F2FAF3
EA801C2BBA
EA7F455E0B
EA7E6E91E6
EA7D97C74A
EA7CC0FE38
EA7BEA36AF
EA7B1370B0
EA7A3CAC3A
EA7965E94D
EA788F27EA
EA77B86810
EA76E1A9C0
EA760AECF8
EA753431BB
EA745D7806
EA7386BFDB
EA72B00939
EA71D95421
EA7102A091
EA702BEE8B
EA6F553E0F
EA6E7E8F1B
EA6DA7E1B0
EA6CD135CF
EA6BFA8B77
EA6B23E2A8
EA6A4D3B62
EA697695A5
EA689FF172
EA67C94EC7
EA66F2ADA5
EA661C0E0D
EA65456FFD
EA646ED377
EA63983879
EA62C19F05
EA61EB0719
EA611470B7
EA603DDBDD
EA5F67488C
EA5E90B6C4
EA5DBA2685
EA5CE397CF
EA5C0D0AA2
EA5B367EFD
EA5A5FF4E1
EA59896C4E
EA58B2E544
EA57DC5FC3
EA5705DBCA
EA562F595A
EA5558D873
EA54825914
EA53ABDB3F
EA52D55EF1
EA51FEE42D
EA51286AF1
EA5051F33E
EA4F7B7D13
EA4EA50871
EA4DCE9557
EA4CF823C6
EA4C21B3BE
EA4B4B453E
EA4A74D846
EA499E6CD7
EA48C802F1
EA47F19A92
EA471B33BD
EA4644CE6F
EA456E6AAB
EA4498086E
EA43C1A7BA
EA42EB488E
EA4214EAEB
EA413E8ED0
EA4068343D
EA3F91DB32
EA3EBB83B0
EA3DE52DB6
EA3D0ED944
EA3C38865A
EA3B6234F9
EA3A8BE520
EA39B596CF
EA38DF4A06
EA3808FEC5
EA3732B50C
EA365C6CDC
EA35862633
EA34AFE113
EA33D99D7B
EA33035B6A
EA322D1AE2
EA3156DBE2
EA30809E69
EA2FAA6279
EA2ED42811
EA2DFDEF30
EA2D27B7D8
EA2C518207
EA2B7B4DBE
EA2AA51AFD
EA29CEE9C4
EA28F8BA13
EA28228BEA
EA274C5F48
EA2676342F
EA25A00A9D
EA24C9E292
EA23F3BC10
EA231D9715
EA224773A2
EA217151B7
EA209B3153
EA1FC51277
EA1EEEF523
EA1E18D956
EA1D42BF11
EA1C6CA653
EA1B968F1D
EA1AC0796F
EA19EA6548
EA191452A8
EA183E4190
EA17683200
EA169223F7
EA15BC1776
EA14E60C7C
EA14100309
EA1339FB1E
EA1263F4BA
EA118DEFDE
EA10B7EC89
EA0FE1EABB
EA0F0BEA75
EA0E35EBB6
EA0D5FEE7E
EA0C89F2CE
EA0BB3F8A5
EA0ADE0003
EA0A0808E8
EA09321355
EA085C1F48
EA07862CC3
EA06B03BC5
EA05DA4C4F
EA05045E5F
EA042E71F6
EA03588715
EA02829DBB
EA01ACB5E7
EA00D6CF9B
EA0000EAD6
E9FF2B0798
E9FE5525E1
E9FD7F45B0
E9FCA96707
E9FBD389E5
E9FAFDAE4A
E9FA27D435
E9F951FBA8
E9F87C24A1
E9F7A64F21
E9F6D07B28
E9F5FAA8B6
E9F524D7CB
E9F44F0867
E9F3793A89
E9F2A36E32
E9F1CDA362
E9F0F7DA19
E9F0221256
E9EF4C4C1A
E9EE768765
E9EDA0C437
E9ECCB028F
E9EBF5426D
E9EB1F83D3
E9EA49C6BF
E9E9740B31
E9E89E512A
E9E7C898AA
E9E6F2E1B0
E9E61D2C3D
E9E5477851
E9E471C5EA
E9E39C150B
E9E2C665B1
E9E1F0B7DF
E9E11B0B92
E9E04560CC
E9DF6FB78D
E9DE9A0FD3
E9DDC469A1
E9DCEEC4F4
E9DC1921CE
E9DB43802E
E9DA6DE015
E9D9984181
E9D8C2A474
E9D7ED08EE
E9D7176EED
E9D641D673
E9D56C3F7F
E9D496AA11
E9D3C11629
E9D2EB83C8
E9D215F2EC
E9D1406397
E9D06AD5C8
E9CF95497F
E9CEBFBEBC
E9CDEA357F
E9CD14ADC8
E9CC3F2797
E9CB69A2EC
E9CA941FC7
E9C9BE9E28
E9C8E91E0F
E9C8139F7C
E9C73E226F
E9C668A6E8
E9C5932CE6
E9C4BDB46B
E9C3E83D75
E9C312C806
E9C23D541C
E9C167E1B7
E9C09270D9
E9BFBD0181
E9BEE793AE
E9BE122761
E9BD3CBC9A
E9BC675358
E9BB91EB9C
E9BABC8566
E9B9E720B5
E9B911BD8A
E9B83C5BE5
E9B766FBC5
E9B6919D2B
E9B5BC4017
E9B4E6E488
E9B4118A7F
E9B33C31FB
E9B266DAFD
E9B1918584
E9B0BC3190
E9AFE6DF23
E9AF118E3A
E9AE3C3ED7
E9AD66F0FA
E9AC91A4A1
E9ABBC59CF
E9AAE71081
E9AA11C8B9
E9A93C8277
E9A8673DB9
E9A791FA81
E9A6BCB8CE
E9A5E778A1
E9A51239F9
E9A43CFCD6
E9A367C138
E9A292871F
E9A1BD4E8C
E9A0E8177E
E9A012E1F5
E99F3DADF1
E99E687B72
E99D934A78
E99CBE1B04
E99BE8ED14
E99B13C0AA
E99A3E95C5
E999696C64
E998944489
E997BF1E33
E996E9F961
E99614D615
E9953FB44D
E9946A940B
E99395754D
E992C05815
E991EB3C61
E991162232
E990410988
E98F6BF262
E98E96DCC2
E98DC1C8A6
E98CECB610
E98C17A4FD
E98B429570
E98A6D8768
E989987AE4
E988C36FE4
E987EE666A
E987195E74
E986445803
E9856F5317
E9849A4FAF
E983C54DCB
E982F04D6D
E9821B4E93
E98146513D
E98071556C
E97F9C5B20
E97EC76258
E97DF26B14
E97D1D7555
E97C48811A
E97B738E64
E97A9E9D33
E979C9AD85
E978F4BF5D
E9781FD2B8
E9774AE798
E97675FDFC
E975A115E5
E974CC2F52
E973F74A43
E9732266B8
E9724D84B2
E97178A430
E970A3C532
E96FCEE7B9
E96EFA0BC3
E96E253152
E96D505865
E96C7B80FC
E96BA6AB18
E96AD1D6B7
E969FD03DA
E969283282
E9685362AE
E9677E945D
E966A9C791
E965D4FC49
E965003285
E9642B6A45
E96356A388
E96281DE50
E961AD1A9C
E960D8586B
E9600397BF
E95F2ED896
E95E5A1AF1
E95D855ED1
E95CB0A434
E95BDBEB1A
E95B073385
E95A327D73
E9595DC8E6
E9588915DC
E957B46455
E956DFB453
E9560B05D4
E9553658D9
E95461AD61
E9538D036E
E952B85AFD
E951E3B411
E9510F0EA8
E9503A6AC3
E94F65C861
E94E912783
E94DBC8828
E94CE7EA51
E94C134DFE
E94B3EB32E
E94A6A19E1
E949958218
E948C0EBD3
E947EC5711
E94717C3D2
E946433217
E9456EA1DF
E9449A132A
E943C585F9
E942F0FA4B
E9421C7021
E94147E779
E940736056
E93F9EDAB5
E93ECA5698
E93DF5D3FE
E93D2152E7
E93C4CD353
E93B785543
E93AA3D8B5
E939CF5DAB
E938FAE424
E938266C20
E93751F5A0
E9367D80A2
E935A90D28
E934D49B30
E934002ABC
E9332BBBCA
E932574E5C
E93182E271
E930AE7808
E92FDA0F23
E92F05A7C1
E92E3141E1
E92D5CDD85
E92C887AAB
E92BB41954
E92ADFB980
E92A0B5B2F
E92936FE61
E92862A316
E9278E494D
E926B9F108
E925E59A45
E925114505
E9243CF147
E923689F0C
E922944E54
E921BFFF1F
E920EBB16D
E92017653D
E91F431A8F
E91E6ED165
E91D9A89BD
E91CC64397
E91BF1FEF4
E91B1DBBD4
E91A497A36
E919753A1B
E918A0FB83
E917CCBE6C
E916F882D9
E9162448C8
E915501039
E9147BD92C
E913A7A3A3
E912D36F9B
E911FF3D16
E9112B0C13
E91056DC93
E90F82AE95
E90EAE8219
E90DDA5720
E90D062DA9
E90C3205B4
E90B5DDF42
E90A89BA51
E909B596E3
E908E174F8
E9080D548E
E9073935A7
E906651841
E90590FC5E
E904BCE1FD
E903E8C91E
E90314B1C2
E902409BE7
E9016C878E
E9009874B8
E8FFC46363
E8FEF05391
E8FE1C4540
E8FD483872
E8FC742D25
E8FBA0235B
E8FACC1B12
E8F9F8144C
E8F9240F07
E8F8500B44
E8F77C0903
E8F6A80844
E8F5D40906
E8F5000B4B
E8F42C0F11
E8F3581459
E8F2841B23
E8F1B0236F
E8F0DC2D3D
E8F008388C
E8EF34455D
E8EE6053AF
E8ED8C6384
E8ECB874D9
E8EBE487B1
E8EB109C0A
E8EA3CB1E5
E8E968C942
E8E894E220
E8E7C0FC7F
E8E6ED1861
E8E61935C3
E8E54554A7
E8E471750D
E8E39D96F4
E8E2C9BA5D
E8E1F5DF47
E8E12205B3
E8E04E2DA0
E8DF7A570F
E8DEA681FE
E8DDD2AE70
E8DCFEDC62
E8DC2B0BD6
E8DB573CCC
E8DA836F42
E8D9AFA33A
E8D8DBD8B3
E8D8080FAE
E8D7344829
E8D6608226
E8D58CBDA5
E8D4B8FAA4
E8D3E53924
E8D3117926
E8D23DBAA9
E8D169FDAD
E8D0964232
E8CFC28838
E8CEEECFC0
E8CE1B18C8
E8CD476352
E8CC73AF5C
E8CB9FFCE8
E8CACC4BF4
E8C9F89C82
E8C924EE90
E8C8514220
E8C77D9730
E8C6A9EDC2
E8C5D645D4
E8C5029F67
E8C42EFA7B
E8C35B5710
E8C287B526
E8C1B414BD
E8C0E075D4
E8C00CD86C
E8BF393C85
E8BE65A21F
E8BD92093A
E8BCBE71D5
E8BBEADBF1
E8BB17478E
E8BA43B4AB
E8B9702349
E8B89C9368
E8B7C90507
E8B6F57827
E8B621ECC8
E8B54E62E9
E8B47ADA8B
E8B3A753AD
E8B2D3CE50
E8B2004A74
E8B12CC818
E8B059473C
E8AF85C7E1
E8AEB24A07
E8ADDECDAC
E8AD0B52D3
E8AC37D979
E8AB6461A1
E8AA90EB48
E8A9BD7670
E8A8EA0318
E8A8169141
E8A74320EA
E8A66FB213
E8A59C44BC
E8A4C8D8E6
E8A3F56E90
E8A32205BA
E8A24E9E65
E8A17B3890
E8A0A7D43A
E89FD47166
E89F011011
E89E2DB03C
E89D5A51E8
E89C86F513
E89BB399BF
E89AE03FEB
E89A0CE797
E8993990C3
E898663B6F
E89792E79B
E896BF9547
E895EC4473
E89518F51F
E89445A74A
E893725AF6
E8929F1022
E891CBC6CE
E890F87EF9
E8902538A5
E88F51F3D0
E88E7EB07B
E88DAB6EA6
E88CD82E51
E88C04EF7C
E88B31B226
E88A5E7650
E8898B3BFA
E888B80323
E887E4CBCD
E8871195F6
E8863E619E
E8856B2EC7
E88497FD6F
E883C4CD97
E882F19F3E
E8821E7265
E8814B470B
E880781D31
E87FA4F4D7
E87ED1CDFC
E87DFEA8A1
E87D2B84C5
E87C586268
E87B85418C
E87AB2222E
E879DF0450
E8790BE7F2
E87838CD13
E87765B3B3
E876929BD3
E875BF8572
E874EC7090
E874195D2E
E873464B4B
E872733AE7
E871A02C03
E870CD1E9E
E86FFA12B8
E86F270851
E86E53FF6A
E86D80F801
E86CADF218
E86BDAEDAF
E86B07EAC4
E86A34E958
E86961E96C
E8688EEAFF
E867BBEE11
E866E8F2A1
E86615F8B1
E865430040
E86470094E
E8639D13DB
E862CA1FE7
E861F72D72
E861243C7C
E860514D05
E85F7E5F0D
E85EAB7294
E85DD8879A
E85D059E1E
E85C32B622
E85B5FCFA4
E85A8CEAA5
E859BA0725
E858E72524
E8581444A2
E85741659E
E8566E8819
E8559BAC13
E854C8D18B
E853F5F883
E8532320F9
E852504AED
E8517D7661
E850AAA353
E84FD7D1C3
E84F0501B2
E84E323320
E84D5F660D
E84C8C9A78
E84BB9D061
E84AE707C9
E84A1440B0
E849417B15
E8486EB6F9
E8479BF45B
E846C9333B
E845F6739A
E84523B578
E84450F8D3
E8437E3DAE
E842AB8406
E841D8CBDD
E841061532
E840336006
E83F60AC58
E83E8DFA28
E83DBB4977
E83CE89A44
E83C15EC8F
E83B434058
E83A70959F
E8399DEC65
E838CB44A9
E837F89E6B
E83725F9AB
E83653566A
E83580B4A6
E834AE1461
E833DB7599
E83308D850
E832363C85
E83163A238
E830910969
E82FBE7218
E82EEBDC45
E82E1947EF
E82D46B518
E82C7423BF
E82BA193E4
E82ACF0586
E829FC78A7
E82929ED45
E828576362
E82784DAFC
E826B25414
E825DFCEAA
E8250D4ABD
E8243AC84F
E82368475E
E82295C7EB
E821C349F6
E820F0CD7E
E8201E5284
E81F4BD908
E81E79610A
E81DA6EA89
E81CD47586
E81C020200
E81B2F8FF8
E81A5D1F6E
E8198AB061
E818B842D2
E817E5D6C1
E817136C2D
E816410316
E8156E9B7D
E8149C3562
E813C9D0C4
E812F76DA3
E812250C00
E81152ABDA
E810804D32
E80FADF007
E80EDB9459
E80E093A29
E80D36E176
E80C648A41
E80B923489
E80ABFE04E
E809ED8D90
E8091B3C50
E80848EC8D
E807769E47
E806A4517E
E805D20633
E804FFBC65
E8042D7414
E8035B2D40
E80288E7E9
E801B6A410
E800E461B3
E8001220D4
E7FF3FE171
E7FE6DA38C
E7FD9B6724
E7FCC92C39
E7FBF6F2CB
E7FB24BAD9
E7FA528465
E7F9804F6E
E7F8AE1BF4
E7F7DBE9F6
E7F709B976
E7F6378A73
E7F5655CEC
E7F49330E2
E7F3C10655
E7F2EEDD45
E7F21CB5B2
E7F14A8F9C
E7F0786B02
E7EFA647E5
E7EED42645
E7EE020622
E7ED2FE77B
E7EC5DCA52
E7EB8BAEA4
E7EAB99474
E7E9E77BC0
E7E9156489
E7E8434ECE
E7E7713A91
E7E69F27CF
E7E5CD168B
E7E4FB06C3
E7E428F877
E7E356EBA8
E7E284E055
E7E1B2D67F
E7E0E0CE26
E7E00EC749
E7DF3CC1E8
E7DE6ABE04
E7DD98BB9D
E7DCC6BAB1
E7DBF4BB43
E7DB22BD50
E7DA50C0DA
E7D97EC5E0
E7D8ACCC63
E7D7DAD462
E7D708DDDD
E7D636E8D5
E7D564F548
E7D4930338
E7D3C112A5
E7D2EF238D
E7D21D35F2
E7D14B49D3
E7D0795F30
E7CFA77609
E7CED58E5F
E7CE03A830
E7CD31C37E
E7CC5FE048
E7CB8DFE8D
E7CABC1E4F
E7C9EA3F8D
E7C9186247
E7C846867D
E7C774AC2F
E7C6A2D35E
E7C5D0FC08
E7C4FF262D
E7C42D51CF
E7C35B7EED
E7C289AD87
E7C1B7DD9D
E7C0E60F2E
E7C014423C
E7BF4276C5
E7BE70ACCA
E7BD9EE44B
E7BCCD1D47
E7BBFB57C0
E7BB2993B4
E7BA57D124
E7B9861010
E7B8B45077
E7B7E2925B
E7B710D5B9
E7B63F1A94
E7B56D60EA
E7B49BA8BC
E7B3C9F20A
E7B2F83CD3
E7B2268917
E7B154D6D8
E7B0832613
E7AFB176CB
E7AEDFC8FE
E7AE0E1CAC
E7AD3C71D6
E7AC6AC87C
E7AB99209C
E7AAC77A39
E7A9F5D551
E7A92431E4
E7A8528FF2
E7A780EF7C
E7A6AF5082
E7A5DDB303
E7A50C16FF
E7A43A7C76
E7A368E369
E7A2974BD7
E7A1C5B5C0
E7A0F42125
E7A0228E05
E79F50FC60
E79E7F6C36
E79DADDD88
E79CDC5054
E79C0AC49C
E79B393A5F
E79A67B19D
E799962A57
E798C4A48B
E797F3203B
E797219D65
E796501C0B
E7957E9C2C
E794AD1DC7
E793DBA0DE
E7930A2570
E79238AB7C
E791673304
E79095BC07
E78FC44684
E78EF2D27D
E78E215FF0
E78D4FEEDF
E78C7E7F48
E78BAD112C
E78ADBA48B
E78A0A3964
E78938CFB9
E788676788
E7879600D2
E786C49B97
E785F337D7
E78521D591
E7845074C6
E7837F1576
E782ADB7A0
E781DC5B46
E7810B0065
E78039A700
E77F684F15
E77E96F8A4
E77DC5A3AF
E77CF45033
E77C22FE33
E77B51ADAD
E77A805EA1
E779AF1110
E778DDC4FA
E7780C7A5E
E7773B313C
E77669E995
E77598A368
E774C75EB6
E773F61B7E
E77324D9C1
E77253997D
E771825AB5
E770B11D66
E76FDFE192
E76F0EA738
E76E3D6E59
E76D6C36F4
E76C9B0109
E76BC9CC98
E76AF899A2
E76A276825
E769563823
E76885099C
E767B3DC8E
E766E2B0FA
E7661186E1
E765405E42
E7646F371D
E7639E1171
E762CCED40
E761FBCA8A
E7612AA94D
E76059898A
E75F886B41
E75EB74E72
E75DE6331D
E75D151942
E75C4400E1
E75B72E9FA
E75AA1D48D
E759D0C09A
E758FFAE21
E7582E9D21
E7575D8D9C
E7568C7F90
E755BB72FE
E754EA67E6
E754195E48
E753485623
E752774F78
E751A64A47
E750D54690
E750044453
E74F33438F
E74E624445
E74D914674
E74CC04A1D
E74BEF4F40
E74B1E55DC
E74A4D5DF2
E7497C6782
E748AB728B
E747DA7F0E
E747098D0A
E746389C80
E74567AD6F
E74496BFD8
E743C5D3BA
E742F4E916
E74223FFEB
E74153183A
E740823202
E73FB14D44
E73EE069FF
E73E0F8833
E73D3EA7E0
E73C6DC907
E73B9CEBA8
E73ACC0FC1
E739FB3554
E7392A5C60
E7385984E6
E73788AEE4
E736B7DA5C
E735E7074D
E7351635B8
E73445659B
E7337496F8
E732A3C9CE
E731D2FE1D
E7310233E5
E730316B26
E72F60A3E0
E72E8FDE13
E72DBF19C0
E72CEE56E5
E72C1D9584
E72B4CD59B
E72A7C172C
E729AB5A35
E728DA9EB8
E72809E4B3
E727392C28
E726687515
E72597BF7B
E724C70B5A
E723F658B2
E72325A783
E72254F7CD
E72184498F
E720B39CCA
E71FE2F17E
E71F1247AB
E71E419F51
E71D70F86F
E71CA05306
E71BCFAF16
E71AFF0C9F
E71A2E6BA0
E7195DCC1A
E7188D2E0C
E717BC9177
E716EBF65B
E7161B5CB8
E7154AC48D
E7147A2DDA
E713A998A0
E712D904DF
E712087296
E71137E1C6
E71067526E
E70F96C48F
E70EC63828
E70DF5AD3A
E70D2523C4
E70C549BC6
E70B841541
E70AB39035
E709E30CA0
E709128A84
E7084209E1
E707718AB5
E706A10D02
E705D090C8
E705001605
E7042F9CBB
E7035F24E9
E7028EAE90
E701BE39AE
E700EDC645
E7001D5454
E6FF4CE3DB
E6FE7C74DB
E6FDAC0752
E6FCDB9B42
E6FC0B30A9
E6FB3AC789
E6FA6A5FE1
E6F999F9B1
E6F8C994F9
E6F7F931B9
E6F728CFF1
E6F6586FA1
E6F58810C9
E6F4B7B369
E6F3E75781
E6F316FD11
E6F246A419
E6F1764C98
E6F0A5F690
E6EFD5A200
E6EF054EE7
E6EE34FD46
E6ED64AD1D
E6EC945E6C
E6EBC41133
E6EAF3C571
E6EA237B27
E6E9533255
E6E882EAFB
E6E7B2A519
E6E6E260AE
E6E6121DBB
E6E541DC3F
E6E4719C3B
E6E3A15DAF
E6E2D1209B
E6E200E4FE
E6E130AAD8
E6E060722B
E6DF903AF4
E6DEC00536
E6DDEFD0EF
E6DD1F9E1F
E6DC4F6CC7
E6DB7F3CE6
E6DAAF0E7D
E6D9DEE18C
E6D90EB611
E6D83E8C0F
E6D76E6383
E6D69E3C6F
E6D5CE16D3
E6D4FDF2AE
E6D42DD000
E6D35DAEC9
E6D28D8F0A
E6D1BD70C2
E6D0ED53F2
E6D01D3898
E6CF4D1EB6
E6CE7D064B
E6CDACEF58
E6CCDCD9DB
E6CC0CC5D6
E6CB3CB348
E6CA6CA231
E6C99C9292
E6C8CC8469
E6C7FC77B8
E6C72C6C7D
E6C65C62BA
E6C58C5A6E
E6C4BC5399
E6C3EC4E3B
E6C31C4A54
E6C24C47E4
E6C17C46EB
E6C0AC4769
E6BFDC495E
E6BF0C4CC9
E6BE3C51AC
E6BD6C5806
E6BC9C5FD6
E6BBCC691E
E6BAFC73DC
E6BA2C8012
E6B95C8DBE
E6B88C9CE1
E6B7BCAD7A
E6B6ECBF8B
E6B61CD312
E6B54CE810
E6B47CFE85
E6B3AD1670
E6B2DD2FD3
E6B20D4AAB
E6B13D66FB
E6B06D84C1
E6AF9DA3FE
E6AECDC4B2
E6ADFDE6DC
E6AD2E0A7D
E6AC5E2F94
E6AB8E5622
E6AABE7E27
E6A9EEA7A2
E6A91ED294
E6A84EFEFC
E6A77F2CDA
E6A6AF5C30
E6A5DF8CFB
E6A50FBF3D
E6A43FF2F6
E6A3702825
E6A2A05ECA
E6A1D096E6
E6A100D078
E6A0310B80
E69F6147FF
E69E9185F4
E69DC1C560
E69CF20641
E69C224899
E69B528C68
E69A82D1AC
E699B31867
E698E36098
E69813AA3F
E69743F55D
E6967441F0
E695A48FFA
E694D4DF7A
E694053070
E6933582DC
E69265D6BE
E691962C17
E690C682E5
E68FF6DB2A
E68F2734E4
E68E579015
E68D87ECBB
E68CB84AD8
E68BE8AA6A
E68B190B72
E68A496DF1
E68979D1E5
E688AA374F
E687DA9E30
E6870B0686
E6863B7051
E6856BDB93
E6849C484B
E683CCB678
E682FD261B
E6822D9734
E6815E09C3
E6808E7DC8
E67FBEF342
E67EEF6A32
E67E1FE298
E67D505C73
E67C80D7C4
E67BB1548B
E67AE1D2C7
E67A125279
E67942D3A1
E67873563E
E677A3DA51
E676D45FDA
E67604E6D8
E675356F4B
E67465F934
E673968493
E672C71167
E671F79FB1
E671282F70
E67058C0A4
E66F89534E
E66EB9E76D
E66DEA7D02
E66D1B140C
E66C4BAC8C
E66B7C4681
E66AACE1EB
E669DD7ECB
E6690E1D1F
E6683EBCEA
E6676F5E29
E666A000DE
E665D0A508
E665014AA7
E66431F1BB
E663629A45
E662934444
E661C3EFB8
E660F49CA1
E660254AFF
E65F55FAD3
E65E86AC1B
E65DB75ED9
E65CE8130C
E65C18C8B4
E65B497FD0
E65A7A3862
E659AAF269
E658DBADE5
E6580C6AD6
E6573D293C
E6566DE917
E6559EAA67
E654CF6D2B
E654003165
E65330F713
E65261BE37
E6519286CF
E650C350DC
E64FF41C5E
E64F24E955
E64E55B7C1
E64D8687A1
E64CB758F6
E64BE82BC0
E64B18FFFF
E64A49D5B2
E6497AACDA
E648AB8577
E647DC5F89
E6470D3B0F
E6463E180A
E6456EF679
E6449FD65D
E643D0B7B6
E643019A83
E642327EC5
E64163647C
E640944BA7
E63FC53446
E63EF61E5A
E63E2709E3
E63D57F6E0
E63C88E551
E63BB9D537
E63AEAC691
E63A1BB960
E6394CADA3
E6387DA35B
E637AE9A87
E636DF9327
E636108D3C
E6354188C5
E6347285C2
E633A38434
E632D4841A
E632058574
E631368842
E630678C85
E62F98923C
E62EC99967
E62DFAA206
E62D2BAC1A
E62C5CB7A1
E62B8DC49D
E62ABED30D
E629EFE2F1
E62920F449
E628520716
E627831B56
E626B4310A
E625E54833
E6251660CF
E624477ADF
E623789664
E622A9B35C
E621DAD1C9
E6210BF1A9
E6203D12FD
E61F6E35C5
E61E9F5A01
E61DD07FB1
E61D01A6D5
E61C32CF6D
E61B63F978
E61A9524F8
E619C651EB
E618F78052
E61828B02C
E61759E17B
E6168B143D
E615BC4873
E614ED7E1D
E6141EB53A
E6134FEDCB
E6128127D0
E611B26348
E610E3A034
E61014DE94
E60F461E67
E60E775FAE
E60DA8A269
E60CD9E697
E60C0B2C38
E60B3C734E
E60A6DBBD6
E6099F05D2
E608D05142
E608019E25
E60732EC7C
E606643C46
E605958D83
E604C6E034
E603F83458
E6032989F0
E6025AE0FB
E6018C3979
E600BD936B
E5FFEEEED0
E5FF204BA8
E5FE51A9F4
E5FD8309B3
E5FCB46AE5
E5FBE5CD8A
E5FB1731A3
E5FA48972F
E5F979FE2E
E5F8AB66A0
E5F7DCD085
E5F70E3BDE
E5F63FA8AA
E5F57116E8
E5F4A2869A
E5F3D3F7BF
E5F3056A57
E5F236DE62
E5F16853E1
E5F099CAD2
E5EFCB4336
E5EEFCBD0D
E5EE2E3858
E5ED5FB515
E5EC913345
E5EBC2B2E8
E5EAF433FE
E5EA25B687
E5E9573A83
E5E888BFF1
E5E7BA46D3
E5E6EBCF27
E5E61D58EF
E5E54EE429
E5E48070D6
E5E3B1FEF5
E5E2E38E88
E5E2151F8D
E5E146B205
E5E07845EF
E5DFA9DB4D
E5DEDB721D
E5DE0D0A5F
E5DD3EA415
E5DC703F3D
E5DBA1DBD8
E5DAD379E5
E5DA051965
E5D936BA57
E5D8685CBC
E5D79A0094
E5D6CBA5DE
E5D5FD4C9B
E5D52EF4CA
E5D4609E6C
E5D3924980
E5D2C3F607
E5D1F5A400
E5D127536B
E5D0590449
E5CF8AB69A
E5CEBC6A5C
E5CDEE1F92
E5CD1FD639
E5CC518E53
E5CB8347DF
E5CAB502DE
E5C9E6BF4E
E5C9187D32
E5C84A3C87
E5C77BFD4E
E5C6ADBF88
E5C5DF8334
E5C5114853
E5C4430EE3
E5C374D6E6
E5C2A6A05B
E5C1D86B42
E5C10A379B
E5C03C0566
E5BF6DD4A3
E5BE9FA553
E5BDD17774
E5BD034B08
E5BC35200D
E5BB66F685
E5BA98CE6E
E5B9CAA7CA
E5B8FC8298
E5B82E5ED7
E5B7603C89
E5B6921BAC
E5B5C3FC41
E5B4F5DE49
E5B427C1C2
E5B359A6AD
E5B28B8D0A
E5B1BD74D8
E5B0EF5E19
E5B02148CB
E5AF5334F0
E5AE852286
E5ADB7118D
E5ACE90207
E5AC1AF3F2
E5AB4CE74F
E5AA7EDC1E
E5A9B0D25E
E5A8E2CA10
E5A814C334
E5A746BDC9
E5A678B9D0
E5A5AAB748
E5A4DCB633
E5A40EB68E
E5A340B85C
E5A272BB9A
E5A1A4C04B
E5A0D6C66D
E5A008CE00
E59F3AD705
E59E6CE17C
E59D9EED64
E59CD0FABD
E59C030988
E59B3519C4
E59A672B71
E599993E90
E598CB5321
E597FD6923
E5972F8096
E59661997A
E59593B3D0
E594C5CF97
E593F7ECCF
E5932A0B79
E5925C2B93
E5918E4D1F
E590C0701D
E58FF2948B
E58F24BA6B
E58E56E1BC
E58D890A7E
E58CBB34B1
E58BED6055
E58B1F8D6A
E58A51BBF1
E58983EBE9
E588B61D51
E587E8502B
E5871A8476
E5864CBA31
E5857EF15E
E584B129FC
E583E3640B
E583159F8A
E58247DC7B
E5817A1ADD
E580AC5AAF
E57FDE9BF3
E57F10DEA7
E57E4322CC
E57D756862
E57CA7AF69
E57BD9F7E1
E57B0C41C9
E57A3E8D23
E57970D9ED
E578A32828
E577D577D3
E57707C8F0
E5763A1B7D
E5756C6F7A
E5749EC4E9
E573D11BC8
E573037418
E57235CDD8
E571682909
E5709A85AB
E56FCCE3BE
E56EFF4340
E56E31A434
E56D640698
E56C966A6D
E56BC8CFB2
E56AFB3667
E56A2D9E8D
E569600824
E56892732B
E567C4DFA2
E566F74D8A
E56629BCE3
E5655C2DAB
E5648E9FE5
E563C1138E
E562F388A8
E56225FF32
E56158772D
E5608AF098
E55FBD6B73
E55EEFE7BE
E55E22657A
E55D54E4A6
E55C876542
E55BB9E74F
E55AEC6ACB
E55A1EEFB8
E559517615
E55883FDE2
E557B68720
E556E911CD
E5561B9DEB
E5554E2B78
E55480BA76
E553B34AE4
E552E5DCC2
E552187010
E5514B04CE
E5507D9AFC
E54FB0329A
E54EE2CBA8
E54E156626
E54D480213
E54C7A9F71
E54BAD3E3F
E54ADFDE7D
E54A12802A
E549452348
E54877C7D5
E547AA6DD2
E546DD153F
E5460FBE1C
E545426868
E544751425
E543A7C151
E542DA6FED
E5420D1FF8
E5413FD173
E54072845E
E53FA538B9
E53ED7EE84
E53E0AA5BE
E53D3D5E67
E53C701881
E53BA2D40A
E53AD59102
E53A084F6B
E5393B0F42
E5386DD08A
E537A09341
E536D35767
E536061CFD
E53538E402
E5346BAC77
E5339E765C
E532D141AF
E532040E73
E53136DCA5
E53069AC47
E52F9C7D59
E52ECF4FDA
E52E0223CA
E52D34F92A
E52C67CFF8
E52B9AA837
E52ACD81E4
E52A005D01
E52933398D
E528661788
E52798F6F3
E526CBD7CD
E525FEBA16
E525319DCE
E5246482F6
E52397698C
E522CA5192
E521FD3B07
E5213025EB
E52063123E
E51F960000
E51EC8EF31
E51DFBDFD2
E51D2ED1E1
E51C61C560
E51B94BA4D
E51AC7B0A9
E519FAA875
E5192DA1AF
E518609C59
E517939871
E516C695F8
E515F994EE
E5152C9553
E5145F9727
E513929A6A
E512C59F1C
E511F8A53C
E5112BACCC
E5105EB5CA
E50F91C037
E50EC4CC12
E50DF7D95D
E50D2AE816
E50C5DF83E
E50B9109D4
E50AC41CDA
E509F7314E
E5092A4730
E5085D5E82
E507907742
E506C39170
E505F6AD0E
E50529CA1A
E5045CE894
E50390087D
E502C329D5
E501F64C9B
E5012970CF
E5005C9672
E4FF8FBD84
E4FEC2E604
E4FDF60FF2
E4FD293B4F
E4FC5C681B
E4FB8F9655
E4FAC2C5FD
E4F9F5F714
E4F9292999
E4F85C5D8C
E4F78F92EE
E4F6C2C9BE
E4F5F601FC
E4F5293BA9
E4F45C76C4
E4F38FB34D
E4F2C2F144
E4F1F630AA
E4F129717E
E4F05CB3C0
E4EF8FF770
E4EEC33C8F
E4EDF6831B
E4ED29CB16
E4EC5D147F
E4EB905F56
E4EAC3AB9B
E4E9F6F94E
E4E92A486F
E4E85D98FF
E4E790EAFC
E4E6C43E68
E4E5F79341
E4E52AE988
E4E45E413E
E4E3919A61
E4E2C4F4F3
E4E1F850F2
E4E12BAE5F
E4E05F0D3A
E4DF926D83
E4DEC5CF3A
E4DDF9325F
E4DD2C96F1
E4DC5FFCF2
E4DB936460
E4DAC6CD3C
E4D9FA3786
E4D92DA33D
E4D8611063
E4D7947EF6
E4D6C7EEF7
E4D5FB6065
E4D52ED341
E4D462478B
E4D395BD43
E4D2C93468
E4D1FCACFB
E4D13026FB
E4D063A269
E4CF971F45
E4CECA9D8E
E4CDFE1D45
E4CD319E6A
E4CC6520FB
E4CB98A4FB
E4CACC2A68
E4C9FFB142
E4C933398A
E4C866C33F
E4C79A4E62
E4C6CDDAF3
E4C60168F0
E4C534F85B
E4C4688934
E4C39C1B79
E4C2CFAF2D
E4C203444D
E4C136DADB
E4C06A72D6
E4BF9E0C3E
E4BED1A714
E4BE054357
E4BD38E107
E4BC6C8025
E4BBA020AF
E4BAD3C2A7
E4BA07660C
E4B93B0ADE
E4B86EB11E
E4B7A258CA
E4B6D601E4
E4B609AC6B
E4B53D585F
E4B47105C0
E4B3A4B48E
E4B2D864C9
E4B20C1671
E4B13FC986
E4B0737E08
E4AFA733F7
E4AEDAEB53
E4AE0EA41D
E4AD425E53
E4AC7619F6
E4ABA9D705
E4AADD9582
E4AA11556C
E4A94516C3
E4A878D986
E4A7AC9DB6
E4A6E06353
E4A6142A5D
E4A547F2D4
E4A47BBCB8
E4A3AF8808
E4A2E354C5
E4A21722EF
E4A14AF285
E4A07EC388
E49FB295F8
E49EE669D5
E49E1A3F1E
E49D4E15D4
E49C81EDF7
E49BB5C786
E49AE9A282
E49A1D7EEA
E499515CBF
E498853C01
E497B91CAF
E496ECFEC9
E49620E250
E49554C744
E49488ADA4
E493BC9571
E492F07EAA
E49224694F
E491585561
E4908C42E0
E48FC031CA
E48EF42222
E48E2813E5
E48D5C0715
E48C8FFBB1
E48BC3F1BA
E48AF7E92E
E48A2BE20F
E4895FDC5D
E48893D817
E487C7D53C
E486FBD3CF
E4862FD3CD
E48563D538
E48497D80E
E483CBDC51
E482FFE200
E48233E91C
E48167F1A3
E4809BFB96
E47FD006F6
E47F0413C2
E47E3821F9
E47D6C319D
E47CA042AD
E47BD45529
E47B086911
E47A3C7E65
E479709525
E478A4AD50
E477D8C6E8
E4770CE1EC
E47640FE5C
E475751C37
E474A93B7F
E473DD5C32
E473117E51
E47245A1DC
E47179C6D3
E470ADED36
E46FE21504
E46F163E3F
E46E4A68E5
E46D7E94F6
E46CB2C274
E46BE6F15D
E46B1B21B2
E46A4F5373
E46983869F
E468B7BB37
E467EBF13B
E4672028AB
E466546186
E465889BCC
E464BCD77E
E463F1149C
E463255325
E46259931A
E4618DD47B
E460C21747
E45FF65B7E
E45F2AA121
E45E5EE830
E45D9330A9
E45CC77A8F
E45BFBC5E0
E45B30129C
E45A6460C3
E45998B056
E458CD0155
E4580153BE
E45735A793
E45669FCD4
E4559E537F
E454D2AB96
E454070519
E4533B6006
E4526FBC5F
E451A41A23
E450D87952
E4500CD9ED
E44F413BF3
E44E759F63
E44DAA043F
E44CDE6A87
E44C12D239
E44B473B56
E44A7BA5DF
E449B011D2
E448E47F31
E44818EDFB
E4474D5E30
E44681CFD0
E445B642DA
E444EAB750
E4441F2D31
E44353A47D
E442881D34
E441BC9755
E440F112E2
E440258FDA
E43F5A0E3C
E43E8E8E0A
E43DC30F42
E43CF791E5
E43C2C15F3
E43B609B6B
E43A95224F
E439C9AA9D
E438FE3456
E43832BF7A
E437674C09
E4369BDA02
E435D06966
E43504FA35
E434398C6F
E4336E2013
E432A2B522
E431D74B9B
E4310BE37F
E430407CCE
E42F751787
E42EA9B3AB
E42DDE513A
E42D12F033
E42C479097
E42B7C3265
E42AB0D59D
E429E57A40
E4291A204E
E4284EC7C6
E4278370A9
E426B81AF6
E425ECC6AD
E4252173CF
E42456225B
E4238AD252
E422BF83B3
E421F4367E
E42128EAB4
E4205DA054
E41F92575E
E41EC70FD3
E41DFBC9B1
E41D3084FB
E41C6541AE
E41B99FFCC
E41ACEBF53
E41A038045
E4193842A2
E4186D0668
E417A1CB99
E416D69233
E4160B5A38
E4154023A7
E41474EE80
E413A9BAC3
E412DE8870
E412135788
E411482809
E4107CF9F4
E40FB1CD49
E40EE6A209
E40E1B7832
E40D504FC5
E40C8528C3
E40BBA032A
E40AEEDEFB
E40A23BC36
E409589ADB
E4088D7AEA
E407C25C62
E406F73F45
E4062C2391
E405610947
E40495F067
E403CAD8F1
E402FFC2E4
E40234AE42
E401699B09
E4009E8939
E3FFD378D4
E3FF0869D8
E3FE3D5C46
E3FD72501D
E3FCA7455E
E3FBDC3C09
E3FB11341E
E3FA462D9C
E3F97B2883
E3F8B024D5
E3F7E52290
E3F71A21B4
E3F64F2242
E3F5842439
E3F4B9279A
E3F3EE2C65
E3F3233299
E3F2583A36
E3F18D433D
E3F0C24DAD
E3EFF75987
E3EF2C66CA
E3EE617576
E3ED96858C
E3ECCB970B
E3EC00A9F4
E3EB35BE46
E3EA6AD401
E3E99FEB26
E3E8D503B4
E3E80A1DAB
E3E73F390B
E3E67455D5
E3E5A97408
E3E4DE93A4
E3E413B4A9
E3E348D717
E3E27DFAEF
E3E1B32030
E3E0E846DA
E3E01D6EED
E3DF529869
E3DE87C34E
E3DDBCEF9C
E3DCF21D54
E3DC274C74
E3DB5C7CFE
E3DA91AEF0
E3D9C6E24C
E3D8FC1710
E3D8314D3E
E3D76684D4
E3D69BBDD4
E3D5D0F83C
E3D506340D
E3D43B7148
E3D370AFEB
E3D2A5EFF7
E3D1DB316B
E3D1107449
E3D045B890
E3CF7AFE3F
E3CEB04557
E3CDE58DD8
E3CD1AD7C2
E3CC502314
E3CB856FCF
E3CABABDF3
E3C9F00D80
E3C9255E75
E3C85AB0D3
E3C790049A
E3C6C559C9
E3C5FAB061
E3C5300862
E3C46561CB
E3C39ABC9D
E3C2D018D7
E3C205767A
E3C13AD586
E3C07035FA
E3BFA597D7
E3BEDAFB1C
E3BE105FC9
E3BD45C5DF
E3BC7B2D5E
E3BBB09645
E3BAE60094
E3BA1B6C4C
E3B950D96C
E3B88647F5
E3B7BBB7E6
E3B6F12940
E3B6269C01
E3B55C102B
E3B49185BE
E3B3C6FCB9
E3B2FC751C
E3B231EEE7
E3B1676A1A
E3B09CE6B6
E3AFD264BA
E3AF07E426
E3AE3D64FB
E3AD72E737
E3ACA86ADC
E3ABDDEFE9
E3AB13765E
E3AA48FE3B
E3A97E8781
E3A8B4122E
E3A7E99E44
E3A71F2BC1
E3A654BAA7
E3A58A4AF5
E3A4BFDCAA
E3A3F56FC8
E3A32B044E
E3A2609A3C
E3A1963191
E3A0CBCA4F
E3A0016474
E39F370002
E39E6C9CF7
E39DA23B55
E39CD7DB1A
E39C0D7C47
E39B431EDC
E39A78C2D8
E399AE683D
E398E40F09
E39819B73D
E3974F60D9
E396850BDD
E395BAB848
E394F0661C
E394261556
E3935BC5F9
E392917803
E391C72B75
E390FCE04F
E390329690
E38F684E39
E38E9E0749
E38DD3C1C1
E38D097DA1
E38C3F3AE8
E38B74F997
E38AAAB9AE
E389E07B2B
E389163E11
E3884C025E
E38781C812
E386B78F2E
E385ED57B1
E38523219C
E38458ECEE
E3838EB9A8
E382C487C9
E381FA5751
E381302841
E38065FA98
E37F9BCE56
E37ED1A37C
E37E077A09
E37D3D51FD
E37C732B59
E37BA9061C
E37ADEE246
E37A14BFD7
E3794A9ED0
E378807F30
E377B660F7
E376EC4425
E3762228BA
E375580EB7
E3748DF61A
E373C3DEE5
E372F9C917
E3722FB4B0
E37165A1B0
E3709B9017
E36FD17FE5
E36F07711A
E36E3D63B6
E36D7357BA
E36CA94D24
E36BDF43F5
E36B153C2D
E36A4B35CC
E3698130D2
E368B72D3F
E367ED2B12
E367232A4D
E366592AEF
E3658F2CF7
E364C53066
E363FB353C
E363313B79
E36267431D
E3619D4C27
E360D35698
E360096270
E35F3F6FAF
E35E757E54
E35DAB8E61
E35CE19FD3
E35C17B2AD
E35B4DC6ED
E35A83DC94
E359B9F3A1
E358F00C15
E3582625F0
E3575C4131
E356925DD9
E355C87BE8
E354FE9B5D
E35434BC38
E3536ADE7A
E352A10223
E351D72732
E3510D4DA7
E350437583
E34F799EC6
E34EAFC96F
E34DE5F57E
E34D1C22F4
E34C5251D0
E34B888212
E34ABEB3BB
E349F4E6CA
E3492B1B40
E34861511B
E34797885D
E346CDC106
E34603FB14
E3453A3689
E344707365
E343A6B1A6
E342DCF14E
E34213325B
E3414974CF
E3407FB8AA
E33FB5FDEA
E33EEC4490
E33E228C9D
E33D58D610
E33C8F20E8
E33BC56D27
E33AFBBACC
E33A3209D7
E339685A48
E3389EAC1F
E337D4FF5C
E3370B5400
E33641AA09
E335780178
E334AE5A4D
E333E4B488
E3331B1028
E332516D2F
E33187CB9C
E330BE2B6E
E32FF48CA7
E32F2AEF45
E32E615349
E32D97B8B3
E32CCE1F83
E32C0487B8
E32B3AF153
E32A715C54
E329A7C8BB
E328DE3688
E32814A5BA
E3274B1652
E326818850
E325B7FBB3
E324EE707C
E32424E6AB
E3235B5E3F
E32291D739
E321C85198
E320FECD5D
E320354A88
E31F6BC918
E31EA2490E
E31DD8CA69
E31D0F4D2A
E31C45D150
E31B7C56DC
E31AB2DDCD
E319E96624
E3191FEFE0
E318567B02
E3178D0789
E316C39575
E315FA24C7
E31530B57E
E31467479B
E3139DDB1D
E312D47004
E3120B0651
E311419E02
E31078371A
E30FAED196
E30EE56D78
E30E1C0ABE
E30D52A96B
E30C89497C
E30BBFEAF2
E30AF68DCE
E30A2D320F
E30963D7B5
E3089A7EC0
E307D12730
E30707D106
E3063E7C40
E3057528E0
E304ABD6E4
E303E2864E
E30319371D
E3024FE951
E301869CE9
E300BD51E7
E2FFF4084A
E2FF2AC012
E2FE61793E
E2FD9833D0
E2FCCEEFC6
E2FC05AD22
E2FB3C6BE2
E2FA732C07
E2F9A9ED91
E2F8E0B080
E2F81774D4
E2F74E3A8D
E2F68501AA
E2F5BBCA2C
E2F4F29413
E2F4295F5F
E2F3602C0F
E2F296FA24
E2F1CDC99E
E2F1049A7D
E2F03B6CC0
E2EF724068
E2EEA91575
E2EDDFEBE6
E2ED16C3BC
E2EC4D9CF7
E2EB847796
E2EABB5399
E2E9F23102
E2E9290FCF
E2E85FF000
E2E796D196
E2E6CDB490
E2E60498EF
E2E53B7EB3
E2E47265DB
E2E3A94E67
E2E2E03858
E2E21723AD
E2E14E1067
E2E084FE85
E2DFBBEE07
E2DEF2DEEE
E2DE29D13A
E2DD60C4E9
E2DC97B9FD
E2DBCEB075
E2DB05A852
E2DA3CA192
E2D9739C37
E2D8AA9841
E2D7E195AE
E2D7189480
E2D64F94B6
E2D5869650
E2D4BD994E
E2D3F49DB1
E2D32BA378
E2D262AAA3
E2D199B331
E2D0D0BD25
E2D007C87C
E2CF3ED537
E2CE75E356
E2CDACF2DA
E2CCE403C1
E2CC1B160D
E2CB5229BC
E2CA893ECF
E2C9C05547
E2C8F76D22
E2C82E8662
E2C765A105
E2C69CBD0C
E2C5D3DA77
E2C50AF946
E2C4421979
E2C3793B10
E2C2B05E0A
E2C1E78269
E2C11EA82B
E2C055CF51
E2BF8CF7DB
E2BEC421C9
E2BDFB4D1A
E2BD3279CF
E2BC69A7E8
E2BBA0D765
E2BAD80845
E2BA0F3A89
E2B9466E31
E2B87DA33D
E2B7B4D9AC
E2B6EC117E
E2B6234AB5
E2B55A854E
E2B491C14C
E2B3C8FEAD
E2B3003D72
E2B2377D9A
E2B16EBF26
E2B0A60215
E2AFDD4668
E2AF148C1E
E2AE4BD338
E2AD831BB5
E2ACBA6595
E2ABF1B0D9
E2AB28FD81
E2AA604B8C
E2A9979AFA
E2A8CEEBCC
E2A8063E01
E2A73D9199
E2A674E695
E2A5AC3CF4
E2A4E394B6
E2A41AEDDC
E2A3524865
E2A289A451
E2A1C101A0
E2A0F86053
E2A02FC069
E29F6721E2
E29E9E84BE
E29DD5E8FD
E29D0D4EA0
E29C44B5A6
E29B7C1E0F
E29AB387DB
E299EAF30A
E299225F9C
E29859CD91
E297913CE9
E296C8ADA5
E296001FC3
E295379344
E2946F0829
E293A67E70
E292DDF61B
E292156F28
E2914CE998
E29084656B
E28FBBE2A1
E28EF3613B
E28E2AE136
E28D626295
E28C99E557
E28BD1697B
E28B08EF03
E28A4075ED
E28977FE3A
E288AF87E9
E287E712FC
E2871E9F71
E286562D49
E2858DBC84
E284C54D21
E283FCDF21
E283347284
E2826C074A
E281A39D72
E280DB34FD
E28012CDEA
E27F4A683A
E27E8203ED
E27DB9A102
E27CF13F7A
E27C28DF54
E27B608091
E27A982330
E279CFC732
E279076C97
E2783F135E
E27776BB87
E276AE6513
E275E61001
E2751DBC52
E274556A05
E2738D191A
E272C4C992
E271FC7B6D
E271342EA9
E2706BE348
E26FA39949
E26EDB50AD
E26E130973
E26D4AC39B
E26C827F26
E26BBA3C12
E26AF1FA61
E26A29BA13
E269617B26
E268993D9C
E267D10173
E26708C6AD
E266408D49
E265785548
E264B01EA8
E263E7E96B
E2631FB58F
E262578316
E2618F51FF
E260C72249
E25FFEF3F6
E25F36C705
E25E6E9B76
E25DA67149
E25CDE487E
E25C162114
E25B4DFB0D
E25A85D668
E259BDB325
E258F59143
E2582D70C4
E2576551A6
E2569D33EA
E255D51790
E2550CFC98
E25444E302
E2537CCACD
E252B4B3FB
E251EC9E8A
E251248A7B
E2505C77CD
E24F946682
E24ECC5698
E24E044810
E24D3C3AE9
E24C742F24
E24BAC24C1
E24AE41BC0
E24A1C1420
E249540DE2
E2488C0905
E247C4058A
E246FC0371
E2463402B9
E2456C0362
E244A4056E
E243DC08DA
E243140DA9
E2424C13D8
E241841B6A
E240BC245C
E23FF42EB1
E23F2C3A66
E23E64477D
E23D9C55F6
E23CD465CF
E23C0C770B
E23B4489A7
E23A7C9DA5
E239B4B305
E238ECC9C5
E23824E1E7
E2375CFB6A
E23695164F
E235CD3295
E23505503C
E2343D6F44
E233758FAD
E232ADB178
E231E5D4A4
E2311DF931
E230561F1F
E22F8E466F
E22EC66F1F
E22DFE9931
E22D36C4A3
E22C6EF177
E22BA71FAC
E22ADF4F42
E22A178039
E2294FB291
E22887E64B
E227C01B65
E226F851E0
E2263089BC
E22568C2F9
E224A0FD97
E223D93996
E2231176F6
E22249B5B7
E22181F5D8
E220BA375B
E21FF27A3F
E21F2ABE83
E21E630428
E21D9B4B2E
E21CD39395
E21C0BDD5C
E21B442885
E21A7C750E
E219B4C2F8
E218ED1242
E2182562EE
E2175DB4FA
E216960867
E215CE5D34
E21506B362
E2143F0AF1
E2137763E0
E212AFBE30
E211E819E1
E2112076F2
E21058D564
E20F913536
E20EC99669
E20E01F8FD
E20D3A5CF1
E20C72C245
E20BAB28FA
E20AE39110
E20A1BFA86
E20954655C
E2088CD193
E207C53F2A
E206FDAE22
E206361E7A
E2056E9033
E204A7034C
E203DF77C5
E20317ED9E
E2025064D8
E20188DD72
E200C1576D
E1FFF9D2C8
E1FF324F83
E1FE6ACD9E
E1FDA34D1A
E1FCDBCDF5
E1FC145031
E1FB4CD3CD
E1FA8558CA
E1F9BDDF26
E1F8F666E3
E1F82EF000
E1F7677A7D
E1F6A0065A
E1F5D89397
E1F5112234
E1F449B232
E1F382438F
E1F2BAD64C
E1F1F36A6A
E1F12BFFE7
E1F06496C5
E1EF9D2F02
E1EED5C8A0
E1EE0E639D
E1ED46FFFA
E1EC7F9DB7
E1EBB83CD5
E1EAF0DD52
E1EA297F2F
E1E962226B
E1E89AC708
E1E7D36D05
E1E70C1461
E1E644BD1D
E1E57D6739
E1E4B612B5
E1E3EEBF90
E1E3276DCB
E1E2601D66
E1E198CE61
E1E0D180BC
E1E00A3476
E1DF42E990
E1DE7BA009
E1DDB457E2
E1DCED111B
E1DC25CBB3
E1DB5E87AC
E1DA974503
E1D9D003BA
E1D908C3D1
E1D8418548
E1D77A481E
E1D6B30C53
E1D5EBD1E8
E1D52498DC
E1D45D6130
E1D3962AE4
E1D2CEF5F7
E1D207C269
E1D140903B
E1D0795F6C
E1CFB22FFC
E1CEEB01EC
E1CE23D53C
E1CD5CA9EB
E1CC957FF9
E1CBCE5766
E1CB073033
E1CA400A5F
E1C978E5EA
E1C8B1C2D4
E1C7EAA11E
E1C72380C7
E1C65C61D0
E1C5954437
E1C4CE27FE
E1C4070D24
E1C33FF3A9
E1C278DB8D
E1C1B1C4D1
E1C0EAAF73
E1C0239B75
E1BF5C88D5
E1BE957795
E1BDCE67B4
E1BD075932
E1BC404C0F
E1BB79404B
E1BAB235E6
E1B9EB2CE0
E1B924253A
E1B85D1EF2
E1B7961A09
E1B6CF167F
E1B6081453
E1B5411387
E1B47A141A
E1B3B3160C
E1B2EC195C
E1B2251E0B
E1B15E241A
E1B0972B87
E1AFD03453
E1AF093E7D
E1AE424A07
E1AD7B56EF
E1ACB46536
E1ABED74DC
E1AB2685E0
E1AA5F9843
E1A998AC05
E1A8D1C126
E1A80AD7A5
E1A743EF83
E1A67D08C0
E1A5B6235B
E1A4EF3F55
E1A4285CAE
E1A3617B65
E1A29A9B7A
E1A1D3BCEE
E1A10CDFC1
E1A04603F3
E19F7F2982
E19EB85071
E19DF178BE
E19D2AA269
E19C63CD73
E19B9CF9DB
E19AD627A2
E19A0F56C7
E19948874A
E19881B92C
E197BAEC6D
E196F4210B
E1962D5708
E195668E64
E1949FC71D
E193D90135
E193123CAC
E1924B7980
E19184B7B3
E190BDF744
E18FF73834
E18F307A81
E18E69BE2D
E18DA30337
E18CDC499F
E18C159165
E18B4EDA8A
E18A88250D
E189C170ED
E188FABE2C
E188340CC9
E1876D5CC4
E186A6AE1E
E185E000D5
E1851954EA
E18452AA5D
E1838C012F
E182C5595E
E181FEB2EB
E181380DD6
E180716A20
E17FAAC7C7
E17EE426CC
E17E1D872F
E17D56E8F0
E17C904C0F
E17BC9B08B
E17B031666
E17A3C7D9E
E17975E634
E178AF5029
E177E8BB7A
E17722282A
E1765B9637
E1759505A3
E174CE766B
E17407E892
E173415C16
E1727AD0F9
E171B44738
E170EDBED6
E1702737D1
E16F60B22A
E16E9A2DE0
E16DD3AAF4
E16D0D2966
E16C46A935
E16B802A62
E16AB9ACEC
E169F330D4
E1692CB619
E168663CBC
E1679FC4BD
E166D94E1B
E16612D8D6
E1654C64EF
E16485F265
E163BF8139
E162F9116A
E16232A2F9
E1616C35E5
E160A5CA2E
E15FDF5FD5
E15F18F6D9
E15E528F3B
E15D8C28F9
E15CC5C416
E15BFF608F
E15B38FE66
E15A729D9A
E159AC3E2B
E158E5E019
E1581F8365
E15759280E
E15692CE14
E155CC7577
E155061E38
E1543FC855
E1537973D0
E152B320A8
E151ECCEDD
E151267E6F
E150602F5E
E14F99E1AA
E14ED39553
E14E0D4A5A
E14D4700BD
E14C80B87D
E14BBA719B
E14AF42C15
E14A2DE7EC
E14967A521
E148A163B2
E147DB23A0
E14714E4EB
E1464EA793
E145886B98
E144C230FA
E143FBF7B8
E14335BFD4
E1426F894C
E141A95421
E140E32053
E1401CEDE2
E13F56BCCD
E13E908D16
E13DCA5EBB
E13D0431BC
E13C3E061B
E13B77DBD6
E13AB1B2EE
E139EB8B62
E139256533
E1385F4061
E137991CEC
E136D2FAD3
E1360CDA17
E13546BAB7
E134809CB4
E133BA800D
E132F464C3
E1322E4AD6
E131683245
E130A21B10
E12FDC0538
E12F15F0BD
E12E4FDD9E
E12D89CBDB
E12CC3BB75
E12BFDAC6C
E12B379EBE
E12A71926D
E129AB8779
E128E57DE1
E1281F75A5
E127596EC6
E126936943
E125CD651C
E125076251
E1244160E3
E1237B60D1
E122B5621B
E121EF64C2
E1212968C5
E120636E24
E11F9D74DF
E11ED77CF7
E11E11866A
E11D4B913A
E11C859D66
E11BBFAAEE
E11AF9B9D2
E11A33CA12
E1196DDBAE
E118A7EEA7
E117E202FB
E1171C18AC
E116562FB8
E115904821
E114CA61E5
E114047D06
E1133E9983
E11278B75B
E111B2D68F
E110ECF720
E11027190C
E10F613C54
E10E9B60F8
E10DD586F8
E10D0FAE54
E10C49D70C
E10B84011F
E10ABE2C8F
E109F8595A
E109328781
E1086CB704
E107A6E7E2
E106E11A1C
E1061B4DB2
E1055582A4
E1048FB8F2
E103C9F09B
E1030429A0
E1023E6400
E101789FBC
E100B2DCD4
E0FFED1B47
E0FF275B16
E0FE619C41
E0FD9BDEC7
E0FCD622A9
E0FC1067E6
E0FB4AAE7F
E0FA84F674
E0F9BF3FC3
E0F8F98A6F
E0F833D676
E0F76E23D8
E0F6A87296
E0F5E2C2AF
E0F51D1424
E0F45766F4
E0F391BB20
E0F2CC10A7
E0F2066789
E0F140BFC7
E0F07B1960
E0EFB57454
E0EEEFD0A4
E0EE2A2E4E
E0ED648D55
E0EC9EEDB6
E0EBD94F73
E0EB13B28B
E0EA4E16FE
E0E9887CCD
E0E8C2E3F7
E0E7FD4C7B
E0E737B65C
E0E6722197
E0E5AC8E2D
E0E4E6FC1F
E0E4216B6B
E0E35BDC13
E0E2964E16
E0E1D0C174
E0E10B362D
E0E045AC41
E0DF8023B0
E0DEBA9C7A
E0DDF516A0
E0DD2F9220
E0DC6A0EFB
E0DBA48D31
E0DADF0CC2
E0DA198DAE
E0D9540FF5
E0D88E9397
E0D7C91894
E0D7039EEB
E0D63E269E
E0D578AFAB
E0D4B33A13
E0D3EDC5D6
E0D32852F4
E0D262E16D
E0D19D7140
E0D0D8026E
E0D01294F7
E0CF4D28DB
E0CE87BE1A
E0CDC254B3
E0CCFCECA7
E0CC3785F5
E0CB72209F
E0CAACBCA3
E0C9E75A01
E0C921F8BA
E0C85C98CE
E0C7973A3D
E0C6D1DD06
E0C60C8129
E0C54726A7
E0C481CD80
E0C3BC75B3
E0C2F71F41
E0C231CA2A
E0C16C766C
E0C0A7240A
E0BFE1D301
E0BF1C8354
E0BE573500
E0BD91E807
E0BCCC9C69
E0BC075225
E0BB42093B
E0BA7CC1AC
E0B9B77B77
E0B8F2369C
E0B82CF31C
E0B767B0F6
E0B6A2702A
E0B5DD30B8
E0B517F2A1
E0B452B5E4
E0B38D7A82
E0B2C84079
E0B20307CB
E0B13DD077
E0B0789A7D
E0AFB365DE
E0AEEE3298
E0AE2900AD
E0AD63D01C
E0AC9EA0E5
E0ABD97308
E0AB144685
E0AA4F1B5C
E0A989F18E
E0A8C4C919
E0A7FFA1FE
E0A73A7C3E
E0A67557D7
E0A5B034CB
E0A4EB1318
E0A425F2BF
E0A360D3C1
E0A29BB61C
E0A1D699D1
E0A1117EE0
E0A04C6549
E09F874D0C
E09EC23629
E09DFD209F
E09D380C70
E09C72F99A
E09BADE81E
E09AE8D7FC
E09A23C934
E0995EBBC5
E09899AFB0
E097D4A4F5
E0970F9B94
E0964A938C
E095858CDE
E094C0878A
E093FB8390
E0933680EF
E092717FA8
E091AC7FBA
E090E78126
E0902283EC
E08F5D880B
E08E988D84
E08DD39456
E08D0E9C82
E08C49A608
E08B84B0E7
E08ABFBD1F
E089FACAB1
E08935D99D
E08870E9E2
E087ABFB80
E086E70E78
E0862222C9
E0855D3874
E084984F78
E083D367D5
E0830E818C
E082499C9C
E08184B906
E080BFD6C9
E07FFAF5E5
E07F36165A
E07E713829
E07DAC5B51
E07CE77FD3
E07C22A5AD
E07B5DCCE1
E07A98F56E
E079D41F54
E0790F4A94
E0784A772C
E07785A51E
E076C0D469
E075FC050D
E07537370A
E074726A60
E073AD9F10
E072E8D518
E072240C79
E0715F4534
E0709A7F48
E06FD5BAB4
E06F10F77A
E06E4C3598
E06D877510
E06CC2B5E1
E06BFDF80A
E06B393B8D
E06A748068
E069AFC69C
E068EB0E2A
E068265710
E06761A14F
E0669CECE6
E065D839D7
E065138821
E0644ED7C3
E0638A28BE
E062C57B12
E06200CEBF
E0613C23C4
E060777A22
E05FB2D1D9
E05EEE2AE9
E05E298551
E05D64E112
E05CA03E2C
E05BDB9C9E
E05B16FC69
E05A525D8D
E0598DC009
E058C923DE
E05804890C
E0573FEF92
E0567B5771
E055B6C0A8
E054F22B38
E0542D9720
E053690461
E052A472FA
E051DFE2EC
E0511B5436
E05056C6D9
E04F923AD4
E04ECDB027
E04E0926D3
E04D449ED8
E04C801835
E04BBB92EA
E04AF70EF7
E04A328C5D
E0496E0B1B
E048A98B32
E047E50CA1
E047208F68
E0465C1387
E0459798FF
E044D31FCF
E0440EA7F7
E0434A3177
E04285BC50
E041C14881
E040FCD609
E0403864EB
E03F73F524
E03EAF86B5
E03DEB199F
E03D26ADE1
E03C62437A
E03B9DDA6C
E03AD972B6
E03A150C58
E03950A752
E0388C43A4
E037C7E14E
E037038050
E0363F20AA
E0357AC25C
E034B66566
E033F209C8
E0332DAF82
E032695694
E031A4FEFD
E030E0A8BF
E0301C53D8
E02F58004A
E02E93AE13
E02DCF5D34
E02D0B0DAD
E02C46BF7D
E02B8272A6
E02ABE2726
E029F9DCFE
E02935942E
E028714CB5
E027AD0694
E026E8C1CB
E026247E5A
E025603C40
E0249BFB7E
E023D7BC14
E023137E01
E0224F4146
E0218B05E2
E020C6CBD7
E020029322
E01F3E5BC6
E01E7A25C0
E01DB5F113
E01CF1BDBD
E01C2D8BBE
E01B695B17
E01AA52BC7
E019E0FDCF
E0191CD12F
E01858A5E6
E017947BF4
E016D0535A
E0160C2C17
E01548062B
E01483E197
E013BFBE5A
E012FB9C75
E012377BE7
E011735CB0
E010AF3ED1
E00FEB2249
E00F270718
E00E62ED3E
E00D9ED4BC
E00CDABD91
E00C16A7BD
E00B529340
E00A8E801B
E009CA6E4D
E009065DD6
E008424EB6
E0077E40ED
E006BA347B
E005F62961
E005321F9E
E0046E1731
E003AA101C
E002E60A5E
E0022205F7
E0015E02E7
E0009A012E
DFFFD600CC
DFFF1201C1
DFFE4E040D
DFFD8A07B0
DFFCC60CAA
DFFC0212FB
DFFB3E1AA2
DFFA7A23A1
DFF9B62DF7
DFF8F239A3
DFF82E46A6
DFF76A5501
DFF6A664B2
DFF5E275BA
DFF51E8818
DFF45A9BCE
DFF396B0DA
DFF2D2C73D
DFF20EDEF7
DFF14AF808
DFF087126F
DFEFC32E2D
DFEEFF4B42
DFEE3B69AD
DFED77896F
DFECB3AA88
DFEBEFCCF8
DFEB2BF0BE
DFEA6815DA
DFE9A43C4E
DFE8E06418
DFE81C8D38
DFE758B7AF
DFE694E37D
DFE5D110A1
DFE50D3F1C
DFE4496EED
DFE385A015
DFE2C1D293
DFE1FE0668
DFE13A3B93
DFE0767214
DFDFB2A9EC
DFDEEEE31B
DFDE2B1DA0
DFDD67597B
DFDCA396AD
DFDBDFD535
DFDB1C1513
DFDA585648
DFD99498D3
DFD8D0DCB4
DFD80D21EC
DFD749687A
DFD685B05E
DFD5C1F998
DFD4FE4429
DFD43A9010
DFD376DD4D
DFD2B32BE1
DFD1EF7BCA
DFD12BCD0A
DFD0681FA0
DFCFA4738C
DFCEE0C8CE
DFCE1D1F66
DFCD597754
DFCC95D099
DFCBD22B33
DFCB0E8724
DFCA4AE46B
DFC9874307
DFC8C3A2FA
DFC8000443
DFC73C66E1
DFC678CAD6
DFC5B53021
DFC4F196C1
DFC42DFEB8
DFC36A6805
DFC2A6D2A7
DFC1E33E9F
DFC11FABED
DFC05C1A91
DFBF988A8B
DFBED4FBDB
DFBE116E81
DFBD4DE27C
DFBC8A57CD
DFBBC6CE74
DFBB034671
DFBA3FBFC4
DFB97C3A6C
DFB8B8B66A
DFB7F533BE
DFB731B267
DFB66E3267
DFB5AAB3BB
DFB4E73666
DFB423BA66
DFB3603FBC
DFB29CC667
DFB1D94E68
DFB115D7BF
DFB052626B
DFAF8EEE6D
DFAECB7BC4
DFAE080A71
DFAD449A74
DFAC812BCC
DFABBDBE79
DFAAFA527C
DFAA36E7D5
DFA9737E83
DFA8B01686
DFA7ECAFDF
DFA7294A8D
DFA665E691
DFA5A283EA
DFA4DF2298
DFA41BC29C
DFA35863F5
DFA29506A3
DFA1D1AAA7
DFA10E5000
DFA04AF6AE
DF9F879EB2
DF9EC4480B
DF9E00F2B9
DF9D3D9EBD
DF9C7A4C15
DF9BB6FAC3
DF9AF3AAC6
DF9A305C1F
DF996D0ECC
DF98A9C2CF
DF97E67827
DF97232ED3
DF965FE6D6
DF959CA02D
DF94D95AD9
DF941616DA
DF9352D431
DF928F92DC
DF91CC52DD
DF91091432
DF9045D6DD
DF8F829ADC
DF8EBF6031
DF8DFC26DA
DF8D38EED8
DF8C75B82C
DF8BB282D4
DF8AEF4ED1
DF8A2C1C24
DF8968EACB
DF88A5BAC6
DF87E28C17
DF871F5EBD
DF865C32B7
DF85990806
DF84D5DEAB
DF8412B6A3
DF834F8FF1
DF828C6A94
DF81C9468B
DF810623D7
DF80430277
DF7F7FE26D
DF7EBCC3B7
DF7DF9A655
DF7D368A49
DF7C736F91
DF7BB0562E
DF7AED3E1F
DF7A2A2765
DF796711FF
DF78A3FDEF
DF77E0EB32
DF771DD9CB
DF765AC9B7
DF7597BAF9
DF74D4AD8F
DF7411A179
DF734E96B8
DF728B8D4B
DF71C88533
DF71057E70
DF70427900
DF6F7F74E5
DF6EBC721F
DF6DF970AD
DF6D36708F
DF6C7371C6
DF6BB07451
DF6AED7831
DF6A2A7D65
DF696783ED
DF68A48BC9
DF67E194FA
DF671E9F7F
DF665BAB58
DF6598B885
DF64D5C707
DF6412D6DD
DF634FE807
DF628CFA86
DF61CA0E58
DF6107237F
DF604439FA
DF5F8151C9
DF5EBE6AEC
DF5DFB8563
DF5D38A12E
DF5C75BE4E
DF5BB2DCC1
DF5AEFFC89
DF5A2D1DA5
DF596A4014
DF58A763D8
DF57E488F0
DF5721AF5B
DF565ED71B
DF559C002F
DF54D92A96
DF54165652
DF53538361
DF5290B1C4
DF51CDE17C
DF510B1287
DF504844E6
DF4F857899
DF4EC2AD9F
DF4DFFE3FA
DF4D3D1BA8
DF4C7A54AA
DF4BB78F00
DF4AF4CAAA
DF4A3207A7
DF496F45F8
DF48AC859D
DF47E9C696
DF472708E2
DF46644C83
DF45A19176
DF44DED7BE
DF441C1F59
DF43596847
DF4296B28A
DF41D3FE20
DF41114B09
DF404E9946
DF3F8BE8D7
DF3EC939BB
DF3E068BF3
DF3D43DF7E
DF3C81345D
DF3BBE8A90
DF3AFBE215
DF3A393AEF
DF3976951C
DF38B3F09C
DF37F14D6F
DF372EAB97
DF366C0B11
DF35A96BDF
DF34E6CE00
DF34243175
DF3361963D
DF329EFC58
DF31DC63C7
DF3119CC89
DF3057369E
DF2F94A207
DF2ED20EC3
DF2E0F7CD2
DF2D4CEC34
DF2C8A5CEA
DF2BC7CEF2
DF2B05424E
DF2A42B6FE
DF29802D00
DF28BDA456
DF27FB1CFE
DF273896FA
DF26761249
DF25B38EEB
DF24F10CE0
DF242E8C29
DF236C0CC4
DF22A98EB2
DF21E711F4
DF21249688
DF20621C70
DF1F9FA3AA
DF1EDD2C38
DF1E1AB618
DF1D58414B
DF1C95CDD2
DF1BD35BAB
DF1B10EAD7
DF1A4E7B56
DF198C0D28
DF18C9A04D
DF180734C5
DF1744CA90
DF168261AD
DF15BFFA1D
DF14FD93E0
DF143B2EF6
DF1378CB5F
DF12B6691B
DF11F40829
DF1131A88A
DF106F4A3D
DF0FACED44
DF0EEA919D
DF0E283749
DF0D65DE47
DF0CA38698
DF0BE1303C
DF0B1EDB33
DF0A5C877C
DF099A3517
DF08D7E406
DF08159447
DF075345DA
DF0690F8C0
DF05CEACF8
DF050C6284
DF044A1961
DF0387D191
DF02C58B14
DF020345E9
DF01410210
DF007EBF8A
DEFFBC7E57
DEFEFA3E76
DEFE37FFE7
DEFD75C2AA
DEFCB386C0
DEFBF14C29
DEFB2F12E3
DEFA6CDAF1
DEF9AAA450
DEF8E86F02
DEF8263B06
DEF764085C
DEF6A1D704
DEF5DFA6FF
DEF51D784C
DEF45B4AEC
DEF3991EDD
DEF2D6F421
DEF214CAB7
DEF152A29F
DEF0907BD9
DEEFCE5666
DEEF0C3244
DEEE4A0F75
DEED87EDF8
DEECC5CDCD
DEEC03AEF4
DEEB41916D
DEEA7F7538
DEE9BD5A55
DEE8FB40C4
DEE8392885
DEE7771199
DEE6B4FBFE
DEE5F2E7B5
DEE530D4BE
DEE46EC319
DEE3ACB2C6
DEE2EAA3C5
DEE2289616
DEE16689B9
DEE0A47EAD
DEDFE274F4
DEDF206C8C
DEDE5E6577
DEDD9C5FB3
DEDCDA5B40
DEDC185820
DEDB565652
DEDA9455D5
DED9D256AA
DED91058D0
DED84E5C49
DED78C6113
DED6CA672F
DED6086E9D
DED546775C
DED484816D
DED3C28CCF
DED3009984
DED23EA789
DED17CB6E1
DED0BAC78A
DECFF8D985
DECF36ECD1
DECE75016F
DECDB3175E
DECCF12E9F
DECC2F4731
DECB6D6115
DECAAB7C4B
DEC9E998D1
DEC927B6AA
DEC865D5D4
DEC7A3F64F
DEC6E2181B
DEC6203B39
DEC55E5FA9
DEC49C856A
DEC3DAAC7C
DEC318D4E0
DEC256FE95
DEC195299B
DEC0D355F2
DEC011839B
DEBF4FB295
DEBE8DE2E1
DEBDCC147E
DEBD0A476B
DEBC487BAB
DEBB86B13B
DEBAC4E81D
DEBA032050
DEB94159D4
DEB87F94A9
DEB7BDD0CF
DEB6FC0E47
DEB63A4D0F
DEB5788D29
DEB4B6CE94
DEB3F51150
DEB333555D
DEB2719ABB
DEB1AFE16A
DEB0EE296A
DEB02C72BB
DEAF6ABD5D
DEAEA90950
DEADE75695
DEAD25A52A
DEAC63F510
DEABA24647
DEAAE098CF
DEAA1EECA8
DEA95D41D1
DEA89B984C
DEA7D9F018
DEA7184934
DEA656A3A1
DEA594FF5F
DEA4D35C6E
DEA411BACE
DEA3501A7E
DEA28E7B80
DEA1CCDDD2
DEA10B4174
DEA049A668
DE9F880CAC
DE9EC67441
DE9E04DD27
DE9D43475D
DE9C81B2E4
DE9BC01FBC
DE9AFE8DE4
DE9A3CFD5D
DE997B6E27
DE98B9E041
DE97F853AC
DE9736C867
DE96753E73
DE95B3B5D0
DE94F22E7D
DE9430A87A
DE936F23C8
DE92ADA067
DE91EC1E56
DE912A9D96
DE90691E26
DE8FA7A006
DE8EE62337
DE8E24A7B8
DE8D632D8A
DE8CA1B4AC
DE8BE03D1F
DE8B1EC6E1
DE8A5D51F5
DE899BDE58
DE88DA6C0C
DE8818FB10
DE87578B65
DE86961D09
DE85D4AFFE
DE85134444
DE8451D9D9
DE839070BF
DE82CF08F5
DE820DA27B
DE814C3D51
DE808AD978
DE7FC976EF
DE7F0815B6
DE7E46B5CD
DE7D855734
DE7CC3F9EB
DE7C029DF2
DE7B41434A
DE7A7FE9F1
DE79BE91E9
DE78FD3B30
DE783BE5C8
DE777A91B0
DE76B93EE7
DE75F7ED6F
DE75369D47
DE74754E6E
DE73B400E6
DE72F2B4AD
DE723169C5
DE7170202C
DE70AED7E3
DE6FED90EA
DE6F2C4B41
DE6E6B06E8
DE6DA9C3DF
DE6CE88225
DE6C2741BC
DE6B6602A2
DE6AA4C4D8
DE69E3885D
DE69224D33
DE68611358
DE679FDACD
DE66DEA392
DE661D6DA6
DE655C390A
DE649B05BE
DE63D9D3C1
DE6318A314
DE625773B7
DE619645A9
DE60D518EB
DE6013ED7D
DE5F52C35E
DE5E919A8F
DE5DD0730F
DE5D0F4CDF
DE5C4E27FE
DE5B8D046D
DE5ACBE22C
DE5A0AC13A
DE5949A197
DE58888344
DE57C76640
DE57064A8C
DE56453027
DE55841712
DE54C2FF4C
DE5401E8D6
DE5340D3AE
DE527FBFD6
DE51BEAD4E
DE50FD9C15
DE503C8C2B
DE4F7B7D91
DE4EBA7045
DE4DF96449
DE4D38599D
DE4C77503F
DE4BB64831
DE4AF54172
DE4A343C03
DE497337E2
DE48B23511
DE47F1338F
DE4730335C
DE466F3478
DE45AE36E3
DE44ED3A9E
DE442C3FA7
DE436B4600
DE42AA4DA8
DE41E9569E
DE412860E4
DE40676C79
DE3FA6795D
DE3EE58790
DE3E249712
DE3D63A7E3
DE3CA2BA03
DE3BE1CD72
DE3B20E230
DE3A5FF83C
DE399F0F98
DE38DE2843
DE381D423C
DE375C5D85
DE369B7A1C
DE35DA9802
DE3519B737
DE3458D7BB
DE3397F98D
DE32D71CAF
DE3216411F
DE315566DE
DE30948DEC
DE2FD3B648
DE2F12DFF3
DE2E520AED
DE2D913736
DE2CD064CD
DE2C0F93B3
DE2B4EC3E8
DE2A8DF56C
DE29CD283E
DE290C5C5E
DE284B91CE
DE278AC88C
DE26CA0098
DE260939F3
DE2548749D
DE2487B095
DE23C6EDDC
DE23062C71
DE22456C55
DE2184AD87
DE20C3F008
DE200333D7
DE1F4278F4
DE1E81BF61
DE1DC1071B
DE1D005024
DE1C3F9A7B
DE1B7EE621
DE1ABE3315
DE19FD8158
DE193CD0E9
DE187C21C8
DE17BB73F5
DE16FAC771
DE163A1C3B
DE15797254
DE14B8C9BB
DE13F82270
DE13377C73
DE1276D7C4
DE11B63464
DE10F59252
DE1034F18E
DE0F745218
DE0EB3B3F0
DE0DF31717
DE0D327B8C
DE0C71E14E
DE0BB1485F
DE0AF0B0BE
DE0A301A6C
DE096F8567
DE08AEF1B0
DE07EE5F47
DE072DCE2D
DE066D3E60
DE05ACAFE1
DE04EC22B1
DE042B96CE
DE036B0C39
DE02AA82F3
DE01E9FAFA
DE0129744F
DE0068EEF2
DDFFA86AE3
DDFEE7E822
DDFE2766AF
DDFD66E689
DDFCA667B2
DDFBE5EA28
DDFB256DEC
DDFA64F2FE
DDF9A4795E
DDF8E4010B
DDF8238A06
DDF763144F
DDF6A29FE6
DDF5E22CCA
DDF521BAFD
DDF4614A7D
DDF3A0DB4A
DDF2E06D65
DDF22000CE
DDF15F9585
DDF09F2B89
DDEFDEC2DB
DDEF1E5B7A
DDEE5DF567
DDED9D90A2
DDECDD2D2A
DDEC1CCB00
DDEB5C6A23
DDEA9C0A94
DDE9DBAC52
DDE91B4F5E
DDE85AF3B8
DDE79A995E
DDE6DA4053
DDE619E894
DDE5599223
DDE4993D00
DDE3D8E92A
DDE31896A1
DDE2584566
DDE197F578
DDE0D7A6D8
DDE0175985
DDDF570D7F
DDDE96C2C6
DDDDD6795B
DDDD16313D
DDDC55EA6D
DDDB95A4E9
DDDAD560B3
DDDA151DCA
DDD954DC2F
DDD8949BE0
DDD7D45CDF
DDD7141F2B
DDD653E2C4
DDD593A7AB
DDD4D36DDE
DDD413355F
DDD352FE2C
DDD292C847
DDD1D293AF
DDD1126064
DDD0522E66
DDCF91FDB5
DDCED1CE51
DDCE11A03B
DDCD517371
DDCC9147F4
DDCBD11DC4
DDCB10F4E1
DDCA50CD4B
DDC990A703
DDC8D08207
DDC8105E57
DDC7503BF5
DDC6901AE0
DDC5CFFB18
DDC50FDC9C
DDC44FBF6E
DDC38FA38C
DDC2CF88F7
DDC20F6FAF
DDC14F57B3
DDC08F4105
DDBFCF2BA3
DDBF0F178E
DDBE4F04C6
DDBD8EF34A
DDBCCEE31B
DDBC0ED439
DDBB4EC6A4
DDBA8EBA5B
DDB9CEAF5F
DDB90EA5B0
DDB84E9D4D
DDB78E9637
DDB6CE906D
DDB60E8BF0
DDB54E88C0
DDB48E86DC
DDB3CE8645
DDB30E86FB
DDB24E88FC
DDB18E8C4B
DDB0CE90E6
DDB00E96CD
DDAF4E9E01
DDAE8EA682
DDADCEB04F
DDAD0EBB68
DDAC4EC7CE
DDAB8ED580
DDAACEE47F
DDAA0EF4CA
DDA94F0661
DDA88F1945
DDA7CF2D75
DDA70F42F2
DDA64F59BA
DDA58F71CF
DDA4CF8B31
DDA40FA5DF
DDA34FC1D9
DDA28FDF1F
DDA1CFFDB1
DDA1101D90
DDA0503EBB
DD9F906132
DD9ED084F5
DD9E10AA05
DD9D50D061
DD9C90F809
DD9BD120FD
DD9B114B3D
DD9A5176C9
DD9991A3A1
DD98D1D1C6
DD98120136
DD975231F3
DD969263FC
DD95D29750
DD9512CBF1
DD945301DE
DD93933917
DD92D3719B
DD9213AB6C
DD9153E689
DD909422F1
DD8FD460A6
DD8F149FA6
DD8E54DFF3
DD8D95218B
DD8CD5646F
DD8C15A89F
DD8B55EE1B
DD8A9634E3
DD89D67CF6
DD8916C656
DD88571101
DD87975CF8
DD86D7AA3A
DD8617F8C9
DD855848A3
DD849899C9
DD83D8EC3B
DD83193FF8
DD82599501
DD8199EB56
DD80DA42F7
DD801A9BE3
DD7F5AF61B
DD7E9B519E
DD7DDBAE6D
DD7D1C0C88
DD7C5C6BEE
DD7B9CCCA0
DD7ADD2E9D
DD7A1D91E6
DD795DF67A
DD789E5C5A
DD77DEC386
DD771F2BFD
DD765F95BF
DD75A000CD
DD74E06D27
DD7420DACC
DD736149BC
DD72A1B9F8
DD71E22B7F
DD71229E51
DD7063126F
DD6FA387D9
DD6EE3FE8D
DD6E24768D
DD6D64EFD9
DD6CA56A6F
DD6BE5E651
DD6B26637E
DD6A66E1F7
DD69A761BB
DD68E7E2CA
DD68286524
DD6768E8C9
DD66A96DBA
DD65E9F3F6
DD652A7B7D
DD646B044F
DD63AB8E6D
DD62EC19D5
DD622CA689
DD616D3488
DD60ADC3D2
DD5FEE5467
DD5F2EE647
DD5E6F7972
DD5DB00DE8
DD5CF0A3AA
DD5C313AB6
DD5B71D30D
DD5AB26CB0
DD59F3079D
DD5933A3D5
DD58744158
DD57B4E027
DD56F58040
DD563621A4
DD5576C453
DD54B7684C
DD53F80D91
DD5338B421
DD52795BFB
DD51BA0521
DD50FAAF91
DD503B5B4C
DD4F7C0852
DD4EBCB6A2
DD4DFD663D
DD4D3E1724
DD4C7EC954
DD4BBF7CD0
DD4B003196
DD4A40E7A7
DD49819F03
DD48C257AA
DD4803119B
DD4743CCD6
DD4684895D
DD45C5472E
DD4506064A
DD4446C6B0
DD43878861
DD42C84B5C
DD42090FA2
DD4149D533
DD408A9C0E
DD3FCB6434
DD3F0C2DA4
DD3E4CF85F
DD3D8DC464
DD3CCE91B3
DD3C0F604E
DD3B503032
DD3A910161
DD39D1D3DB
DD3912A79F
DD38537CAD
DD37945305
DD36D52AA8
DD36160396
DD3556DDCE
DD3497B950
DD33D8961C
DD33197433
DD325A5394
DD319B343F
DD30DC1635
DD301CF974
DD2F5DDDFE
DD2E9EC3D3
DD2DDFAAF1
DD2D20935A
DD2C617D0D
DD2BA2680A
DD2AE35451
DD2A2441E3
DD296530BE
DD28A620E4
DD27E71253
DD2728050D
DD2668F911
DD25A9EE5F
DD24EAE4F7
DD242BDCDA
DD236CD606
DD22ADD07C
DD21EECC3C
DD212FC946
DD2070C79B
DD1FB1C739
DD1EF2C821
DD1E33CA53
DD1D74CDCF
DD1CB5D295
DD1BF6D8A5
DD1B37DFFE
DD1A78E8A2
DD19B9F28F
DD18FAFDC6
DD183C0A48
DD177D1813
DD16BE2727
DD15FF3786
DD1540492E
DD14815C20
DD13C2705C
DD130385E2
DD12449CB1
DD1185B4CA
DD10C6CE2D
DD1007E8DA
DD0F4904D0
DD0E8A2210
DD0DCB4099
DD0D0C606C
DD0C4D8189
DD0B8EA3F0
DD0ACFC7A0
DD0A10EC99
DD095212DC
DD08933A69
DD07D4633F
DD07158D5F
DD0656B8C9
DD0597E57B
DD04D91378
DD041A42BE
DD035B734D
DD029CA526
DD01DDD848
DD011F0CB4
DD00604269
DCFFA17967
DCFEE2B1AF
DCFE23EB40
DCFD65261B
DCFCA6623F
DCFBE79FAC
DCFB28DE63
DCFA6A1E63
DCF9AB5FAC
DCF8ECA23F
DCF82DE61B
DCF76F2B40
DCF6B071AE
DCF5F1B966
DCF5330267
DCF4744CB1
DCF3B59844
DCF2F6E521
DCF2383346
DCF17982B5
DCF0BAD36D
DCEFFC256E
DCEF3D78B8
DCEE7ECD4C
DCEDC02328
DCED017A4E
DCEC42D2BC
DCEB842C74
DCEAC58775
DCEA06E3BE
DCE9484151
DCE889A02D
DCE7CB0051
DCE70C61BF
DCE64DC476
DCE58F2875
DCE4D08DBE
DCE411F450
DCE3535C2A
DCE294C54D
DCE1D62FB9
DCE1179B6F
DCE059086C
DCDF9A76B3
DCDEDBE643
DCDE1D571B
DCDD5EC93D
DCDCA03CA7
DCDBE1B159
DCDB232755
DCDA649E99
DCD9A61727
DCD8E790FC
DCD8290C1B
DCD76A8882
DCD6AC0632
DCD5ED852B
DCD52F056C
DCD47086F6
DCD3B209C9
DCD2F38DE4
DCD2351348
DCD17699F4
DCD0B821EA
DCCFF9AB27
DCCF3B35AD
DCCE7CC17C
DCCDBE4E93
DCCCFFDCF3
DCCC416C9C
DCCB82FD8C
DCCAC48FC6
DCCA062347
DCC947B812
DCC8894E24
DCC7CAE580
DCC70C7E23
DCC64E180F
DCC58FB343
DCC4D14FC0
DCC412ED85
DCC3548C93
DCC2962CE9
DCC1D7CE87
DCC119716D
DCC05B159C
DCBF9CBB13
DCBEDE61D2
DCBE2009DA
DCBD61B32A
DCBCA35DC2
DCBBE509A2
DCBB26B6CB
DCBA68653B
DCB9AA14F4
DCB8EBC5F6
DCB82D783F
DCB76F2BD0
DCB6B0E0AA
DCB5F296CB
DCB5344E35
DCB47606E7
DCB3B7C0E1
DCB2F97C23
DCB23B38AD
DCB17CF67F
DCB0BEB59A
DCB00075FC
DCAF4237A6
DCAE83FA98
DCADC5BED2
DCAD078454
DCAC494B1F
DCAB8B1331
DCAACCDC8B
DCAA0EA72D
DCA9507316
DCA8924048
DCA7D40EC2
DCA715DE83
DCA657AF8C
DCA59981DD
DCA4DB5576
DCA41D2A57
DCA35F0080
DCA2A0D7F0
DCA1E2B0A8
DCA1248AA8
DCA06665F0
DC9FA8427F
DC9EEA2056
DC9E2BFF75
DC9D6DDFDB
DC9CAFC18A
DC9BF1A47F
DC9B3388BD
DC9A756E42
DC99B7550F
DC98F93D23
DC983B267F
DC977D1123
DC96BEFD0E
DC9600EA41
DC9542D8BB
DC9484C87D
DC93C6B986
DC9308ABD7
DC924A9F70
DC918C9450
DC90CE8A77
DC901081E6
DC8F527A9C
DC8E94749A
DC8DD66FDF
DC8D186C6B
DC8C5A6A3F
DC8B9C695B
DC8ADE69BD
DC8A206B68
DC89626E59
DC88A47292
DC87E67812
DC87287ED9
DC866A86E8
DC85AC903E
DC84EE9ADB
DC8430A6C0
DC8372B3EB
DC82B4C25E
DC81F6D218
DC8138E31A
DC807AF562
DC7FBD08F2
DC7EFF1DC9
DC7E4133E7
DC7D834B4D
DC7CC563F9
DC7C077DEC
DC7B499927
DC7A8BB5A9
DC79CDD371
DC790FF281
DC785212D8
DC77943476
DC76D6575B
DC76187B87
DC755AA0FA
DC749CC7B4
DC73DEEFB5
DC732118FC
DC7263438B
DC71A56F61
DC70E79C7E
DC7029CAE1
DC6F6BFA8C
DC6EAE2B7D
DC6DF05DB5
DC6D329134
DC6C74C5FA
DC6BB6FC07
DC6AF9335B
DC6A3B6BF5
DC697DA5D6
DC68BFE0FE
DC68021D6D
DC67445B22
DC66869A1F
DC65C8DA62
DC650B1BEB
DC644D5EBC
DC638FA2D3
DC62D1E830
DC62142ED5
DC615676C0
DC6098BFF2
DC5FDB0A6A
DC5F1D5629
DC5E5FA32E
DC5DA1F17B
DC5CE4410D
DC5C2691E6
DC5B68E406
DC5AAB376D
DC59ED8C19
DC592FE20D
DC58723947
DC57B491C7
DC56F6EB8E
DC5639469B
DC557BA2EF
DC54BE0089
DC54005F6A
DC5342BF91
DC528520FE
DC51C783B2
DC5109E7AC
DC504C4CED
DC4F8EB373
DC4ED11B41
DC4E138454
DC4D55EEAE
DC4C985A4E
DC4BDAC734
DC4B1D3561
DC4A5FA4D4
DC49A2158D
DC48E4878C
DC4826FAD2
DC47696F5E
DC46ABE530
DC45EE5C48
DC4530D4A6
DC44734E4A
DC43B5C935
DC42F84566
DC423AC2DD
DC417D4199
DC40BFC19C
DC400242E6
DC3F44C575
DC3E87494A
DC3DC9CE65
DC3D0C54C6
DC3C4EDC6E
DC3B91655B
DC3AD3EF8E
DC3A167B07
DC395907C6
DC389B95CB
DC37DE2517
DC3720B5A7
DC3663477E
DC35A5DA9B
DC34E86EFE
DC342B04A6
DC336D9B95
DC32B033C9
DC31F2CD43
DC31356803
DC30780408
DC2FBAA154
DC2EFD3FE5
DC2E3FDFBC
DC2D8280D9
DC2CC5233B
DC2C07C6E3
DC2B4A6BD1
DC2A8D1205
DC29CFB97E
DC2912623D
DC28550C42
DC2797B78C
DC26DA641C
DC261D11F2
DC255FC10D
DC24A2716E
DC23E52314
DC2327D600
DC226A8A31
DC21AD3FA8
DC20EFF665
DC2032AE67
DC1F7567AF
DC1EB8223C
DC1DFADE0E
DC1D3D9B26
DC1C805984
DC1BC31927
DC1B05DA0F
DC1A489C3D
DC198B5FB0
DC18CE2469
DC1810EA67
DC1753B1AA
DC16967A33
DC15D94401
DC151C0F14
DC145EDB6D
DC13A1A90B
DC12E477EE
DC12274817
DC116A1984
DC10ACEC38
DC0FEFC030
DC0F32956D
DC0E756BF0
DC0DB843B8
DC0CFB1CC5
DC0C3DF718
DC0B80D2AF
DC0AC3AF8C
DC0A068DAE
DC09496D14
DC088C4DC0
DC07CF2FB2
DC071212E8
DC0654F763
DC0597DD23
DC04DAC429
DC041DAC73
DC03609603
DC02A380D7
DC01E66CF1
DC01295A4F
DC006C48F2
DBFFAF38DB
DBFEF22A08
DBFE351C7A
DBFD781031
DBFCBB052D
DBFBFDFB6E
DBFB40F2F4
DBFA83EBBF
DBF9C6E5CF
DBF909E123
DBF84CDDBC
DBF78FDB9A
DBF6D2DABD
DBF615DB25
DBF558DCD1
DBF49BDFC2
DBF3DEE3F8
DBF321E973
DBF264F033
DBF1A7F837
DBF0EB0180
DBF02E0C0D
DBEF7117DF
DBEEB424F6
DBEDF73352
DBED3A42F2
DBEC7D53D7
DBEBC06600
DBEB03796E
DBEA468E21
DBE989A418
DBE8CCBB54
DBE80FD3D4
DBE752ED99
DBE69608A2
DBE5D924F0
DBE51C4282
DBE45F6159
DBE3A28174
DBE2E5A2D4
DBE228C578
DBE16BE961
DBE0AF0E8E
DBDFF23500
DBDF355CB6
DBDE7885B0
DBDDBBAFEF
DBDCFEDB72
DBDC420839
DBDB853645
DBDAC86595
DBDA0B9629
DBD94EC801
DBD891FB1E
DBD7D52F80
DBD7186525
DBD65B9C0F
DBD59ED43C
DBD4E20DAF
DBD4254865
DBD368845F
DBD2ABC19E
DBD1EF0021
DBD1323FE8
DBD07580F3
DBCFB8C342
DBCEFC06D6
DBCE3F4BAD
DBCD8291C9
DBCCC5D928
DBCC0921CC
DBCB4C6BB4
DBCA8FB6E0
DBC9D30350
DBC9165103
DBC8599FFB
DBC79CF037
DBC6E041B7
DBC623947B
DBC566E883
DBC4AA3DCE
DBC3ED945E
DBC330EC31
DBC2744549
DBC1B79FA4
DBC0FAFB43
DBC03E5826
DBBF81B64D
DBBEC515B8
DBBE087666
DBBD4BD859
DBBC8F3B8F
DBBBD2A009
DBBB1605C7
DBBA596CC8
DBB99CD50D
DBB8E03E96
DBB823A963
DBB7671573
DBB6AA82C7
DBB5EDF15F
DBB531613B
DBB474D25A
DBB3B844BD
DBB2FBB863
DBB23F2D4D
DBB182A37A
DBB0C61AEC
DBB00993A0
DBAF4D0D99
DBAE9088D5
DBADD40554
DBAD178317
DBAC5B021E
DBAB9E8268
DBAAE203F5
DBAA2586C6
DBA9690ADB
DBA8AC9032
DBA7F016CE
DBA7339EAD
DBA67727CF
DBA5BAB234
DBA4FE3DDD
DBA441CACA
DBA38558F9
DBA2C8E86C
DBA20C7923
DBA1500B1D
DBA0939E5A
DB9FD732DA
DB9F1AC89E
DB9E5E5FA5
DB9DA1F7EF
DB9CE5917C
DB9C292C4D
DB9B6CC861
DB9AB065B8
DB99F40452
DB9937A430
DB987B4550
DB97BEE7B4
DB97028B5B
DB96463045
DB9589D673
DB94CD7DE3
DB94112697
DB9354D08D
DB92987BC7
DB91DC2843
DB911FD603
DB90638506
DB8FA7354C
DB8EEAE6D5
DB8E2E99A0
DB8D724DAF
DB8CB60301
DB8BF9B996
DB8B3D716D
DB8A812A88
DB89C4E4E5
DB8908A086
DB884C5D69
DB87901B8F
DB86D3DAF9
DB86179BA4
DB855B5D93
DB849F20C5
DB83E2E539
DB8326AAF1
DB826A71EB
DB81AE3A27
DB80F203A7
DB8035CE69
DB7F799A6E
DB7EBD67B6
DB7E013641
DB7D45060E
DB7C88D71E
DB7BCCA971
DB7B107D06
DB7A5451DE
DB799827F9
DB78DBFF56
DB781FD7F6
DB7763B1D8
DB76A78CFD
DB75EB6965
DB752F470F
DB747325FC
DB73B7062B
DB72FAE79D
DB723ECA51
DB7182AE48
DB70C69381
DB700A79FD
DB6F4E61BB
DB6E924ABC
DB6DD634FF
DB6D1A2085
DB6C5E0D4D
DB6BA1FB57
DB6AE5EAA4
DB6A29DB33
DB696DCD05
DB68B1C019
DB67F5B46F
DB6739AA07
DB667DA0E2
DB65C19900
DB6505925F
DB64498D01
DB638D88E5
DB62D1860B
DB62158473
DB6159841E
DB609D850B
DB5FE1873A
DB5F258AAC
DB5E698F5F
DB5DAD9555
DB5CF19C8C
DB5C35A506
DB5B79AEC2
DB5ABDB9C1
DB5A01C601
DB5945D383
DB5889E248
DB57CDF24E
DB57120397
DB56561621
DB559A29EE
DB54DE3EFD
DB5422554D
DB53666CE0
DB52AA85B4
DB51EE9FCB
DB5132BB23
DB5076D7BE
DB4FBAF59A
DB4EFF14B8
DB4E433519
DB4D8756BB
DB4CCB799E
DB4C0F9DC4
DB4B53C32C
DB4A97E9D5
DB49DC11C0
DB49203AEE
DB4864655C
DB47A8910D
DB46ECBDFF
DB4630EC34
DB45751BAA
DB44B94C61
DB43FD7E5B
DB4341B196
DB4285E612
DB41CA1BD1
DB410E52D1
DB40528B13
DB3F96C496
DB3EDAFF5B
DB3E1F3B62
DB3D6378AA
DB3CA7B734
DB3BEBF700
DB3B30380D
DB3A747A5B
DB39B8BDEB
DB38FD02BD
DB384148D0
DB37859025
DB36C9D8BB
DB360E2293
DB35526DAC
DB3496BA07
DB33DB07A3
DB331F5680
DB3263A69F
DB31A7F7FF
DB30EC4AA1
DB30309E84
DB2F74F3A8
DB2EB94A0E
DB2DFDA1B5
DB2D41FA9E
DB2C8654C8
DB2BCAB033
DB2B0F0CDF
DB2A536ACD
DB2997C9FC
DB28DC2A6C
DB28208C1D
DB2764EF10
DB26A95344
DB25EDB8B9
DB25321F6F
DB24768766
DB23BAF09F
DB22FF5B19
DB2243C6D4
DB218833D0
DB20CCA20D
DB2011118B
DB1F55824A
DB1E99F44B
DB1DDE678C
DB1D22DC0F
DB1C6751D2
DB1BABC8D7
DB1AF0411C
DB1A34BAA3
DB1979356B
DB18BDB173
DB18022EBD
DB1746AD47
DB168B2D13
DB15CFAE1F
DB1514306C
DB1458B3FA
DB139D38C9
DB12E1BED9
DB1226462A
DB116ACEBC
DB10AF588E
DB0FF3E3A2
DB0F386FF6
DB0E7CFD8B
DB0DC18C60
DB0D061C77
DB0C4AADCE
DB0B8F4066
DB0AD3D43F
DB0A186958
DB095CFFB3
DB08A1974D
DB07E63029
DB072ACA45
DB066F65A2
DB05B40240
DB04F8A01E
DB043D3F3D
DB0381DF9C
DB02C6813C
DB020B241D
DB014FC83E
DB00946DA0
DAFFD91442
DAFF1DBC25
DAFE626549
DAFDA70FAC
DAFCEBBB51
DAFC306836
DAFB75165B
DAFAB9C5C1
DAF9FE7667
DAF943284E
DAF887DB75
DAF7CC8FDD
DAF7114584
DAF655FC6D
DAF59AB495
DAF4DF6DFF
DAF42428A8
DAF368E492
DAF2ADA1BC
DAF1F26026
DAF1371FD1
DAF07BE0BC
DAEFC0A2E7
DAEF056653
DAEE4A2AFE
DAED8EF0EA
DAECD3B817
DAEC188083
DAEB5D4A30
DAEAA2151C
DAE9E6E149
DAE92BAEB7
DAE8707D64
DAE7B54D51
DAE6FA1E7F
DAE63EF0ED
DAE583C49A
DAE4C89988
DAE40D6FB6
DAE3524724
DAE2971FD2
DAE1DBF9C0
DAE120D4EE
DAE065B15C
DADFAA8F0A
DADEEF6DF9
DADE344E27
DADD792F95
DADCBE1243
DADC02F631
DADB47DB5E
DADA8CC1CC
DAD9D1A97A
DAD9169267
DAD85B7C95
DAD7A06802
DAD6E554AF
DAD62A429C
DAD56F31C9
DAD4B42235
DAD3F913E2
DAD33E06CE
DAD282FAFA
DAD1C7F066
DAD10CE711
DAD051DEFC
DACF96D827
DACEDBD292
DACE20CE3C
DACD65CB26
DACCAAC950
DACBEFC8B9
DACB34C962
DACA79CB4B
DAC9BECE73
DAC903D2DB
DAC848D882
DAC78DDF69
DAC6D2E790
DAC617F0F6
DAC55CFB9C
DAC4A20781
DAC3E714A6
DAC32C230A
DAC27132AE
DAC1B64391
DAC0FB55B4
DAC0406916
DABF857DB8
DABECA9399
DABE0FAAB9
DABD54C319
DABC99DCB8
DABBDEF797
DABB2413B5
DABA693113
DAB9AE4FAF
DAB8F36F8B
DAB83890A7
DAB77DB302
DAB6C2D69C
DAB607FB75
DAB54D218E
DAB49248E5
DAB3D7717D
DAB31C9B53
DAB261C669
DAB1A6F2BD
DAB0EC2051
DAB0314F24
DAAF767F37
DAAEBBB088
DAAE00E319
DAAD4616E9
DAAC8B4BF8
DAABD08246
DAAB15B9D3
DAAA5AF29F
DAA9A02CAA
DAA8E567F5
DAA82AA47E
DAA76FE246
DAA6B5214E
DAA5FA6194
DAA53FA31A
DAA484E5DE
DAA3CA29E2
DAA30F6F24
DAA254B5A5
DAA199FD66
DAA0DF4665
DAA02490A3
DA9F69DC20
DA9EAF28DC
DA9DF476D6
DA9D39C610
DA9C7F1689
DA9BC46840
DA9B09BB36
DA9A4F0F6B
DA999464DF
DA98D9BB91
DA981F1382
DA97646CB3
DA96A9C721
DA95EF22CF
DA95347FBB
DA9479DDE6
DA93BF3D50
DA93049DF8
DA9249FFDF
DA918F6305
DA90D4C769
DA901A2D0C
DA8F5F93EE
DA8EA4FC0E
DA8DEA656D
DA8D2FD00A
DA8C753BE6
DA8BBAA901
DA8B00175A
DA8A4586F2
DA898AF7C8
DA88D069DC
DA8815DD30
DA875B51C1
DA86A0C791
DA85E63EA0
DA852BB6ED
DA84713079
DA83B6AB42
DA82FC274B
DA8241A492
DA81872317
DA80CCA2DA
DA801223DC
DA7F57A61C
DA7E9D299B
DA7DE2AE58
DA7D283453
DA7C6DBB8C
DA7BB34404
DA7AF8CDBA
DA7A3E58AE
DA7983E4E1
DA78C97252
DA780F0101
DA775490EE
DA769A221A
DA75DFB483
DA7525482B
DA746ADD11
DA73B07335
DA72F60A97
DA723BA338
DA71813D16
DA70C6D833
DA700C748E
DA6F521226
DA6E97B0FD
DA6DDD5112
DA6D22F265
DA6C6894F6
DA6BAE38C5
DA6AF3DDD2
DA6A39841D
DA697F2BA6
DA68C4D46D
DA680A7E72
DA675029B5
DA6695D635
DA65DB83F4
DA652132F0
DA6466E32B
DA63AC94A3
DA62F24759
DA6237FB4E
DA617DB07F
DA60C366EF
DA60091E9D
DA5F4ED788
DA5E9491B1
DA5DDA4D18
DA5D2009BD
DA5C65C79F
DA5BAB86BF
DA5AF1471D
DA5A3708B9
DA597CCB92
DA58C28FA9
DA580854FE
DA574E1B90
DA5693E360
DA55D9AC6E
DA551F76B9
DA54654242
DA53AB0F09
DA52F0DD0D
DA5236AC4F
DA517C7CCE
DA50C24E8B
DA50082185
DA4F4DF5BD
DA4E93CB32
DA4DD9A1E5
DA4D1F79D6
DA4C655304
DA4BAB2D6F
DA4AF10918
DA4A36E5FE
DA497CC422
DA48C2A383
DA48088421
DA474E65FD
DA46944917
DA45DA2D6D
DA45201301
DA4465F9D3
DA43ABE1E1
DA42F1CB2D
DA4237B5B7
DA417DA17D
DA40C38E81
DA40097CC2
DA3F4F6C41
DA3E955CFD
DA3DDB4EF6
DA3D21422C
DA3C67369F
DA3BAD2C50
DA3AF3233D
DA3A391B68
DA397F14D0
DA38C50F76
DA380B0B58
DA37510877
DA369706D4
DA35DD066E
DA35230744
DA34690958
DA33AF0CA9
DA32F51137
DA323B1702
DA31811E0A
DA30C7264F
DA300D2FD1
DA2F533A90
DA2E99468C
DA2DDF53C5
DA2D25623B
DA2C6B71EE
DA2BB182DE
DA2AF7950A
DA2A3DA874
DA2983BD1A
DA28C9D2FE
DA280FEA1E
DA2756027B
DA269C1C15
DA25E236EC
DA252852FF
DA246E704F
DA23B48EDD
DA22FAAEA6
DA2240CFAD
DA2186F1F1
DA20CD1571
DA20133A2E
DA1F596027
DA1E9F875D
DA1DE5AFD0
DA1D2BD980
DA1C72046C
DA1BB83095
DA1AFE5DFB
DA1A448C9D
DA198ABC7C
DA18D0ED98
DA18171FF0
DA175D5384
DA16A38855
DA15E9BE63
DA152FF5AE
DA14762E34
DA13BC67F8
DA1302A2F8
DA1248DF34
DA118F1CAD
DA10D55B62
DA101B9B54
DA0F61DC82
DA0EA81EED
DA0DEE6294
DA0D34A777
DA0C7AED97
DA0BC134F3
DA0B077D8C
DA0A4DC761
DA09941272
DA08DA5EC0
DA0820AC49
DA0766FB10
DA06AD4B12
DA05F39C51
DA0539EECC
DA04804284
DA03C69777
DA030CEDA7
DA02534513
DA01999DBB
DA00DFF7A0
DA002652C0
D9FF6CAF1D
D9FEB30CB6
D9FDF96B8B
D9FD3FCB9D
D9FC862CEA
D9FBCC8F73
D9FB12F339
D9FA59583B
D9F99FBE78
D9F8E625F2
D9F82C8EA8
D9F772F89A
D9F6B963C8
D9F5FFD032
D9F5463DD8
D9F48CACBA
D9F3D31CD8
D9F3198E31
D9F26000C7
D9F1A67499
D9F0ECE9A7
D9F0335FF0
D9EF79D776
D9EEC05037
D9EE06CA34
D9ED4D456D
D9EC93C1E2
D9EBDA3F93
D9EB20BE80
D9EA673EA8
D9E9ADC00C
D9E8F442AC
D9E83AC688
D9E7814BA0
D9E6C7D1F3
D9E60E5982
D9E554E24D
D9E49B6C53
D9E3E1F796
D9E3288414
D9E26F11CD
D9E1B5A0C2
D9E0FC30F3
D9E042C260
D9DF895508
D9DECFE8EC
D9DE167E0B
D9DD5D1466
D9DCA3ABFD
D9DBEA44CF
D9DB30DEDD
D9DA777A26
D9D9BE16AB
D9D904B46B
D9D84B5367
D9D791F39E
D9D6D89511
D9D61F37BF
D9D565DBA9
D9D4AC80CE
D9D3F3272F
D9D339CECB
D9D28077A2
D9D1C721B5
D9D10DCD03
D9D054798D
D9CF9B2752
D9CEE1D652
D9CE28868D
D9CD6F3804
D9CCB5EAB7
D9CBFC9EA4
D9CB4353CD
D9CA8A0A31
D9C9D0C1D0
D9C9177AAB
D9C85E34C1
D9C7A4F012
D9C6EBAC9E
D9C6326A66
D9C5792968
D9C4BFE9A6
D9C406AB1F
D9C34D6DD3
D9C29431C3
D9C1DAF6ED
D9C121BD53
D9C06884F3
D9BFAF4DCF
D9BEF617E6
D9BE3CE338
D9BD83AFC5
D9BCCA7D8D
D9BC114C90
D9BB581CCE
D9BA9EEE47
D9B9E5C0FB
D9B92C94EA
D9B8736A14
D9B7BA4079
D9B7011818
D9B647F0F3
D9B58ECB09
D9B4D5A65A
D9B41C82E5
D9B36360AB
D9B2AA3FAD
D9B1F11FE9
D9B1380160
D9B07EE412
D9AFC5C7FE
D9AF0CAD26
D9AE539388
D9AD9A7B25
D9ACE163FD
D9AC284E0F
D9AB6F395C
D9AAB625E4
D9A9FD13A7
D9A94402A5
D9A88AF2DD
D9A7D1E44F
D9A718D6FD
D9A65FCAE5
D9A5A6C008
D9A4EDB665
D9A434ADFD
D9A37BA6D0
D9A2C2A0DD
D9A2099C25
D9A15098A8
D9A0979665
D99FDE955C
D99F25958E
D99E6C96FB
D99DB399A2
D99CFA9D84
D99C41A2A0
D99B88A8F6
D99ACFB087
D99A16B953
D9995DC359
D998A4CE99
D997EBDB14
D99732E8C9
D99679F7B9
D995C107E3
D995081947
D9944F2BE6
D993963FBF
D992DD54D2
D992246B20
D9916B82A8
D990B29B6A
D98FF9B567
D98F40D09D
D98E87ED0E
D98DCF0ABA
D98D16299F
D98C5D49BF
D98BA46B19
D98AEB8DAD
D98A32B17C
D98979D684
D988C0FCC7
D988082444
D9874F4CFB
D9869676EC
D985DDA217
D98524CE7C
D9846BFC1C
D983B32AF5
D982FA5B09
D982418C56
D98188BEDE
D980CFF2A0
D98017279B
D97F5E5DD1
D97EA59541
D97DECCDEA
D97D3407CE
D97C7B42EB
D97BC27F43
D97B09BCD4
D97A50FB9F
D979983BA5
D978DF7CE4
D97826BF5D
D9776E0310
D976B547FC
D975FC8E23
D97543D583
D9748B1E1D
D973D267F1
D97319B2FF
D97260FF47
D971A84CC8
D970EF9B83
D97036EB78
D96F7E3CA7
D96EC58F0F
D96E0CE2B1
D96D54378D
D96C9B8DA2
D96BE2E4F1
D96B2A3D7A
D96A71973C
D969B8F238
D969004E6E
D96847ABDD
D9678F0A86
D966D66A68
D9661DCB84
D965652DDA
D964AC9169
D963F3F631
D9633B5C33
D96282C36F
D961CA2BE4
D961119593
D96059007B
D95FA06C9D
D95EE7D9F8
D95E2F488C
D95D76B85A
D95CBE2961
D95C059BA2
D95B4D0F1C
D95A9483D0
D959DBF9BC
D9592370E3
D9586AE942
D957B262DB
D956F9DDAD
D9564159B9
D95588D6FE
D954D0557C
D95417D533
D9535F5624
D952A6D84D
D951EE5BB1
D95135E04D
D9507D6622
D94FC4ED31
D94F0C7579
D94E53FEFA
D94D9B89B4
D94CE315A8
D94C2AA2D4
D94B72313A
D94AB9C0D8
D94A0151B0
D94948E3C1
D94890770B
D947D80B8E
D9471FA14A
D94667383F
D945AED06E
D944F669D5
D9443E0475
D94385A04E
D942CD3D60
D94214DBAB
D9415C7B2F
D940A41BEC
D93FEBBDE2
D93F336111
D93E7B0579
D93DC2AB19
D93D0A51F3
D93C51FA05
D93B99A351
D93AE14DD5
D93A28F992
D93970A687
D938B854B6
D93800041D
D93747B4BD
D9368F6696
D935D719A8
D9351ECDF2
D934668375
D933AE3A31
D932F5F226
D9323DAB53
D9318565B9
D930CD2157
D93014DE2F
D92F5C9C3F
D92EA45B87
D92DEC1C08
D92D33DDC2
D92C7BA0B5
D92BC364E0
D92B0B2A43
D92A52F0DF
D9299AB8B4
D928E281C1
D9282A4C07
D927721785
D926B9E43C
D92601B22B
D925498153
D9249151B3
D923D9234C
D92320F61D
D92268CA26
D921B09F68
D920F875E2
D920404D95
D91F882680
D91ED000A4
D91E17DC00
D91D5FB894
D91CA79660
D91BEF7565
D91B3755A2
D91A7F3718
D919C719C5
D9190EFDAB
D91856E2CA
D9179EC920
D916E6B0AF
D9162E9976
D915768375
D914BE6EAD
D914065B1C
D9134E48C4
D9129637A4
D911DE27BC
D91126190C
D9106E0B94
D90FB5FF55
D90EFDF44D
D90E45EA7E
D90D8DE1E7
D90CD5DA87
D90C1DD460
D90B65CF71
D90AADCBBA
D909F5C93B
D9093DC7F4
D90885C7E5
D907CDC90E
D90715CB6F
D9065DCF07
D905A5D3D8
D904EDD9E1
D90435E122
D9037DE99A
D902C5F34B
D9020DFE33
D901560A53
D9009E17AB
D8FFE6263B
D8FF2E3603
D8FE764702
D8FDBE593A
D8FD066CA9
D8FC4E8150
D8FB96972F
D8FADEAE45
D8FA26C693
D8F96EE019
D8F8B6FAD7
D8F7FF16CD
D8F74733FA
D8F68F525E
D8F5D771FB
D8F51F92CF
D8F467B4DB
D8F3AFD81F
D8F2F7FC9A
D8F240224C
D8F1884937
D8F0D07159
D8F0189AB2
D8EF60C543
D8EEA8F10C
D8EDF11E0C
D8ED394C44
D8EC817BB3
D8EBC9AC5A
D8EB11DE38
D8EA5A114E
D8E9A2459B
D8E8EA7B20
D8E832B1DC
D8E77AE9CF
D8E6C322FA
D8E60B5D5D
D8E55398F7
D8E49BD5C8
D8E3E413D0
D8E32C5310
D8E2749387
D8E1BCD536
D8E105181C
D8E04D5C39
D8DF95A18E
D8DEDDE81A
D8DE262FDD
D8DD6E78D7
D8DCB6C309
D8DBFF0E72
D8DB475B12
D8DA8FA8E9
D8D9D7F7F8
D8D920483E
D8D86899BB
D8D7B0EC6F
D8D6F9405A
D8D641957D
D8D589EBD6
D8D4D24367
D8D41A9C2F
D8D362F62E
D8D2AB5164
D8D1F3ADD1
D8D13C0B75
D8D0846A50
D8CFCCCA62
D8CF152BAB
D8CE5D8E2C
D8CDA5F1E3
D8CCEE56D1
D8CC36BCF7
D8CB7F2453
D8CAC78CE6
D8CA0FF6B0
D8C95861B1
D8C8A0CDE9
D8C7E93B58
D8C731A9FE
D8C67A19DA
D8C5C28AEE
D8C50AFD38
D8C45370B9
D8C39BE571
D8C2E45B60
D8C22CD286
D8C1754AE2
D8C0BDC476
D8C0063F40
D8BF4EBB40
D8BE973878
D8BDDFB6E6
D8BD28368B
D8BC70B767
D8BBB9397A
D8BB01BCC3
D8BA4A4142
D8B992C6F9
D8B8DB4DE6
D8B823D60A
D8B76C5F64
D8B6B4E9F5
D8B5FD75BD
D8B54602BB
D8B48E90F0
D8B3D7205B
D8B31FB0FD
D8B26842D5
D8B1B0D5E4
D8B0F96A2A
D8B041FFA6
D8AF8A9659
D8AED32E42
D8AE1BC761
D8AD6461B7
D8ACACFD43
D8ABF59A06
D8AB3E37FF
D8AA86D72F
D8A9CF7795
D8A9181932
D8A860BC04
D8A7A9600E
D8A6F2054D
D8A63AABC3
D8A583536F
D8A4CBFC52
D8A414A66B
D8A35D51BA
D8A2A5FE3F
D8A1EEABFB
D8A1375AED
D8A0800B15
D89FC8BC73
D89F116F08
D89E5A22D3
D89DA2D7D4
D89CEB8E0B
D89C344579
D89B7CFE1C
D89AC5B7F6
D89A0E7306
D899572F4C
D8989FECC8
D897E8AB7A
D897316B62
D8967A2C81
D895C2EED5
D8950BB25F
D894547720
D8939D3D16
D892E60443
D8922ECCA6
D89177963E
D890C0610D
D890092D11
D88F51FA4C
D88E9AC8BC
D88DE39862
D88D2C693F
D88C753B51
D88BBE0E99
D88B06E317
D88A4FB8CA
D889988FB4
D888E167D4
D8882A4129
D887731BB4
D886BBF775
D88604D46C
D8854DB299
D8849691FB
D883DF7293
D883285461
D882713765
D881BA1B9E
D88103010D
D8804BE7B2
D87F94CF8C
D87EDDB89C
D87E26A2E2
D87D6F8E5E
D87CB87B0F
D87C0168F5
D87B4A5812
D87A934864
D879DC39EB
D879252CA8
D8786E209B
D877B715C3
D877000C21
D8764903B5
D87591FC7E
D874DAF67C
D87423F1B0
D8736CEE19
D872B5EBB8
D871FEEA8C
D87147EA96
D87090EBD6
D86FD9EE4A
D86F22F1F4
D86E6BF6D4
D86DB4FCE9
D86CFE0433
D86C470CB3
D86B901667
D86AD92152
D86A222D71
D8696B3AC6
D868B44951
D867FD5910
D867466A05
D8668F7C2F
D865D88F8F
D86521A423
D8646AB9ED
D863B3D0EC
D862FCE921
D86246028A
D8618F1D29
D860D838FD
D860215606
D85F6A7444
D85EB393B8
D85DFCB460
D85D45D63E
D85C8EF950
D85BD81D98
D85B214315
D85A6A69C7
D859B391AE
D858FCBACA
D85845E51B
D8578F10A1
D856D83D5D
D856216B4D
D8556A9A72
D854B3CACC
D853FCFC5B
D853462F1F
D8528F6318
D851D89846
D85121CEA9
D8506B0640
D84FB43F0D
D84EFD790E
D84E46B445
D84D8FF0B0
D84CD92E50
D84C226D25
D84B6BAD2E
D84AB4EE6D
D849FE30E0
D849477488
D84890B965
D847D9FF77
D8472346BD
D8466C8F38
D845B5D8E8
D844FF23CC
D844486FE5
D84391BD33
D842DB0BB6
D842245B6D
D8416DAC59
D840B6FE7A
D8400051CF
D83F49A658
D83E92FC17
D83DDC530A
D83D25AB31
D83C6F048D
D83BB85F1E
D83B01BAE3
D83A4B17DD
D83994760B
D838DDD56E
D838273605
D8377097D1
D836B9FAD1
D836035F06
D8354CC46F
D834962B0D
D833DF92DF
D83328FBE5
D832726620
D831BBD18F
D831053E33
D8304EAC0B
D82F981B17
D82EE18B58
D82E2AFCCD
D82D746F76
D82CBDE353
D82C075865
D82B50CEAC
D82A9A4626
D829E3BED5
D8292D38B8
D82876B3CF
D827C0301A
D82709AD9A
D826532C4E
D8259CAC36
D824E62D52
D8242FAFA2
D823793327
D822C2B7DF
D8220C3DCC
D82155C4ED
D8209F4D42
D81FE8D6CB
D81F326188
D81E7BED79
D81DC57A9F
D81D0F08F8
D81C589885
D81BA22947
D81AEBBB3C
D81A354E65
D8197EE2C3
D818C87854
D818120F19
D8175BA713
D816A54040
D815EEDAA1
D815387636
D8148212FF
D813CBB0FC
D81315502C
D8125EF091
D811A89229
D810F234F5
D8103BD8F5
D80F857E29
D80ECF2491
D80E18CC2C
D80D6274FC
D80CAC1EFF
D80BF5CA36
D80B3F76A0
D80A89243E
D809D2D310
D8091C8316
D808663450
D807AFE6BD
D806F99A5D
D806434F32
D8058D053A
D804D6BC76
D8042074E5
D8036A2E88
D802B3E95F
D801FDA569
D8014762A6
D800912118
D7FFDAE0BD
D7FF24A195
D7FE6E63A1
D7FDB826E0
D7FD01EB53
D7FC4BB0FA
D7FB9577D4
D7FADF3FE1
D7FA290922
D7F972D397
D7F8BC9F3E
D7F8066C1A
D7F7503A28
D7F69A096A
D7F5E3D9E0
D7F52DAB88
D7F4777E65
D7F3C15274
D7F30B27B7
D7F254FE2D
D7F19ED5D7
D7F0E8AEB3
D7F03288C3
D7EF7C6407
D7EEC6407E
D7EE101E27
D7ED59FD05
D7ECA3DD15
D7EBEDBE59
D7EB37A0CF
D7EA81847A
D7E9CB6957
D7E9154F67
D7E85F36AB
D7E7A91F21
D7E6F308CB
D7E63CF3A8
D7E586DFB8
D7E4D0CCFC
D7E41ABB72
D7E364AB1B
D7E2AE9BF8
D7E1F88E07
D7E142814A
D7E08C75BF
D7DFD66B68
D7DF206244
D7DE6A5A52
D7DDB45394
D7DCFE4E09
D7DC4849B0
D7DB92468B
D7DADC4498
D7DA2643D8
D7D970444C
D7D8BA45F2
D7D80448CB
D7D74E4CD7
D7D6985216
D7D5E25887
D7D52C602C
D7D4766903
D7D3C0730E
D7D30A7E4B
D7D2548ABA
D7D19E985D
D7D0E8A732
D7D032B73A
D7CF7CC875
D7CEC6DAE3
D7CE10EE83
D7CD5B0356
D7CCA5195C
D7CBEF3094
D7CB3948FF
D7CA83629D
D7C9CD7D6E
D7C9179971
D7C861B6A7
D7C7ABD50F
D7C6F5F4AA
D7C6401577
D7C58A3777
D7C4D45AAA
D7C41E7F0F
D7C368A4A7
D7C2B2CB72
D7C1FCF36E
D7C1471C9E
D7C0914700
D7BFDB7294
D7BF259F5B
D7BE6FCD54
D7BDB9FC80
D7BD042CDE
D7BC4E5E6F
D7BB989132
D7BAE2C527
D7BA2CFA4F
D7B97730A9
D7B8C16836
D7B80BA0F5
D7B755DAE6
D7B6A0160A
D7B5EA5260
D7B5348FE8
D7B47ECEA3
D7B3C90E90
D7B3134FAF
D7B25D9200
D7B1A7D584
D7B0F21A3A
D7B03C6022
D7AF86A73C
D7AED0EF89
D7AE1B3908
D7AD6583B9
D7ACAFCF9C
D7ABFA1CB1
D7AB446AF9
D7AA8EBA72
D7A9D90B1E
D7A9235CFC
D7A86DB00C
D7A7B8044E
D7A70259C2
D7A64CB068
D7A5970840
D7A4E1614A
D7A42BBB86
D7A37616F5
D7A2C07395
D7A20AD167
D7A155306B
D7A09F90A2
D79FE9F20A
D79F3454A4
D79E7EB870
D79DC91D6E
D79D13839E
D79C5DEB00
D79BA85393
D79AF2BD59
D79A3D2850
D79987947A
D798D201D5
D7981C7062
D79766E020
D796B15111
D795FBC333
D795463687
D79490AB0D
D793DB20C5
D7932597AE
D792700FCA
D791BA8916
D791050395
D7904F7F45
D78F99FC27
D78EE47A3B
D78E2EF980
D78D7979F7
D78CC3FBA0
D78C0E7E7A
D78B590286
D78AA387C3
D789EE0E32
D7893895D3
D788831EA5
D787CDA8A9
D7871833DE
D78662C045
D785AD4DDD
D784F7DCA7
D784426CA2
D7838CFDCF
D782D7902E
D7822223BD
D7816CB87F
D780B74E71
D78001E595
D77F4C7DEB
D77E971772
D77DE1B22A
D77D2C4E14
D77C76EB2F
D77BC1897B
D77B0C28F9
D77A56C9A8
D779A16B89
D778EC0E9A
D77836B2DD
D777815852
D776CBFEF7
D77616A6CE
D775614FD6
D774ABFA10
D773F6A57A
D773415216
D7728BFFE3
D771D6AEE1
D771215F10
D7706C1071
D76FB6C303
D76F0176C6
D76E4C2BBA
D76D96E1DF
D76CE19935
D76C2C51BC
D76B770B75
D76AC1C65E
D76A0C8278
D769573FC4
D768A1FE41
D767ECBDEE
D767377ECD
D7668240DD
D765CD041D
D76517C88F
D764628E32
D763AD5505
D762F81D0A
D76242E63F
D7618DB0A6
D760D87C3D
D760234905
D75F6E16FE
D75EB8E628
D75E03B683
D75D4E880E
D75C995ACB
D75BE42EB8
D75B2F03D6
D75A79DA25
D759C4B1A5
D7590F8A56
D7585A6437
D757A53F49
D756F01B8C
D7563AF8FF
D75585D7A4
D754D0B779
D7541B987E
D753667AB5
D752B15E1C
D751FC42B3
D75147287C
D750920F75
D74FDCF79E
D74F27E0F9
D74E72CB83
D74DBDB73F
D74D08A42B
D74C539247
D74B9E8195
D74AE97212
D74A3463C0
D7497F569F
D748CA4AAE
D748153FEE
D74760365F
D746AB2DFF
D745F626D0
D7454120D2
D7448C1C04
D743D71867
D7432215FA
D7426D14BD
D741B814B1
D7410315D5
D7404E1829
D73F991BAE
D73EE42063
D73E2F2649
D73D7A2D5F
D73CC535A5
D73C103F1B
D73B5B49C2
D73AA65599
D739F162A1
D7393C70D8
D738878040
D737D290D8
D7371DA2A0
D73668B599
D735B3C9C1
D734FEDF1A
D73449F5A3
D733950D5C
D732E02646
D7322B405F
D731765BA9
D730C17822
D7300C95CC
D72F57B4A6
D72EA2D4B0
D72DEDF5EA
D72D391854
D72C843BEE
D72BCF60B8
D72B1A86B3
D72A65ADDD
D729B0D637
D728FBFFC1
D728472A7B
D727925665
D726DD837F
D72628B1C9
D72573E143
D724BF11ED
D7240A43C7
D7235576D1
D722A0AB0A
D721EBE073
D72137170D
D720824ED6
D71FCD87CF
D71F18C1F7
D71E63FD50
D71DAF39D8
D71CFA7790
D71C45B678
D71B90F690
D71ADC37D7
D71A277A4E
D71972BDF5
D718BE02CC
D7180948D2
D717549008
D7169FD86E
D715EB2203
D715366CC8
D71481B8BD
D713CD05E1
D713185435
D71263A3B9
D711AEF46C
D710FA464E
D710459961
D70F90EDA3
D70EDC4314
D70E2799B5
D70D72F185
D70CBE4A85
D70C09A4B5
D70B550014
D70AA05CA2
D709EBBA60
D70937194E
D70882796A
D707CDDAB7
D707193D32
D70664A0DE
D705B005B8
D704FB6BC2
D70446D2FB
D703923B64
D702DDA4FC
D702290FC3
D701747BBA
D700BFE8E0
D7000B5735
D6FF56C6BA
D6FEA2376E
D6FDEDA951
D6FD391C63
D6FC8490A5
D6FBD00616
D6FB1B7CB6
D6FA66F485
D6F9B26D84
D6F8FDE7B2
D6F849630E
D6F794DF9B
D6F6E05D56
D6F62BDC40
D6F5775C5A
D6F4C2DDA2
D6F40E601A
D6F359E3C1
D6F2A56897
D6F1F0EE9C
D6F13C75D0
D6F087FE33
D6EFD387C5
D6EF1F1286
D6EE6A9E77
D6EDB62B96
D6ED01B9E4
D6EC4D4961
D6EB98DA0D
D6EAE46BE8
D6EA2FFEF2
D6E97B932B
D6E8C72893
D6E812BF2A
D6E75E56F0
D6E6A9EFE5
D6E5F58A08
D6E541255A
D6E48CC1DC
D6E3D85F8C
D6E323FE6A
D6E26F9E78
D6E1BB3FB5
D6E106E220
D6E05285BA
D6DF9E2A83
D6DEE9D07B
D6DE3577A1
D6DD811FF6
D6DCCCC97A
D6DC18742C
D6DB64200E
D6DAAFCD1D
D6D9FB7B5C
D6D9472AC9
D6D892DB65
D6D7DE8D30
D6D72A4029
D6D675F451
D6D5C1A9A7
D6D50D602C
D6D45917E0
D6D3A4D0C2
D6D2F08AD3
D6D23C4612
D6D1880280
D6D0D3C01C
D6D01F7EE7
D6CF6B3EE1
D6CEB70009
D6CE02C25F
D6CD4E85E4
D6CC9A4A97
D6CBE61079
D6CB31D789
D6CA7D9FC8
D6C9C96935
D6C91533D0
D6C860FF9A
D6C7ACCC92
D6C6F89AB9
D6C6446A0D
D6C5903A91
D6C4DC0C42
D6C427DF22
D6C373B330
D6C2BF886D
D6C20B5ED8
D6C1573671
D6C0A30F38
D6BFEEE92E
D6BF3AC451
D6BE86A0A3
D6BDD27E24
D6BD1E5CD2
D6BC6A3CAF
D6BBB61DB9
D6BB01FFF2
D6BA4DE359
D6B999C7EF
D6B8E5ADB2
D6B83194A4
D6B77D7CC3
D6B6C96611
D6B615508D
D6B5613C37
D6B4AD290F
D6B3F91715
D6B3450649
D6B290F6AB
D6B1DCE83B
D6B128DAF9
D6B074CEE5
D6AFC0C3FF
D6AF0CBA47
D6AE58B1BD
D6ADA4AA61
D6ACF0A433
D6AC3C9F33
D6AB889B61
D6AAD498BC
D6AA209746
D6A96C96FD
D6A8B897E2
D6A80499F5
D6A7509D36
D6A69CA1A5
D6A5E8A742
D6A534AE0C
D6A480B604
D6A3CCBF2A
D6A318C97E
D6A264D500
D6A1B0E1AF
D6A0FCEF8C
D6A048FE97
D69F950ECF
D69EE12035
D69E2D32C9
D69D79468B
D69CC55B7A
D69C117197
D69B5D88E1
D69AA9A15A
D699F5BAFF
D69941D5D3
D6988DF1D4
D697DA0F02
D697262D5E
D696724CE8
D695BE6D9F
D6950A8F84
D69456B296
D693A2D6D6
D692EEFC44
D6923B22DF
D691874AA7
D690D3739D
D6901F9DC0
D68F6BC911
D68EB7F58F
D68E04233A
D68D505213
D68C9C821A
D68BE8B34E
D68B34E5AF
D68A81193D
D689CD4DF9
D6891983E3
D68865BAF9
D687B1F33D
D686FE2CAE
D6864A674D
D68596A319
D684E2E012
D6842F1E38
D6837B5D8C
D682C79E0C
D68213DFBB
D681602296
D680AC669E
D67FF8ABD4
D67F44F237
D67E9139C7
D67DDD8284
D67D29CC6E
D67C761786
D67BC263CB
D67B0EB13C
D67A5AFFDB
D679A74FA7
D678F3A0A0
D6783FF2C6
D6778C4619
D676D89A99
D67624F047
D675714721
D674BD9F28
D67409F85C
D6735652BE
D672A2AE4C
D671EF0B07
D6713B68EF
D67087C804
D66FD42846
D66F2089B5
D66E6CEC51
D66DB9501A
D66D05B50F
D66C521B32
D66B9E8281
D66AEAEAFD
D66A3754A6
D66983BF7C
D668D02B7F
D6681C98AE
D66769070A
D666B57693
D66601E749
D6654E592C
D6649ACC3B
D663E74077
D66333B5E0
D662802C75
D661CCA437
D661191D26
D660659742
D65FB2128A
D65EFE8EFF
D65E4B0CA0
D65D978B6E
D65CE40B69
D65C308C90
D65B7D0EE4
D65AC99265
D65A161712
D659629CEC
D658AF23F2
D657FBAC24
D657483584
D65694C00F
D655E14BC8
D6552DD8AD
D6547A66BE
D653C6F5FB
D653138666
D6526017FC
D651ACAABF
D650F93EAF
D65045D3CB
D64F926A13
D64EDF0188
D64E2B9A29
D64D7833F6
D64CC4CEF0
D64C116B16
D64B5E0868
D64AAAA6E7
D649F74692
D64943E76A
D64890896D
D647DD2C9D
D64729D0F9
D646767682
D645C31D36
D6450FC517
D6445C6E24
D643A9185E
D642F5C3C3
D642427055
D6418F1E13
D640DBCCFD
D640287D13
D63F752E55
D63EC1E0C4
D63E0E945E
D63D5B4925
D63CA7FF18
D63BF4B636
D63B416E81
D63A8E27F8
D639DAE29B
D639279E6A
D638745B65
D637C1198C
D6370DD8DF
D6365A995E
D635A75B09
D634F41DE0
D63440E1E3
D6338DA712
D632DA6D6C
D6322734F3
D63173FDA6
D630C0C784
D6300D928F
D62F5A5EC5
D62EA72C27
D62DF3FAB5
D62D40CA6F
D62C8D9B54
D62BDA6D66
D62B2740A3
D62A74150C
D629C0EAA1
D6290DC161
D6285A994D
D627A77265
D626F44CA9
D626412819
D6258E04B4
D624DAE27B
D62427C16D
D62374A18C
D622C182D6
D6220E654B
D6215B48EC
D620A82DB9
D61FF513B2
D61F41FAD6
D61E8EE325
D61DDBCCA1
D61D28B747
D61C75A31A
D61BC29018
D61B0F7E41
D61A5C6D96
D619A95E17
D618F64FC3
D61843429A
D61790369D
D616DD2BCC
D6162A2226
D6157719AB
D614C4125C
D614110C38
D6135E0740
D612AB0373
D611F800D1
D61144FF5B
D61091FF10
D60FDEFFF1
D60F2C01FC
D60E790534
D60DC60996
D60D130F24
D60C6015DD
D60BAD1DC1
D60AFA26D1
D60A47310C
D609943C72
D608E14904
D6082E56C0
D6077B65A8
D606C875BB
D6061586FA
D605629963
D604AFACF8
D603FCC1B7
D60349D7A2
D60296EEB8
D601E406FA
D601312066
D6007E3AFD
D5FFCB56C0
D5FF1873AD
D5FE6591C6
D5FDB2B10A
D5FCFFD179
D5FC4CF312
D5FB9A15D7
D5FAE739C7
D5FA345EE2
D5F9818528
D5F8CEAC98
D5F81BD534
D5F768FEFB
D5F6B629EC
D5F6035609
D5F5508350
D5F49DB1C3
D5F3EAE160
D5F3381228
D5F285441B
D5F1D27739
D5F11FAB82
D5F06CE0F6
D5EFBA1794
D5EF074F5D
D5EE548851
D5EDA1C270
D5ECEEFDBA
D5EC3C3A2E
D5EB8977CD
D5EAD6B697
D5EA23F68C
D5E97137AB
D5E8BE79F5
D5E80BBD6A
D5E759020A
D5E6A647D4
D5E5F38EC9
D5E540D6E8
D5E48E2032
D5E3DB6AA7
D5E328B646
D5E2760310
D5E1C35105
D5E110A024
D5E05DF06E
D5DFAB41E2
D5DEF89481
D5DE45E84B
D5DD933D3E
D5DCE0935D
D5DC2DEAA6
D5DB7B4319
D5DAC89CB7
D5DA15F780
D5D9635373
D5D8B0B090
D5D7FE0ED8
D5D74B6E4A
D5D698CEE7
D5D5E630AE
D5D533939F
D5D480F7BB
D5D3CE5D01
D5D31BC372
D5D2692B0C
D5D1B693D2
D5D103FDC1
D5D05168DB
D5CF9ED51F
D5CEEC428E
D5CE39B126
D5CD8720E9
D5CCD491D7
D5CC2203EE
D5CB6F7730
D5CABCEB9C
D5CA0A6132
D5C957D7F2
D5C8A54FDD
D5C7F2C8F2
D5C7404331
D5C68DBE9A
D5C5DB3B2D
D5C528B8EA
D5C47637D2
D5C3C3B7E3
D5C311391F
D5C25EBB85
D5C1AC3F14
D5C0F9C3CE
D5C04749B2
D5BF94D0C0
D5BEE258F8
D5BE2FE25A
D5BD7D6CE6
D5BCCAF89C
D5BC18857C
D5BB661386
D5BAB3A2BA
D5BA013318
D5B94EC4A0
D5B89C5752
D5B7E9EB2D
D5B7378033
D5B6851662
D5B5D2ADBC
D5B520463F
D5B46DDFEC
D5B3BB7AC3
D5B30916C4
D5B256B3EE
D5B1A45243
D5B0F1F1C1
D5B03F9269
D5AF8D343B
D5AEDAD736
D5AE287B5B
D5AD7620AA
D5ACC3C723
D5AC116EC6
D5AB5F1792
D5AAACC188
D5A9FA6CA7
D5A94818F1
D5A895C663
D5A7E37500
D5A73124C6
D5A67ED5B6
D5A5CC87D0
D5A51A3B13
D5A467EF7F
D5A3B5A516
D5A3035BD5
D5A25113BF
D5A19ECCD2
D5A0EC870E
D5A03A4274
D59F87FF04
D59ED5BCBD
D59E237B9F
D59D713BAB
D59CBEFCE1
D59C0CBF40
D59B5A82C8
D59AA8477A
D599F60D55
D59943D45A
D598919C88
D597DF65DF
D5972D3060
D5967AFC0A
D595C8C8DE
D5951696DB
D594646601
D593B23651
D5930007CA
D5924DDA6C
D5919BAE37
D590E9832C
D59037594A
D58F853091
D58ED30902
D58E20E29C
D58D6EBD5F
D58CBC994B
D58C0A7660
D58B58549F
D58AA63406
D589F41497
D58941F651
D5888FD935
D587DDBD41
D5872BA276
D5867988D5
D585C7705D
D58515590D
D5846342E7
D583B12DEA
D582FF1A16
D5824D076B
D5819AF5E9
D580E8E590
D58036D660
D57F84C859
D57ED2BB7B
D57E20AFC6
D57D6EA53A
D57CBC9BD7
D57C0A939D
D57B588C8C
D57AA686A3
D579F481E4
D579427E4D
D578907BE0
D577DE7A9B
D5772C7A7F
D5767A7B8C
D575C87DC2
D575168120
D5746485A8
D573B28B58
D573009231
D5724E9A33
D5719CA35D
D570EAADB0
D57038B92D
D56F86C5D1
D56ED4D39F
D56E22E295
D56D70F2B4
D56CBF03FC
D56C0D166C
D56B5B2A05
D56AA93EC6
D569F754B1
D569456BC3
D5689383FF
D567E19D63
D5672FB7F0
D5667DD3A5
D565CBF083
D5651A0E89
D564682DB8
D563B64E10
D563046F90
D562529239
D561A0B60A
D560EEDB03
D5603D0125
D55F8B2870
D55ED950E3
D55E277A7E
D55D75A542
D55CC3D12F
D55C11FE43
D55B602C80
D55AAE5BE6
D559FC8C74
D5594ABE2A
D55898F109
D557E72510
D557355A3F
D556839097
D555D1C817
D5552000BF
D5546E3A90
D553BC7589
D5530AB1AA
D55258EEF3
D551A72D65
D550F56CFF
D55043ADC1
D54F91EFAB
D54EE032BE
D54E2E76F8
D54D7CBC5B
D54CCB02E6
D54C194A99
D54B679375
D54AB5DD78
D54A0428A4
D5495274F8
D548A0C273
D547EF1117
D5473D60E3
D5468BB1D7
D545DA03F4
D545285738
D54476ABA4
D543C50138
D5431357F4
D54261AFD9
D541B008E5
D540FE6319
D5404CBE75
D53F9B1AF9
D53EE978A5
D53E37D779
D53D863775
D53CD49899
D53C22FAE5
D53B715E58
D53ABFC2F4
D53A0E28B7
D5395C8FA3
D538AAF7B6
D537F960F0
D53747CB53
D5369636DE
D535E4A390
D53533116A
D53481806C
D533CFF095
D5331E61E7
D5326CD460
D531BB4801
D53109BCC9
D5305832BA
D52FA6A9D1
D52EF52211
D52E439B78
D52D921607
D52CE091BE
D52C2F0E9C
D52B7D8CA2
D52ACC0BD0
D52A1A8C25
D529690DA1
D528B79046
D528061412
D527549905
D526A31F20
D525F1A662
D525402ECC
D5248EB85E
D523DD4317
D5232BCEF7
D5227A5BFF
D521C8EA2F
D521177986
D520660A04
D51FB49BAA
D51F032E77
D51E51C26C
D51DA05788
D51CEEEDCB
D51C3D8536
D51B8C1DC9
D51ADAB782
D51A295263
D51977EE6B
D518C68B9B
D5181529F2
D51763C970
D516B26A15
D516010BE2
D5154FAED6
D5149E52F1
D513ECF834
D5133B9E9D
D5128A462E
D511D8EEE7
D5112798C6
D5107643CC
D50FC4EFFA
D50F139D4F
D50E624BCB
D50DB0FB6E
D50CFFAC39
D50C4E5E2A
D50B9D1143
D50AEBC582
D50A3A7AE9
D509893177
D508D7E92C
D50826A208
D507755C0B
D506C41735
D50612D386
D5056190FE
D504B04F9D
D503FF0F63
D5034DD050
D5029C9264
D501EB559F
D5013A1A00
D50088DF89
D4FFD7A639
D4FF266E0F
D4FE75370D
D4FDC40131
D4FD12CC7D
D4FC6198EF
D4FBB06688
D4FAFF3547
D4FA4E052E
D4F99CD63C
D4F8EBA870
D4F83A7BCB
D4F789504D
D4F6D825F5
D4F626FCC5
D4F575D4BB
D4F4C4ADD8
D4F413881B
D4F3626386
D4F2B14017
D4F2001DCE
D4F14EFCAD
D4F09DDCB2
D4EFECBDDD
D4EF3BA030
D4EE8A83A9
D4EDD96848
D4ED284E0F
D4EC7734FB
D4EBC61D0F
D4EB150649
D4EA63F0A9
D4E9B2DC31
D4E901C8DE
D4E850B6B3
D4E79FA5AD
D4E6EE95CF
D4E63D8716
D4E58C7985
D4E4DB6D19
D4E42A61D5
D4E37957B6
D4E2C84EBE
D4E21746ED
D4E1664042
D4E0B53ABD
D4E004365F
D4DF533327
D4DEA23116
D4DDF1302B
D4DD403066
D4DC8F31C8
D4DBDE3450
D4DB2D37FE
D4DA7C3CD3
D4D9CB42CE
D4D91A49EF
D4D8695236
D4D7B85BA4
D4D7076638
D4D65671F2
D4D5A57ED3
D4D4F48CD9
D4D4439C06
D4D392AC59
D4D2E1BDD3
D4D230D072
D4D17FE438
D4D0CEF924
D4D01E0F36
D4CF6D266E
D4CEBC3ECC
D4CE0B5850
D4CD5A72FB
D4CCA98ECB
D4CBF8ABC2
D4CB47C9DE
D4CA96E921
D4C9E6098A
D4C9352B19
D4C8844DCD
D4C7D371A8
D4C72296A9
D4C671BCD0
D4C5C0E41D
D4C5100C8F
D4C45F3628
D4C3AE60E7
D4C2FD8CCB
D4C24CB9D6
D4C19BE806
D4C0EB175D
D4C03A47D9
D4BF89797B
D4BED8AC43
D4BE27E031
D4BD771544
D4BCC64B7E
D4BC1582DD
D4BB64BB62
D4BAB3F50D
D4BA032FDE
D4B9526BD4
D4B8A1A8F0
D4B7F0E732
D4B740269A
D4B68F6727
D4B5DEA8DB
D4B52DEBB3
D4B47D2FB2
D4B3CC74D6
D4B31BBB20
D4B26B0290
D4B1BA4B25
D4B10994E0
D4B058DFC0
D4AFA82BC6
D4AEF778F2
D4AE46C744
D4AD9616BA
D4ACE56757
D4AC34B919
D4AB840C01
D4AAD3600E
D4AA22B540
D4A9720B99
D4A8C16316
D4A810BBBA
D4A7601582
D4A6AF7070
D4A5FECC84
D4A54E29BD
D4A49D881C
D4A3ECE7A0
D4A33C4849
D4A28BAA18
D4A1DB0D0C
D4A12A7125
D4A079D664
D49FC93CC9
D49F18A452
D49E680D01
D49DB776D6
D49D06E1CF
D49C564DEE
D49BA5BB32
D49AF5299C
D49A44992B
D4999409DF
D498E37BB8
D49832EEB7
D4978262DA
D496D1D823
D496214E92
D49570C625
D494C03EDE
D4940FB8BB
D4935F33BE
D492AEAFE6
D491FE2D33
D4914DABA6
D4909D2B3D
D48FECABFA
D48F3C2DDB
D48E8BB0E2
D48DDB350E
D48D2ABA5F
D48C7A40D5
D48BC9C870
D48B195130
D48A68DB15
D489B8661F
D48907F24E
D488577FA2
D487A70E1B
D486F69DB8
D486462E7B
D48595C063
D484E55370
D48434E7A1
D483847CF8
D482D41373
D48223AB14
D4817343D9
D480C2DDC3
D4801278D2
D47F621506
D47EB1B25E
D47E0150DC
D47D50F07E
D47CA09145
D47BF03331
D47B3FD641
D47A8F7A77
D479DF1FD1
D4792EC64F
D4787E6DF3
D477CE16BB
D4771DC0A8
D4766D6BBA
D475BD17F0
D4750CC54B
D4745C73CB
D473AC236F
D472FBD438
D4724B8626
D4719B3938
D470EAED6F
D4703AA2CA
D46F8A594A
D46EDA10EE
D46E29C9B8
D46D7983A5
D46CC93EB7
D46C18FAEE
D46B68B849
D46AB876C9
D46A08366D
D46957F736
D468A7B923
D467F77C35
D46747406B
D4669705C6
D465E6CC45
D4653693E8
D464865CB0
D463D6269C
D46325F1AC
D46275BDE1
D461C58B3B
D4611559B8
D46065295A
D45FB4FA21
D45F04CC0B
D45E549F1A
D45DA4734D
D45CF448A5
D45C441F21
D45B93F6C1
D45AE3CF85
D45A33A96E
D45983847A
D458D360AB
D458233E01
D457731C7A
D456C2FC18
D45612DCD9
D45562BEBF
D454B2A1C9
D4540285F7
D453526B4A
D452A251C0
D451F2395B
D451422219
D450920BFC
D44FE1F703
D44F31E32E
D44E81D07D
D44DD1BEF0
D44D21AE86
D44C719F41
D44BC19120
D44B118423
D44A61784A
D449B16D95
D449016404
D448515B97
D447A1544E
D446F14E29
D446414927
D44591454A
D444E14290
D4443140FB
D443814089
D442D1413B
D442214311
D44171460A
D440C14A28
D440114F69
D43F6155CF
D43EB15D58
D43E016604
D43D516FD5
D43CA17AC9
D43BF186E1
D43B41941D
D43A91A27D
D439E1B200
D43931C2A7
D43881D471
D437D1E760
D43721FB72
D4367210A7
D435C22701
D435123E7E
D43462571E
D433B270E3
D433028BCA
D43252A7D6
D431A2C505
D430F2E357
D4304302CE
D42F932367
D42EE34524
D42E336805
D42D838C09
D42CD3B131
D42C23D77D
D42B73FEEB
D42AC4277E
D42A145133
D429647C0C
D428B4A809
D42804D529
D42755036D
D426A532D3
D425F5635E
D42545950B
D42495C7DC
D423E5FBD1
D4233630E8
D422866723
D421D69E82
D42126D704
D4207710A9
D41FC74B71
D41F17875D
D41E67C46B
D41DB8029E
D41D0841F3
D41C58826C
D41BA8C408
D41AF906C7
D41A494AA9
D419998FAE
D418E9D5D7
D4183A1D23
D4178A6592
D416DAAF24
D4162AF9DA
D4157B45B2
D414CB92AE
D4141BE0CC
D4136C300E
D412BC8073
D4120CD1FB
D4115D24A6
D410AD7874
D40FFDCD65
D40F4E2379
D40E9E7AB1
D40DEED30B
D40D3F2C88
D40C8F8728
D40BDFE2EB
D40B303FD1
D40A809DDA
D409D0FD06
D409215D55
D40871BEC7
D407C2215C
D407128514
D40662E9EE
D405B34FEC
D40503B70C
D404541F4F
D403A488B5
D402F4F33E
D402455EEA
D40195CBB8
D400E639AA
D40036A8BE
D3FF8718F5
D3FED78A4E
D3FE27FCCB
D3FD78706A
D3FCC8E52C
D3FC195B10
D3FB69D217
D3FABA4A41
D3FA0AC38E
D3F95B3DFD
D3F8ABB990
D3F7FC3644
D3F74CB41C
D3F69D3316
D3F5EDB332
D3F53E3471
D3F48EB6D3
D3F3DF3A58
D3F32FBEFF
D3F28044C8
D3F1D0CBB4
D3F12153C3
D3F071DCF4
D3EFC26748
D3EF12F2BE
D3EE637F57
D3EDB40D12
D3ED049BF0
D3EC552BF0
D3EBA5BD13
D3EAF64F58
D3EA46E2BF
D3E9977749
D3E8E80CF6
D3E838A3C4
D3E7893BB6
D3E6D9D4C9
D3E62A6EFF
D3E57B0A57
D3E4CBA6D2
D3E41C446F
D3E36CE32E
D3E2BD8310
D3E20E2414
D3E15EC63A
D3E0AF6983
D3E0000DED
D3DF50B37A
D3DEA15A2A
D3DDF201FB
D3DD42AAEF
D3DC935505
D3DBE4003D
D3DB34AC97
D3DA855A14
D3D9D608B3
D3D926B874
D3D8776957
D3D7C81B5C
D3D718CE83
D3D66982CD
D3D5BA3838
D3D50AEEC6
D3D45BA676
D3D3AC5F47
D3D2FD193B
D3D24DD451
D3D19E9089
D3D0EF4DE3
D3D0400C5F
D3CF90CBFD
D3CEE18CBD
D3CE324E9F
D3CD8311A3
D3CCD3D5C9
D3CC249B11
D3CB75617B
D3CAC62907
D3CA16F1B4
D3C967BB84
D3C8B88675
D3C8095289
D3C75A1FBE
D3C6AAEE15
D3C5FBBD8E
D3C54C8E29
D3C49D5FE6
D3C3EE32C4
D3C33F06C4
D3C28FDBE6
D3C1E0B22A
D3C1318990
D3C0826217
D3BFD33BC1
D3BF24168C
D3BE74F278
D3BDC5CF87
D3BD16ADB7
D3BC678D08
D3BBB86D7C
D3BB094F11
D3BA5A31C8
D3B9AB15A0
D3B8FBFA9B
D3B84CE0B6
D3B79DC7F4
D3B6EEB053
D3B63F99D3
D3B5908476
D3B4E17039
D3B4325D1F
D3B3834B26
D3B2D43A4E
D3B2252A98
D3B1761C04
D3B0C70E91
D3B018023F
D3AF68F70F
D3AEB9ED01
D3AE0AE414
D3AD5BDC48
D3ACACD59E
D3ABFDD016
D3AB4ECBAE
D3AA9FC868
D3A9F0C644
D3A941C541
D3A892C55F
D3A7E3C69F
D3A734C900
D3A685CC83
D3A5D6D126
D3A527D6EC
D3A478DDD2
D3A3C9E5DA
D3A31AEF03
D3A26BF94D
D3A1BD04B9
D3A10E1146
D3A05F1EF4
D39FB02DC3
D39F013DB4
D39E524EC5
D39DA360F8
D39CF4744D
D39C4588C2
D39B969E59
D39AE7B510
D39A38CCE9
D39989E5E3
D398DAFFFE
D3982C1B3B
D3977D3798
D396CE5517
D3961F73B6
D395709377
D394C1B459
D39412D65B
D39363F97F
D392B51DC4
D39206432A
D3915769B1
D390A89159
D38FF9BA22
D38F4AE40B
D38E9C0F16
D38DED3B42
D38D3E688F
D38C8F96FC
D38BE0C68B
D38B31F73A
D38A83290B
D389D45BFC
D38925900E
D38876C541
D387C7FB95
D38719330A
D3866A6BA0
D385BBA556
D3850CE02D
D3845E1C25
D383AF593E
D383009778
D38251D6D2
D381A3174D
D380F458E9
D380459BA6
D37F96DF83
D37EE82481
D37E396AA0
D37D8AB1DF
D37CDBFA3F
D37C2D43C0
D37B7E8E62
D37ACFDA24
D37A212707
D37972750A
D378C3C42E
D378151473
D3776665D8
D376B7B85E
D376090C04
D3755A60CB
D374ABB6B3
D373FD0DBB
D3734E65E3
D3729FBF2C
D371F11996
D371427520
D37093D1CA
D36FE52F96
D36F368E81
D36E87EE8D
D36DD94FB9
D36D2AB206
D36C7C1574
D36BCD7A01
D36B1EDFAF
D36A70467E
D369C1AE6D
D36913177C
D3686481AB
D367B5ECFB
D36707596C
D36658C6FC
D365AA35AD
D364FBA57E
D3644D1670
D3639E8882
D362EFFBB4
D362417006
D36192E578
D360E45C0B
D36035D3BE
D35F874C91
D35ED8C685
D35E2A4198
D35D7BBDCC
D35CCD3B20
D35C1EB994
D35B703929
D35AC1B9DD
D35A133BB2
D35964BEA6
D358B642BB
D35807C7F0
D357594E45
D356AAD5BA
D355FC5E4F
D3554DE804
D3549F72D9
D353F0FECE
D353428BE4
D352941A19
D351E5A96E
D3513739E3
D35088CB78
D34FDA5E2E
D34F2BF203
D34E7D86F8
D34DCF1D0D
D34D20B442
D34C724C96
D34BC3E60B
D34B1580A0
D34A671C54
D349B8B929
D3490A571D
D3485BF631
D347AD9665
D346FF37B8
D34650DA2C
D345A27DBF
D344F42272
D34445C845
D343976F38
D342E9174A
D3423AC07C
D3418C6ACE
D340DE1640
D3402FC2D1
D33F817082
D33ED31F53
D33E24CF43
D33D768053
D33CC83283
D33C19E5D2
D33B6B9A41
D33ABD4FD0
D33A0F067E
D33960BE4C
D338B2773A
D338043147
D33755EC73
D336A7A8C0
D335F9662B
D3354B24B7
D3349CE461
D333EEA52C
D333406715
D332922A1F
D331E3EE48
D33135B390
D3308779F8
D32FD9417F
D32F2B0A25
D32E7CD3EC
D32DCE9ED1
D32D206AD6
D32C7237FA
D32BC4063E
D32B15D5A1
D32A67A623
D329B977C5
D3290B4A86
D3285D1E67
D327AEF367
D32700C986
D32652A0C4
D325A47922
D324F6529F
D324482D3B
D3239A08F7
D322EBE5D1
D3223DC3CB
D3218FA2E5
D320E1831D
D320336475
D31F8546EB
D31ED72A81
D31E290F37
D31D7AF50B
D31CCCDBFE
D31C1EC411
D31B70AD43
D31AC29794
D31A148304
D319666F93
D318B85D41
D3180A4C0E
D3175C3BFA
D316AE2D06
D316001F30
D31552127A
D314A406E2
D313F5FC6A
D31347F310
D31299EAD5
D311EBE3BA
D3113DDDBD
D3108FD8E0
D30FE1D521
D30F33D281
D30E85D100
D30DD7D09E
D30D29D15B
D30C7BD337
D30BCDD632
D30B1FDA4B
D30A71DF84
D309C3E5DB
D30915ED51
D30867F5E6
D307B9FF9A
D3070C0A6C
D3065E165E
D305B0236E
D30502319D
D3045440EA
D303A65157
D302F862E2
D3024A758C
D3019C8954
D300EE9E3C
D30040B442
D2FF92CB66
D2FEE4E3AA
D2FE36FD0C
D2FD89178C
D2FCDB332C
D2FC2D4FEA
D2FB7F6DC6
D2FAD18CC1
D2FA23ACDB
D2F975CE14
D2F8C7F06A
D2F81A13E0
D2F76C3874
D2F6BE5E27
D2F61084F8
D2F562ACE7
D2F4B4D5F6
D2F4070022
D2F3592B6D
D2F2AB57D7
D2F1FD855F
D2F14FB406
D2F0A1E3CB
D2EFF414AE
D2EF4646B0
D2EE9879D0
D2EDEAAE0F
D2ED3CE36C
D2EC8F19E7
D2EBE15181
D2EB338A39
D2EA85C410
D2E9D7FF05
D2E92A3B18
D2E87C7849
D2E7CEB699
D2E720F607
D2E6733694
D2E5C5783E
D2E517BB07
D2E469FEEE
D2E3BC43F4
D2E30E8A17
D2E260D159
D2E1B319B9
D2E1056338
D2E057ADD4
D2DFA9F98F
D2DEFC4668
D2DE4E945F
D2DDA0E374
D2DCF333A7
D2DC4584F8
D2DB97D768
D2DAEA2AF5
D2DA3C7FA1
D2D98ED56B
D2D8E12C53
D2D8338458
D2D785DD7C
D2D6D837BE
D2D62A931E
D2D57CEF9C
D2D4CF4D38
D2D421ABF2
D2D3740BCA
D2D2C66CC0
D2D218CED4
D2D16B3206
D2D0BD9656
D2D00FFBC3
D2CF62624F
D2CEB4C9F8
D2CE0732C0
D2CD599CA5
D2CCAC07A8
D2CBFE73C9
D2CB50E108
D2CAA34F65
D2C9F5BEE0
D2C9482F78
D2C89AA12E
D2C7ED1402
D2C73F87F4
D2C691FD04
D2C5E47331
D2C536EA7C
D2C48962E5
D2C3DBDC6C
D2C32E5710
D2C280D2D2
D2C1D34FB2
D2C125CDAF
D2C0784CCA
D2BFCACD03
D2BF1D4E59
D2BE6FD0CD
D2BDC2545F
D2BD14D90E
D2BC675EDB
D2BBB9E5C6
D2BB0C6DCE
D2BA5EF6F4
D2B9B18137
D2B9040C98
D2B8569916
D2B7A926B2
D2B6FBB56C
D2B64E4543
D2B5A0D637
D2B4F36849
D2B445FB79
D2B3988FC6
D2B2EB2530
D2B23DBBB8
D2B190535E
D2B0E2EC20
D2B0358600
D2AF8820FE
D2AEDABD19
D2AE2D5A51
D2AD7FF8A7
D2ACD2981A
D2AC2538AB
D2AB77DA59
D2AACA7D24
D2AA1D210C
D2A96FC612
D2A8C26C35
D2A8151376
D2A767BBD4
D2A6BA654F
D2A60D0FE7
D2A55FBB9C
D2A4B2686F
D2A405165F
D2A357C56C
D2A2AA7596
D2A1FD26DE
D2A14FD943
D2A0A28CC5
D29FF54164
D29F47F720
D29E9AADF9
D29DED65F0
D29D401F04
D29C92D934
D29BE59482
D29B3850ED
D29A8B0E75
D299DDCD1A
D299308CDD
D298834DBC
D297D60FB8
D29728D2D1
D2967B9708
D295CE5C5B
D2952122CB
D29473EA58
D293C6B303
D293197CCA
D2926C47AE
D291BF13AF
D29111E0CD
D29064AF08
D28FB77E60
D28F0A4ED4
D28E5D2066
D28DAFF314
D28D02C6E0
D28C559BC8
D28BA871CD
D28AFB48EF
D28A4E212E
D289A0FA89
D288F3D501
D28846B096
D287998D48
D286EC6B17
D2863F4A02
D285922A0B
D284E50B2F
D28437ED71
D2838AD0CF
D282DDB54A
D282309AE2
D281838196
D280D66967
D280295255
D27F7C3C60
D27ECF2787
D27E2213CA
D27D75012A
D27CC7EFA7
D27C1ADF41
D27B6DCFF7
D27AC0C1C9
D27A13B4B9
D27966A8C4
D278B99DED
D2780C9431
D2775F8B93
D276B28411
D276057DAB
D275587862
D274AB7435
D273FE7125
D273516F31
D272A46E5A
D271F76E9F
D2714A7000
D2709D727E
D26FF07619
D26F437ACF
D26E9680A2
D26DE98792
D26D3C8F9E
D26C8F98C6
D26BE2A30B
D26B35AE6B
D26A88BAE9
D269DBC882
D2692ED738
D26881E70A
D267D4F7F8
D267280A03
D2667B1D2A
D265CE316D
D2652146CC
D264745D48
D263C774E0
D2631A8D94
D2626DA764
D261C0C250
D26113DE59
D26066FB7D
D25FBA19BE
D25F0D391B
D25E605994
D25DB37B29
D25D069DDB
D25C59C1A8
D25BACE691
D25B000C97
D25A5333B9
D259A65BF6
D258F98550
D2584CAFC6
D2579FDB57
D256F30805
D2564635CF
D2559964B5
D254EC94B6
D2543FC5D4
D25392F80E
D252E62B63
D252395FD5
D2518C9562
D250DFCC0B
D2503303D1
D24F863CB2
D24ED976AF
D24E2CB1C8
D24D7FEDFC
D24CD32B4D
D24C2669B9
D24B79A942
D24ACCE9E6
D24A202BA6
D249736E81
D248C6B279
D24819F78C
D2476D3DBB
D246C08506
D24613CD6C
D2456716EE
D244BA618C
D2440DAD46
D24360FA1B
D242B4480C
D242079719
D2415AE741
D240AE3885
D240018AE5
D23F54DE60
D23EA832F7
D23DFB88A9
D23D4EDF78
D23CA23761
D23BF59067
D23B48EA87
D23A9C45C4
D239EFA21C
D23942FF8F
D238965E1E
D237E9BDC9
D2373D1E8F
D236908070
D235E3E36E
D235374786
D2348AACBA
D233DE1309
D233317A74
D23284E2FB
D231D84C9C
D2312BB759
D2307F2332
D22FD29026
D22F25FE35
D22E796D60
D22DCCDDA6
D22D204F07
D22C73C184
D22BC7351C
D22B1AA9CF
D22A6E1F9E
D229C19688
D229150E8D
D2286887AE
D227BC01E9
D2270F7D40
D22662F9B3
D225B67740
D22509F5E9
D2245D75AD
D223B0F68C
D223047886
D22257FB9C
D221AB7FCC
D220FF0518
D220528B7F
D21FA61301
D21EF99B9E
D21E4D2556
D21DA0B02A
D21CF43C18
D21C47C922
D21B9B5747
D21AEEE686
D21A4276E1
D219960857
D218E99AE8
D2183D2E93
D21790C35A
D216E4593C
D21637F039
D2158B8851
D214DF2183
D21432BBD1
D21386573A
D212D9F3BD
D2122D915C
D211813015
D210D4CFE9
D2102870D9
D20F7C12E3
D20ECFB608
D20E235A47
D20D76FFA2
D20CCAA618
D20C1E4DA8
D20B71F653
D20AC5A019
D20A194AFA
D2096CF6F5
D208C0A40B
D20814523C
D207680188
D206BBB1EF
D2060F6370
D20563160C
D204B6C9C3
D2040A7E94
D2035E3480
D202B1EB87
D20205A3A8
D201595CE4
D200AD173B
D20000D2AC
D1FF548F38
D1FEA84CDF
D1FDFC0BA0
D1FD4FCB7C
D1FCA38C72
D1FBF74E83
D1FB4B11AE
D1FA9ED5F5
D1F9F29B55
D1F94661D0
D1F89A2966
D1F7EDF216
D1F741BBE1
D1F69586C6
D1F5E952C5
D1F53D1FDF
D1F490EE14
D1F3E4BD63
D1F3388DCC
D1F28C5F50
D1F1E031EE
D1F13405A7
D1F087DA7A
D1EFDBB067
D1EF2F876F
D1EE835F91
D1EDD738CD
D1ED2B1324
D1EC7EEE95
D1EBD2CB21
D1EB26A8C6
D1EA7A8786
D1E9CE6761
D1E9224855
D1E8762A64
D1E7CA0D8D
D1E71DF1D0
D1E671D72E
D1E5C5BDA6
D1E519A538
D1E46D8DE4
D1E3C177AA
D1E315628B
D1E2694E86
D1E1BD3B9B
D1E11129CA
D1E0651913
D1DFB90976
D1DF0CFAF3
D1DE60ED8B
D1DDB4E13D
D1DD08D608
D1DC5CCBEE
D1DBB0C2EE
D1DB04BB08
D1DA58B43C
D1D9ACAE8A
D1D900A9F2
D1D854A674
D1D7A8A410
D1D6FCA2C5
D1D650A295
D1D5A4A37F
D1D4F8A583
D1D44CA8A1
D1D3A0ACD9
D1D2F4B22A
D1D248B896
D1D19CC01B
D1D0F0C8BB
D1D044D274
D1CF98DD47
D1CEECE934
D1CE40F63B
D1CD95045C
D1CCE91396
D1CC3D23EA
D1CB913559
D1CAE547E1
D1CA395B82
D1C98D703E
D1C8E18613
D1C8359D02
D1C789B50B
D1C6DDCE2D
D1C631E869
D1C58603BF
D1C4DA202F
D1C42E3DB8
D1C3825C5B
D1C2D67C18
D1C22A9CEE
D1C17EBEDE
D1C0D2E1E8
D1C027060B
D1BF7B2B48
D1BECF519E
D1BE23790F
D1BD77A198
D1BCCBCB3B
D1BC1FF5F8
D1BB7421CF
D1BAC84EBE
D1BA1C7CC8
D1B970ABEB
D1B8C4DC27
D1B8190D7D
D1B76D3FED
D1B6C17376
D1B615A818
D1B569DDD4
D1B4BE14A9
D1B4124C98
D1B36685A0
D1B2BABFC2
D1B20EFAFD
D1B1633751
D1B0B774BF
D1B00BB346
D1AF5FF2E6
D1AEB433A0
D1AE087573
D1AD5CB860
D1ACB0FC66
D1AC054185
D1AB5987BE
D1AAADCF0F
D1AA02177A
D1A95660FF
D1A8AAAB9C
D1A7FEF753
D1A7534423
D1A6A7920C
D1A5FBE10F
D1A550312B
D1A4A48260
D1A3F8D4AE
D1A34D2815
D1A2A17C95
D1A1F5D22F
D1A14A28E2
D1A09E80AD
D19FF2D992
D19F473391
D19E9B8EA8
D19DEFEAD8
D19D444821
D19C98A684
D19BED05FF
D19B416694
D19A95C841
D199EA2B08
D1993E8EE8
D19892F3E0
D197E759F2
D1973BC11C
D196902960
D195E492BD
D19538FD32
D1948D68C1
D193E1D568
D193364328
D1928AB201
D191DF21F3
D1913392FE
D190880522
D18FDC785F
D18F30ECB5
D18E856223
D18DD9D8AA
D18D2E504B
D18C82C903
D18BD742D5
D18B2BBDC0
D18A8039C3
D189D4B6DF
D189293514
D1887DB462
D187D234C8
D18726B647
D1867B38DF
D185CFBC8F
D185244158
D18478C73A
D183CD4E35
D18321D648
D182765F74
D181CAE9B9
D1811F7516
D18074018C
D17FC88F1A
D17F1D1DC1
D17E71AD81
D17DC63E59
D17D1AD04A
D17C6F6353
D17BC3F775
D17B188CB0
D17A6D2303
D179C1BA6E
D1791652F2
D1786AEC8F
D177BF8744
D177142311
D17668BFF7
D175BD5DF5
D17511FD0C
D174669D3C
D173BB3E83
D1730FE0E4
D17264845C
D171B928ED
D1710DCE96
D170627558
D16FB71D32
D16F0BC625
D16E60702F
D16DB51B53
D16D09C78E
D16C5E74E2
D16BB3234E
D16B07D2D2
D16A5C836F
D169B13524
D16905E7F1
D1685A9BD6
D167AF50D4
D1670406EA
D16658BE18
D165AD765E
D165022FBC
D16456EA33
D163ABA5C2
D163006269
D162552028
D161A9DEFF
D160FE9EEF
D160535FF6
D15FA82216
D15EFCE54E
D15E51A99E
D15DA66F06
D15CFB3586
D15C4FFD1E
D15BA4C5CE
D15AF98F96
D15A4E5A76
D159A3266F
D158F7F37F
D1584CC1A7
D157A190E7
D156F6613F
D1564B32AF
D155A00538
D154F4D8D8
D15449AD90
D1539E8360
D152F35A47
D152483247
D1519D0B5F
D150F1E58E
D15046C0D6
D14F9B9D35
D14EF07AAC
D14E45593B
D14D9A38E2
D14CEF19A0
D14C43FB76
D14B98DE65
D14AEDC26B
D14A42A788
D149978DBE
D148EC750B
D148415D70
D1479646ED
D146EB3181
D146401D2E
D1459509F1
D144E9F7CD
D1443EE6C0
D14393D6CB
D142E8C7EE
D1423DBA28
D14192AD7A
D140E7A1E3
D1403C9765
D13F918DFD
D13EE685AE
D13E3B7E76
D13D907855
D13CE5734C
D13C3A6F5B
D13B8F6C81
D13AE46ABF
D13A396A14
D1398E6A81
D138E36C05
D138386EA1
D1378D7254
D136E2771F
D136377D01
D1358C83FB
D134E18C0C
D134369534
D1338B9F74
D132E0AACC
D13235B73A
D1318AC4C0
D130DFD35E
D13034E313
D12F89F3DF
D12EDF05C3
D12E3418BE
D12D892CD0
D12CDE41F9
D12C33583A
D12B886F92
D12ADD8802
D12A32A189
D12987BC27
D128DCD7DC
D12831F4A8
D12787128C
D126DC3187
D126315199
D1258672C3
D124DB9503
D12430B85B
D12385DCCA
D122DB0250
D1223028ED
D1218550A2
D120DA796D
D1202FA350
D11F84CE49
D11ED9FA5A
D11E2F2782
D11D8455C1
D11CD98517
D11C2EB584
D11B83E708
D11AD919A4
D11A2E4D56
D11983821F
D118D8B7FF
D1182DEEF6
D117832705
D116D8602A
D1162D9A66
D11582D5B9
D114D81223
D1142D4FA4
D113828E3C
D112D7CDEB
D1122D0EB0
D11182508D
D110D79381
D1102CD78B
D10F821CAC
D10ED762E4
D10E2CAA33
D10D81F299
D10CD73C15
D10C2C86A8
D10B81D253
D10AD71F13
D10A2C6CEB
D10981BBDA
D108D70BDF
D1082C5CFB
D10781AF2D
D106D70277
D1062C56D7
D10581AC4E
D104D702DB
D1042C5A7F
D10381B33A
D102D70D0C
D1022C67F4
D10181C3F3
D100D72108
D1002C7F34
D0FF81DE77
D0FED73ED0
D0FE2CA040
D0FD8202C6
D0FCD76663
D0FC2CCB17
D0FB8230E1
D0FAD797C1
D0FA2CFFB9
D0F98268C6
D0F8D7D2EA
D0F82D3E25
D0F782AA76
D0F6D817DE
D0F62D865C
D0F582F5F0
D0F4D8669B
D0F42DD85D
D0F3834B34
D0F2D8BF23
D0F22E3427
D0F183AA42
D0F0D92174
D0F02E99BB
D0EF84131A
D0EED98D8E
D0EE2F0919
D0ED8485BA
D0ECDA0371
D0EC2F823F
D0EB850223
D0EADA831D
D0EA30052E
D0E9858855
D0E8DB0C92
D0E83091E5
D0E786184F
D0E6DB9FCF
D0E6312865
D0E586B211
D0E4DC3CD3
D0E431C8AC
D0E387559B
D0E2DCE3A0
D0E23272BB
D0E18802EC
D0E0DD9433
D0E0332691
D0DF88BA05
D0DEDE4E8E
D0DE33E42E
D0DD897AE4
D0DCDF12B0
D0DC34AB92
D0DB8A458A
D0DADFE098
D0DA357CBC
D0D98B19F6
D0D8E0B846
D0D83657AC
D0D78BF828
D0D6E199BA
D0D6373C62
D0D58CE020
D0D4E284F4
D0D4382ADE
D0D38DD1DE
D0D2E379F3
D0D239231F
D0D18ECD60
D0D0E478B8
D0D03A2525
D0CF8FD2A8
D0CEE58141
D0CE3B30F0
D0CD90E1B4
D0CCE6938F
D0CC3C467F
D0CB91FA85
D0CAE7AFA1
D0CA3D65D2
D0C9931D1A
D0C8E8D577
D0C83E8EEA
D0C7944972
D0C6EA0511
D0C63FC1C5
D0C5957F8E
D0C4EB3E6E
D0C440FE63
D0C396BF6E
D0C2EC818E
D0C24244C4
D0C1980910
D0C0EDCE71
D0C04394E8
D0BF995C75
D0BEEF2517
D0BE44EECF
D0BD9AB99C
D0BCF0857F
D0BC465277
D0BB9C2085
D0BAF1EFA9
D0BA47BFE2
D0B99D9131
D0B8F36395
D0B849370E
D0B79F0B9E
D0B6F4E142
D0B64AB7FC
D0B5A08FCC
D0B4F668B1
D0B44C42AB
D0B3A21DBB
D0B2F7F9E0
D0B24DD71B
D0B1A3B56B
D0B0F994D0
D0B04F754B
D0AFA556DB
D0AEFB3980
D0AE511D3B
D0ADA7020B
D0ACFCE7F1
D0AC52CEEC
D0ABA8B6FC
D0AAFEA021
D0AA548A5C
D0A9AA75AC
D0A9006211
D0A8564F8B
D0A7AC3E1B
D0A7022DC0
D0A6581E7A
D0A5AE1049
D0A504032E
D0A459F728
D0A3AFEC36
D0A305E25B
D0A25BD994
D0A1B1D1E2
D0A107CB46
D0A05DC5BE
D09FB3C14C
D09F09BDEF
D09E5FBBA7
D09DB5BA74
D09D0BBA56
D09C61BB4D
D09BB7BD59
D09B0DC07A
D09A63C4B0
D099B9C9FC
D0990FD05C
D09865D7D1
D097BBE05C
D09711E9FB
D09667F4AF
D095BE0078
D095140D56
D0946A1B49
D093C02A51
D093163A6E
D0926C4BA0
D091C25DE7
D091187143
D0906E85B3
D08FC49B38
D08F1AB1D3
D08E70C982
D08DC6E245
D08D1CFC1E
D08C73170C
D08BC9330E
D08B1F5025
D08A756E51
D089CB8D92
D08921ADE7
D08877CF51
D087CDF1D0
D087241564
D0867A3A0C
D085D05FC9
D08526869B
D0847CAE82
D083D2D77D
D08329018D
D0827F2CB1
D081D558EA
D0812B8638
D08081B49B
D07FD7E412
D07F2E149D
D07E84463D
D07DDA78F2
D07D30ACBC
D07C86E19A
D07BDD178C
D07B334E93
D07A8986AF
D079DFBFDF
D07935FA24
D0788C357D
D077E271EA
D07738AF6C
D0768EEE03
D075E52DAE
D0753B6E6E
D07491B042
D073E7F32A
D0733E3727
D072947C38
D071EAC25E
D071410998
D0709751E6
D06FED9B49
D06F43E5C0
D06E9A314B
D06DF07DEB
D06D46CB9F
D06C9D1A68
D06BF36A45
D06B49BB36
D06AA00D3B
D069F66055
D0694CB483
D068A309C5
D067F9601B
D0674FB786
D066A61005
D065FC6998
D06552C43F
D064A91FFB
D063FF7CCA
D06355DAAE
D062AC39A6
D0620299B2
D06158FAD3
D060AF5D07
D06005C050
D05F5C24AC
D05EB28A1D
D05E08F0A2
D05D5F583B
D05CB5C0E8
D05C0C2AA9
D05B62957E
D05AB90168
D05A0F6E65
D05965DC76
D058BC4B9B
D05812BBD5
D057692D22
D056BF9F83
D0561612F8
D0556C8781
D054C2FD1F
D0541973D0
D0536FEB95
D052C6646D
D0521CDE5A
D05173595B
D050C9D570
D050205298
D04F76D0D4
D04ECD5025
D04E23D089
D04D7A5200
D04CD0D48C
D04C27582C
D04B7DDCDF
D04AD462A6
D04A2AE981
D049817170
D048D7FA72
D0482E8488
D047850FB2
D046DB9BF0
D046322941
D04588B7A6
D044DF471F
D04435D7AC
D0438C694C
D042E2FC00
D042398FC7
D0419024A2
D040E6BA91
D0403D5193
D03F93E9AA
D03EEA82D3
D03E411D10
D03D97B861
D03CEE54C6
D03C44F23E
D03B9B90C9
D03AF23068
D03A48D11B
D0399F72E1
D038F615BB
D0384CB9A8
D037A35EA9
D036FA04BD
D03650ABE5
D035A75420
D034FDFD6E
D03454A7D0
D033AB5346
D03301FFCF
D03258AD6B
D031AF5C1B
D031060BDE
D0305CBCB4
D02FB36E9E
D02F0A219B
D02E60D5AC
D02DB78AD0
D02D0E4107
D02C64F851
D02BBBB0AF
D02B126A21
D02A6924A5
D029BFE03D
D029169CE8
D0286D5AA6
D027C41978
D0271AD95C
D026719A54
D025C85C60
D0251F1F7E
D02475E3B0
D023CCA8F5
D023236F4D
D0227A36B8
D021D0FF36
D02127C8C8
D0207E936C
D01FD55F24
D01F2C2BEF
D01E82F9CD
D01DD9C8BE
D01D3098C2
D01C8769D9
D01BDE3C04
D01B350F41
D01A8BE391
D019E2B8F5
D019398F6B
D0189066F5
D017E73F91
D0173E1941
D01694F403
D015EBCFD9
D01542ACC1
D014998ABC
D013F069CB
D0134749EC
D0129E2B20
D011F50D67
D0114BF0C1
D010A2D52E
D00FF9BAAE
D00F50A140
D00EA788E6
D00DFE719E
D00D555B69
D00CAC4647
D00C033238
D00B5A1F3C
D00AB10D52
D00A07FC7C
D0095EECB8
D008B5DE06
D0080CD068
D00763C3DC
D006BAB863
D00611ADFD
D00568A4AA
D004BF9C69
D00416953B
D0036D8F1F
D002C48A16
D0021B8620
D00172833D
D000C9816C
D0002080AE
CFFF778103
CFFECE826A
CFFE2584E3
CFFD7C8870
CFFCD38D0F
CFFC2A92C0
CFFB819984
CFFAD8A15B
CFFA2FAA44
CFF986B440
CFF8DDBF4E
CFF834CB6E
CFF78BD8A2
CFF6E2E6E7
CFF639F640
CFF59106AA
CFF4E81827
CFF43F2AB7
CFF3963E59
CFF2ED530E
CFF24468D4
CFF19B7FAE
CFF0F29799
CFF049B098
CFEFA0CAA8
CFEEF7E5CB
CFEE4F0200
CFEDA61F48
CFECFD3DA2
CFEC545D0E
CFEBAB7D8C
CFEB029F1D
CFEA59C1C0
CFE9B0E576
CFE9080A3E
CFE85F3018
CFE7B65704
CFE70D7F02
CFE664A813
CFE5BBD236
CFE512FD6B
CFE46A29B3
CFE3C1570C
CFE3188578
CFE26FB4F6
CFE1C6E586
CFE11E1729
CFE07549DD
CFDFCC7DA4
CFDF23B27C
CFDE7AE867
CFDDD21F64
CFDD295773
CFDC809094
CFDBD7CAC7
CFDB2F060D
CFDA864264
CFD9DD7FCD
CFD934BE49
CFD88BFDD6
CFD7E33E76
CFD73A8027
CFD691C2EA
CFD5E906C0
CFD5404BA7
CFD49791A1
CFD3EED8AC
CFD34620C9
CFD29D69F8
CFD1F4B43A
CFD14BFF8D
CFD0A34BF2
CFCFFA9968
CFCF51E7F1
CFCEA9378C
CFCE008838
CFCD57D9F6
CFCCAF2CC6
CFCC0680A8
CFCB5DD59C
CFCAB52BA2
CFCA0C82B9
CFC963DAE2
CFC8BB341D
CFC8128E6A
CFC769E9C9
CFC6C14639
CFC618A3BB
CFC570024F
CFC4C761F4
CFC41EC2AB
CFC3762474
CFC2CD874F
CFC224EB3B
CFC17C5039
CFC0D3B648
CFC02B1D6A
CFBF82859C
CFBED9EEE1
CFBE315937
CFBD88C49F
CFBCE03118
CFBC379EA3
CFBB8F0D3F
CFBAE67CED
CFBA3DEDAD
CFB9955F7E
CFB8ECD261
CFB8444655
CFB79BBB5B
CFB6F33172
CFB64AA89A
CFB5A220D5
CFB4F99A20
CFB451147E
CFB3A88FEC
CFB3000C6C
CFB25789FE
CFB1AF08A1
CFB1068855
CFB05E091B
CFAFB58AF2
CFAF0D0DDA
CFAE6491D4
CFADBC16DF
CFAD139CFC
CFAC6B242A
CFABC2AC69
CFAB1A35BA
CFAA71C01C
CFA9C94B8F
CFA920D813
CFA87865A9
CFA7CFF450
CFA7278409
CFA67F14D2
CFA5D6A6AD
CFA52E3999
CFA485CD96
CFA3DD62A5
CFA334F8C4
CFA28C8FF5
CFA1E42837
CFA13BC18B
CFA0935BEF
CF9FEAF765
CF9F4293EB
CF9E9A3183
CF9DF1D02C
CF9D496FE6
CF9CA110B1
CF9BF8B28D
CF9B50557B
CF9AA7F979
CF99FF9E89
CF995744A9
CF98AEEBDB
CF9806941D
CF975E3D71
CF96B5E7D5
CF960D934B
CF95653FD2
CF94BCED69
CF94149C12
CF936C4BCB
CF92C3FC96
CF921BAE71
CF9173615D
CF90CB155A
CF9022CA69
CF8F7A8088
CF8ED237B8
CF8E29EFF8
CF8D81A94A
CF8CD963AD
CF8C311F20
CF8B88DBA4
CF8AE09939
CF8A3857DF
CF89901796
CF88E7D85D
CF883F9A35
CF87975D1E
CF86EF2118
CF8646E623
CF859EAC3E
CF84F6736A
CF844E3BA7
CF83A604F4
CF82FDCF52
CF82559AC1
CF81AD6741
CF810534D1
CF805D0372
CF7FB4D323
CF7F0CA3E6
CF7E6475B8
CF7DBC489C
CF7D141C90
CF7C6BF195
CF7BC3C7AA
CF7B1B9ED0
CF7A737706
CF79CB504D
CF79232AA5
CF787B060D
CF77D2E285
CF772AC00E
CF76829EA8
CF75DA7E52
CF75325F0D
CF748A40D8
CF73E223B4
CF733A07A0
CF7291EC9C
CF71E9D2A9
CF7141B9C7
CF7099A1F4
CF6FF18B33
CF6F497581
CF6EA160E0
CF6DF94D50
CF6D513ACF
CF6CA92960
CF6C011900
CF6B5909B1
CF6AB0FB72
CF6A08EE44
CF6960E225
CF68B8D717
CF6810CD1A
CF6768C42C
CF66C0BC4F
CF6618B583
CF6570AFC6
CF64C8AB1A
CF6420A77E
CF6378A4F2
CF62D0A376
CF6228A30B
CF6180A3AF
CF60D8A564
CF6030A829
CF5F88ABFF
CF5EE0B0E4
CF5E38B6DA
CF5D90BDDF
CF5CE8C5F5
CF5C40CF1B
CF5B98D951
CF5AF0E497
CF5A48F0ED
CF59A0FE53
CF58F90CCA
CF58511C50
CF57A92CE6
CF57013E8D
CF56595143
CF55B1650A
CF550979E0
CF54618FC7
CF53B9A6BD
CF5311BEC3
CF5269D7DA
CF51C1F200
CF511A0D36
CF5072297C
CF4FCA46D2
CF4F226538
CF4E7A84AE
CF4DD2A534
CF4D2AC6CA
CF4C82E96F
CF4BDB0D24
CF4B3331EA
CF4A8B57BF
CF49E37EA3
CF493BA698
CF4893CF9D
CF47EBF9B1
CF474424D5
CF469C5109
CF45F47E4C
CF454CACA0
CF44A4DC03
CF43FD0C76
CF43553DF8
CF42AD708B
CF4205A42D
CF415DD8DE
CF40B60EA0
CF400E4571
CF3F667D51
CF3EBEB642
CF3E16F042
CF3D6F2B52
CF3CC76771
CF3C1FA4A0
CF3B77E2DE
CF3AD0222C
CF3A28628A
CF3980A3F7
CF38D8E674
CF38312A01
CF37896E9C
CF36E1B448
CF3639FB03
CF359242CD
CF34EA8BA7
CF3442D591
CF339B208A
CF32F36C92
CF324BB9AA
CF31A407D2
CF30FC5709
CF3054A74F
CF2FACF8A4
CF2F054B0A
CF2E5D9E7E
CF2DB5F302
CF2D0E4895
CF2C669F38
CF2BBEF6EA
CF2B174FAB
CF2A6FA97C
CF29C8045C
CF2920604B
CF2878BD4A
CF27D11B58
CF27297A75
CF2681DAA2
CF25DA3BDE
CF25329E29
CF248B0183
CF23E365ED
CF233BCB66
CF229431EE
CF21EC9985
CF2145022C
CF209D6BE1
CF1FF5D6A6
CF1F4E427A
CF1EA6AF5D
CF1DFF1D50
CF1D578C51
CF1CAFFC62
CF1C086D81
CF1B60DFB0
CF1AB952EE
CF1A11C73B
CF196A3C97
CF18C2B303
CF181B2A7D
CF1773A306
CF16CC1C9F
CF16249746
CF157D12FC
CF14D58FC2
CF142E0D96
CF13868C7A
CF12DF0C6C
CF12378D6E
CF11900F7E
CF10E8929D
CF104116CB
CF0F999C09
CF0EF22255
CF0E4AA9B0
CF0DA3321A
CF0CFBBB92
CF0C54461A
CF0BACD1B1
CF0B055E56
CF0A5DEC0A
CF09B67ACD
CF090F0A9F
CF08679B80
CF07C02D70
CF0718C06E
CF0671547B
CF05C9E997
CF05227FC2
CF047B16FB
CF03D3AF44
CF032C489B
CF0284E300
CF01DD7E75
CF01361AF8
CF008EB88A
CEFFE7572A
CEFF3FF6DA
CEFE989797
CEFDF13964
CEFD49DC3F
CEFCA28029
CEFBFB2521
CEFB53CB29
CEFAAC723E
CEFA051A63
CEF95DC396
CEF8B66DD7
CEF80F1927
CEF767C586
CEF6C072F3
CEF619216F
CEF571D0F9
CEF4CA8192
CEF4233339
CEF37BE5EF
CEF2D499B3
CEF22D4E86
CEF1860467
CEF0DEBB57
CEF0377355
CEEF902C61
CEEEE8E67C
CEEE41A1A6
CEED9A5DDD
CEECF31B24
CEEC4BD978
CEEBA498DB
CEEAFD594D
CEEA561ACC
CEE9AEDD5B
CEE907A0F7
CEE86065A2
CEE7B92B5B
CEE711F222
CEE66AB9F8
CEE5C382DC
CEE51C4CCE
CEE47517CF
CEE3CDE3DE
CEE326B0FB
CEE27F7F26
CEE1D84E5F
CEE1311EA7
CEE089EFFD
CEDFE2C261
CEDF3B95D4
CEDE946A54
CEDDED3FE3
CEDD461680
CEDC9EEE2B
CEDBF7C6E4
CEDB50A0AB
CEDAA97B81
CEDA025764
CED95B3456
CED8B41256
CED80CF163
CED765D17F
CED6BEB2A9
CED61794E1
CED5707827
CED4C95C7B
CED42241DD
CED37B284D
CED2D40FCB
CED22CF857
CED185E1F2
CED0DECC9A
CED037B850
CECF90A514
CECEE992E5
CECE4281C5
CECD9B71B3
CECCF462AF
CECC4D54B8
CECBA647D0
CECAFF3BF5
CECA583128
CEC9B12769
CEC90A1EB8
CEC8631715
CEC7BC107F
CEC7150AF8
CEC66E067E
CEC5C70312
CEC52000B4
CEC478FF64
CEC3D1FF21
CEC32AFFEC
CEC28401C5
CEC1DD04AC
CEC13608A0
CEC08F0DA2
CEBFE813B2
CEBF411ACF
CEBE9A22FA
CEBDF32C33
CEBD4C367A
CEBCA541CE
CEBBFE4E30
CEBB575B9F
CEBAB06A1C
CEBA0979A7
CEB9628A40
CEB8BB9BE6
CEB814AE99
CEB76DC25A
CEB6C6D729
CEB61FED05
CEB57903EF
CEB4D21BE6
CEB42B34EB
CEB3844EFE
CEB2DD6A1E
CEB236864B
CEB18FA386
CEB0E8C1CE
CEB041E124
CEAF9B0188
CEAEF422F9
CEAE4D4577
CEADA66902
CEACFF8D9C
CEAC58B342
CEABB1D9F6
CEAB0B01B7
CEAA642A86
CEA9BD5462
CEA9167F4C
CEA86FAB42
CEA7C8D846
CEA7220658
CEA67B3577
CEA5D465A3
CEA52D96DC
CEA486C923
CEA3DFFC77
CEA33930D8
CEA2926647
CEA1EB9CC2
CEA144D44B
CEA09E0CE2
CE9FF74685
CE9F508136
CE9EA9BCF4
CE9E02F9BF
CE9D5C3797
CE9CB5767D
CE9C0EB66F
CE9B67F76F
CE9AC1397C
CE9A1A7C96
CE9973C0BD
CE98CD05F1
CE98264C33
CE977F9381
CE96D8DBDD
CE96322545
CE958B6FBB
CE94E4BB3E
CE943E07CE
CE9397556B
CE92F0A414
CE9249F3CB
CE91A3448F
CE90FC9660
CE9055E93E
CE8FAF3D29
CE8F089221
CE8E61E825
CE8DBB3F37
CE8D149756
CE8C6DF081
CE8BC74ABA
CE8B20A5FF
CE8A7A0251
CE89D35FB1
CE892CBE1D
CE88861D96
CE87DF7E1B
CE8738DFAE
CE8692424D
CE85EBA5FA
CE85450AB3
CE849E7079
CE83F7D74B
CE83513F2B
CE82AAA817
CE82041210
CE815D7D16
CE80B6E929
CE80105648
CE7F69C474
CE7EC333AD
CE7E1CA3F2
CE7D761544
CE7CCF87A3
CE7C28FB0E
CE7B826F87
CE7ADBE50B
CE7A355B9D
CE798ED33B
CE78E84BE6
CE7841C59D
CE779B4061
CE76F4BC32
CE764E390F
CE75A7B6F8
CE750135EF
CE745AB5F2
CE73B43701
CE730DB91D
CE72673C45
CE71C0C07A
CE711A45BC
CE7073CC0A
CE6FCD5364
CE6F26DBCB
CE6E80653F
CE6DD9EFBF
CE6D337B4B
CE6C8D07E4
CE6BE69589
CE6B40243B
CE6A99B3F9
CE69F344C3
CE694CD69A
CE68A6697D
CE67FFFD6D
CE67599269
CE66B32871
CE660CBF86
CE656657A7
CE64BFF0D4
CE64198B0E
CE63732653
CE62CCC2A6
CE62266004
CE617FFE6F
CE60D99DE6
CE60333E69
CE5F8CDFF9
CE5EE68294
CE5E40263C
CE5D99CAF0
CE5CF370B1
CE5C4D177D
CE5BA6BF56
CE5B00683B
CE5A5A122C
CE59B3BD29
CE590D6933
CE58671648
CE57C0C46A
CE571A7398
CE567423D1
CE55CDD517
CE55278769
CE54813AC7
CE53DAEF32
CE5334A4A8
CE528E5B2A
CE51E812B8
CE5141CB53
CE509B84F9
CE4FF53FAB
CE4F4EFB6A
CE4EA8B834
CE4E02760A
CE4D5C34EC
CE4CB5F4DB
CE4C0FB5D5
CE4B6977DB
CE4AC33AED
CE4A1CFF0B
CE4976C435
CE48D08A6A
CE482A51AC
CE478419FA
CE46DDE353
CE4637ADB8
CE45917929
CE44EB45A6
CE4445132F
CE439EE1C3
CE42F8B164
CE42528210
CE41AC53C8
CE4106268B
CE405FFA5B
CE3FB9CF36
CE3F13A51D
CE3E6D7C10
CE3DC7540E
CE3D212D18
CE3C7B072E
CE3BD4E250
CE3B2EBE7D
CE3A889BB6
CE39E279FB
CE393C594B
CE389639A7
CE37F01B0E
CE3749FD81
CE36A3E100
CE35FDC58B
CE3557AB21
CE34B191C2
CE340B796F
CE33656228
CE32BF4BEC
CE321936BC
CE31732298
CE30CD0F7F
CE3026FD71
CE2F80EC6F
CE2EDADC78
CE2E34CD8D
CE2D8EBFAE
CE2CE8B2DA
CE2C42A711
CE2B9C9C54
CE2AF692A2
CE2A5089FC
CE29AA8261
CE29047BD1
CE285E764D
CE27B871D4
CE27126E67
CE266C6C05
CE25C66AAF
CE25206A63
CE247A6B24
CE23D46CEF
CE232E6FC6
CE228873A8
CE21E27895
CE213C7E8E
CE20968592
CE1FF08DA1
CE1F4A96BC
CE1EA4A0E1
CE1DFEAC12
CE1D58B84F
CE1CB2C596
CE1C0CD3E9
CE1B66E347
CE1AC0F3B0
CE1A1B0524
CE197517A3
CE18CF2B2E
CE18293FC4
CE17835565
CE16DD6C11
CE163783C8
CE15919C8A
CE14EBB658
CE1445D130
CE139FED14
CE12FA0A02
CE125427FC
CE11AE4701
CE11086711
CE1062882B
CE0FBCAA51
CE0F16CD82
CE0E70F1BE
CE0DCB1705
CE0D253D57
CE0C7F64B4
CE0BD98D1C
CE0B33B68F
CE0A8DE10C
CE09E80C95
CE09423929
CE089C66C7
CE07F69571
CE0750C525
CE06AAF5E4
CE060527AE
CE055F5A83
CE04B98E63
CE0413C34E
CE036DF943
CE02C83044
CE0222684F
CE017CA165
CE00D6DB86
CE003116B1
CDFF8B52E8
CDFEE59029
CDFE3FCE75
CDFD9A0DCC
CDFCF44E2D
CDFC4E8F99
CDFBA8D210
CDFB031592
CDFA5D5A1E
CDF9B79FB5
CDF911E657
CDF86C2E03
CDF7C676BA
CDF720C07C
CDF67B0B48
CDF5D5571F
CDF52FA400
CDF489F1ED
CDF3E440E3
CDF33E90E5
CDF298E1F1
CDF1F33407
CDF14D8728
CDF0A7DB54
CDF002308A
CDEF5C86CB
CDEEB6DE16
CDEE11366C
CDED6B8FCC
CDECC5EA37
CDEC2045AC
CDEB7AA22C
CDEAD4FFB6
CDEA2F5E4B
CDE989BDEA
CDE8E41E94
CDE83E8048
CDE798E306
CDE6F346CF
CDE64DABA2
CDE5A81180
CDE5027868
CDE45CE05A
CDE3B74957
CDE311B35E
CDE26C1E6F
CDE1C68A8B
CDE120F7B1
CDE07B65E2
CDDFD5D51C
CDDF304561
CDDE8AB6B0
CDDDE5290A
CDDD3F9C6E
CDDC9A10DC
CDDBF48654
CDDB4EFCD7
CDDAA97463
CDDA03ECFA
CDD95E669B
CDD8B8E147
CDD8135CFC
CDD76DD9BC
CDD6C85786
CDD622D65A
CDD57D5638
CDD4D7D720
CDD4325913
CDD38CDC0F
CDD2E76016
CDD241E527
CDD19C6B41
CDD0F6F266
CDD0517A95
CDCFAC03CE
CDCF068E11
CDCE61195E
CDCDBBA5B6
CDCD163317
CDCC70C182
CDCBCB50F7
CDCB25E176
CDCA8072FF
CDC9DB0592
CDC935992F
CDC8902DD6
CDC7EAC387
CDC7455A42
CDC69FF207
CDC5FA8AD6
CDC55524AE
CDC4AFBF91
CDC40A5B7D
CDC364F873
CDC2BF9673
CDC21A357D
CDC174D591
CDC0CF76AF
CDC02A18D6
CDBF84BC07
CDBEDF6042
CDBE3A0587
CDBD94ABD6
CDBCEF532E
CDBC49FB90
CDBBA4A4FC
CDBAFF4F72
CDBA59FAF1
CDB9B4A77A
CDB90F550D
CDB86A03AA
CDB7C4B350
CDB71F6400
CDB67A15B9
CDB5D4C87C
CDB52F7C49
CDB48A3120
CDB3E4E700
CDB33F9DEA
CDB29A55DD
CDB1F50EDA
CDB14FC8E1
CDB0AA83F1
CDB005400B
CDAF5FFD2E
CDAEBABB5B
CDAE157A92
CDAD703AD2
CDACCAFC1B
CDAC25BE6E
CDAB8081CB
CDAADB4631
CDAA360BA0
CDA990D219
CDA8EB999C
CDA8466228
CDA7A12BBD
CDA6FBF65C
CDA656C204
CDA5B18EB6
CDA50C5C71
CDA4672B35
CDA3C1FB03
CDA31CCBDB
CDA2779DBB
CDA1D270A5
CDA12D4499
CDA0881995
CD9FE2EF9B
CD9F3DC6AB
CD9E989EC3
CD9DF377E5
CD9D4E5211
CD9CA92D45
CD9C040983
CD9B5EE6CA
CD9AB9C51A
CD9A14A474
CD996F84D7
CD98CA6643
CD982548B8
CD97802C36
CD96DB10BE
CD9635F64F
CD9590DCE9
CD94EBC48C
CD9446AD39
CD93A196EE
CD92FC81AD
CD92576D74
CD91B25A45
CD910D481F
CD90683702
CD8FC326EF
CD8F1E17E4
CD8E7909E2
CD8DD3FCEA
CD8D2EF0FA
CD8C89E613
CD8BE4DC36
CD8B3FD361
CD8A9ACB96
CD89F5C4D4
CD8950BF1A
CD88ABBA6A
CD8806B6C2
CD8761B424
CD86BCB28E
CD8617B201
CD8572B27E
CD84CDB403
CD8428B691
CD8383BA28
CD82DEBEC8
CD8239C471
CD8194CB22
CD80EFD2DD
CD804ADBA0
CD7FA5E56C
CD7F00F042
CD7E5BFC1F
CD7DB70906
CD7D1216F6
CD7C6D25EE
CD7BC835EF
CD7B2346F9
CD7A7E590C
CD79D96C27
CD7934804B
CD788F9578
CD77EAABAE
CD7745C2EC
CD76A0DB33
CD75FBF483
CD75570EDB
CD74B22A3C
CD740D46A6
CD73686419
CD72C38294
CD721EA218
CD7179C2A4
CD70D4E439
CD703006D7
CD6F8B2A7D
CD6EE64F2C
CD6E4174E3
CD6D9C9BA3
CD6CF7C36C
CD6C52EC3D
CD6BAE1616
CD6B0940F8
CD6A646CE3
CD69BF99D6
CD691AC7D2
CD6875F6D6
CD67D126E3
CD672C57F8
CD66878A16
CD65E2BD3C
CD653DF16A
CD649926A1
CD63F45CE1
CD634F9428
CD62AACC79
CD620605D1
CD61614032
CD60BC7B9C
CD6017B80E
CD5F72F588
CD5ECE340A
CD5E297395
CD5D84B428
CD5CDFF5C4
CD5C3B3867
CD5B967C13
CD5AF1C0C8
CD5A4D0684
CD59A84D49
CD59039516
CD585EDDEC
CD57BA27CA
CD571572B0
CD5670BE9E
CD55CC0B94
CD55275993
CD5482A899
CD53DDF8A8
CD533949BF
CD52949BDF
CD51EFEF06
CD514B4336
CD50A6986D
CD5001EEAD
CD4F5D45F5
CD4EB89E45
CD4E13F79D
CD4D6F51FE
CD4CCAAD66
CD4C2609D6
CD4B81674F
CD4ADCC5CF
CD4A382558
CD499385E8
CD48EEE781
CD484A4A22
CD47A5ADCA
CD4701127B
CD465C7833
CD45B7DEF4
CD451346BC
CD446EAF8D
CD43CA1965
CD43258446
CD4280F02E
CD41DC5D1E
CD4137CB16
CD40933A16
CD3FEEAA1E
CD3F4A1B2E
CD3EA58D45
CD3E010065
CD3D5C748C
CD3CB7E9BB
CD3C135FF2
CD3B6ED731
CD3ACA4F78
CD3A25C8C6
CD3981431C
CD38DCBE7A
CD38383AE0
CD3793B84D
CD36EF36C2
CD364AB63F
CD35A636C4
CD3501B851
CD345D3AE5
CD33B8BE81
CD33144324
CD326FC8CF
CD31CB4F82
CD3126D73D
CD30825FFF
CD2FDDE9C9
CD2F39749A
CD2E950073
CD2DF08D54
CD2D4C1B3C
CD2CA7AA2C
CD2C033A24
CD2B5ECB23
CD2ABA5D29
CD2A15F037
CD2971844D
CD28CD196A
CD2828AF8F
CD278446BB
CD26DFDEEF
CD263B782B
CD2597126D
CD24F2ADB8
CD244E4A09
CD23A9E762
CD230585C3
CD2261252B
CD21BCC59B
CD21186712
CD20740990
CD1FCFAD16
CD1F2B51A3
CD1E86F737
CD1DE29DD3
CD1D3E4577
CD1C99EE21
CD1BF597D3
CD1B51428C
CD1AACEE4D
CD1A089B15
CD196448E4
CD18BFF7BB
CD181BA798
CD1777587D
CD16D30A6A
CD162EBD5D
CD158A7158
CD14E6265A
CD1441DC64
CD139D9374
CD12F94B8C
CD125504AB
CD11B0BED1
CD110C79FE
CD10683633
CD0FC3F36E
CD0F1FB1B1
CD0E7B70FB
CD0DD7314C
CD0D32F2A4
CD0C8EB504
CD0BEA786A
CD0B463CD7
CD0AA2024C
CD09FDC8C8
CD0959904A
CD08B558D4
CD08112265
CD076CECFD
CD06C8B89B
CD06248541
CD058052EE
CD04DC21A2
CD0437F15D
CD0393C21F
CD02EF93E7
CD024B66B7
CD01A73A8E
CD01030F6C
CD005EE550
CCFFBABC3C
CCFF16942E
CCFE726D27
CCFDCE4727
CCFD2A222E
CCFC85FE3C
CCFBE1DB51
CCFB3DB96D
CCFA99988F
CCF9F578B9
CCF95159E9
CCF8AD3C20
CCF8091F5D
CCF76503A2
CCF6C0E8ED
CCF61CCF3F
CCF578B698
CCF4D49EF8
CCF430885E
CCF38C72CB
CCF2E85E3F
CCF2444ABA
CCF1A0383B
CCF0FC26C3
CCF0581651
CCEFB406E7
CCEF0FF883
CCEE6BEB25
CCEDC7DECF
CCED23D37F
CCEC7FC935
CCEBDBBFF2
CCEB37B7B6
CCEA93B080
CCE9EFAA51
CCE94BA529
CCE8A7A107
CCE8039DEC
CCE75F9BD7
CCE6BB9AC9
CCE6179AC1
CCE5739BC0
CCE4CF9DC5
CCE42BA0D1
CCE387A4E3
CCE2E3A9FC
CCE23FB01C
CCE19BB741
CCE0F7BF6E
CCE053C8A0
CCDFAFD2D9
CCDF0BDE19
CCDE67EA5F
CCDDC3F7AB
CCDD2005FE
CCDC7C1557
CCDBD825B7
CCDB34371D
CCDA904989
CCD9EC5CFB
CCD9487174
CCD8A486F4
CCD8009D79
CCD75CB505
CCD6B8CD97
CCD614E730
CCD57101CF
CCD4CD1D74
CCD4293A1F
CCD38557D1
CCD2E17689
CCD23D9647
CCD199B70B
CCD0F5D8D5
CCD051FBA6
CCCFAE1F7D
CCCF0A445A
CCCE666A3D
CCCDC29127
CCCD1EB917
CCCC7AE20C
CCCBD70C08
CCCB33370A
CCCA8F6312
CCC9EB9021
CCC947BE35
CCC8A3ED4F
CCC8001D70
CCC75C4E97
CCC6B880C3
CCC614B3F6
CCC570E82F
CCC4CD1D6D
CCC42953B2
CCC3858AFD
CCC2E1C34E
CCC23DFCA5
CCC19A3702
CCC0F67264
CCC052AECD
CCBFAEEC3C
CCBF0B2AB1
CCBE676A2B
CCBDC3AAAC
CCBD1FEC32
CCBC7C2EBE
CCBBD87251
CCBB34B6E9
CCBA90FC87
CCB9ED432B
CCB9498AD5
CCB8A5D384
CCB8021D3A
CCB75E67F5
CCB6BAB3B6
CCB617007D
CCB5734E4A
CCB4CF9D1C
CCB42BECF4
CCB3883DD3
CCB2E48FB6
CCB240E2A0
CCB19D368F
CCB0F98B84
CCB055E17F
CCAFB23880
CCAF0E9086
CCAE6AE992
CCADC743A3
CCAD239EBB
CCAC7FFAD8
CCABDC57FA
CCAB38B623
CCAA951551
CCA9F17584
CCA94DD6BD
CCA8AA38FC
CCA8069C40
CCA763008A
CCA6BF65DA
CCA61BCC2F
CCA578338A
CCA4D49BEA
CCA4310550
CCA38D6FBB
CCA2E9DB2C
CCA24647A2
CCA1A2B51E
CCA0FF23A0
CCA05B9327
CC9FB803B3
CC9F147545
CC9E70E7DC
CC9DCD5B79
CC9D29D01B
CC9C8645C2
CC9BE2BC6F
CC9B3F3422
CC9A9BACDA
CC99F82697
CC9954A159
CC98B11D21
CC980D99EF
CC976A17C1
CC96C6969A
CC96231677
CC957F975A
CC94DC1942
CC94389C2F
CC93952021
CC92F1A519
CC924E2B17
CC91AAB219
CC91073A21
CC9063C32E
CC8FC04D40
CC8F1CD857
CC8E796474
CC8DD5F196
CC8D327FBD
CC8C8F0EE9
CC8BEB9F1A
CC8B483051
CC8AA4C28D
CC8A0155CE
CC895DEA14
CC88BA7F5F
CC881715AF
CC8773AD05
CC86D0455F
CC862CDEBF
CC85897923
CC84E6148D
CC8442B0FC
CC839F4E70
CC82FBECE9
CC82588C67
CC81B52CEA
CC8111CE72
CC806E70FF
CC7FCB1491
CC7F27B928
CC7E845EC4
CC7DE10565
CC7D3DAD0B
CC7C9A55B6
CC7BF6FF66
CC7B53AA1B
CC7AB055D4
CC7A0D0293
CC7969B056
CC78C65F1F
CC78230EEC
CC777FBFBE
CC76DC7195
CC76392471
CC7595D852
CC74F28D38
CC744F4322
CC73ABFA11
CC7308B205
CC72656AFE
CC71C224FC
CC711EDFFE
CC707B9C05
CC6FD85911
CC6F351722
CC6E91D638
CC6DEE9652
CC6D4B5771
CC6CA81994
CC6C04DCBD
CC6B61A0EA
CC6ABE661B
CC6A1B2C52
CC6977F38D
CC68D4BBCC
CC68318511
CC678E4F5A
CC66EB1AA7
CC6647E6FA
CC65A4B451
CC650182AC
CC645E520C
CC63BB2271
CC6317F3DA
CC6274C648
CC61D199BA
CC612E6E31
CC608B43AC
CC5FE81A2C
CC5F44F1B0
CC5EA1CA39
CC5DFEA3C7
CC5D5B7E59
CC5CB859EF
CC5C15368A
CC5B721429
CC5ACEF2CD
CC5A2BD275
CC5988B322
CC58E594D3
CC58427788
CC579F5B42
CC56FC4000
CC565925C3
CC55B60C8A
CC5512F455
CC546FDD25
CC53CCC6F9
CC5329B1D1
CC52869DAE
CC51E38A8F
CC51407874
CC509D675E
CC4FFA574C
CC4F57483E
CC4EB43A34
CC4E112D2F
CC4D6E212E
CC4CCB1631
CC4C280C39
CC4B850344
CC4AE1FB54
CC4A3EF468
CC499BEE80
CC48F8E99D
CC4855E5BD
CC47B2E2E2
CC470FE10B
CC466CE038
CC45C9E069
CC4526E19E
CC4483E3D8
CC43E0E715
CC433DEB57
CC429AF09D
CC41F7F6E6
CC4154FE34
CC40B20686
CC400F0FDC
CC3F6C1A36
CC3EC92594
CC3E2631F6
CC3D833F5C
CC3CE04DC6
CC3C3D5D34
CC3B9A6DA6
CC3AF77F1C
CC3A549196
CC39B1A514
CC390EB996
CC386BCF1C
CC37C8E5A5
CC3725FD33
CC368315C5
CC35E02F5A
CC353D49F3
CC349A6590
CC33F78232
CC33549FD6
CC32B1BE7F
CC320EDE2C
CC316BFEDC
CC30C92090
CC30264349
CC2F836704
CC2EE08BC4
CC2E3DB187
CC2D9AD84F
CC2CF8001A
CC2C5528E8
CC2BB252BB
CC2B0F7D91
CC2A6CA96B
CC29C9D649
CC2927042A
CC2884330F
CC27E162F8
CC273E93E4
CC269BC5D4
CC25F8F8C8
CC25562CBF
CC24B361BA
CC241097B9
CC236DCEBB
CC22CB06C1
CC22283FCB
CC218579D8
CC20E2B4E9
CC203FF0FD
CC1F9D2E15
CC1EFA6C30
CC1E57AB4F
CC1DB4EB71
CC1D122C97
CC1C6F6EC1
CC1BCCB1EE
CC1B29F61E
CC1A873B52
CC19E4818A
CC1941C8C5
CC189F1103
CC17FC5A45
CC1759A48A
CC16B6EFD3
CC16143C1F
CC1571896F
CC14CED7C2
CC142C2718
CC13897772
CC12E6C8CF
CC12441B2F
CC11A16E93
CC10FEC2FA
CC105C1865
CC0FB96ED3
CC0F16C644
CC0E741EB8
CC0DD17830
CC0D2ED2AB
CC0C8C2E29
CC0BE98AAB
CC0B46E830
CC0AA446B8
CC0A01A643
CC095F06D2
CC08BC6864
CC0819CAF9
CC07772E91
CC06D4932C
CC0631F8CB
CC058F5F6D
CC04ECC712
CC044A2FBA
CC03A79965
CC03050414
CC02626FC5
CC01BFDC7A
CC011D4A32
CC007AB8EC
CBFFD828AA
CBFF35996B
CBFE930B2F
CBFDF07DF7
CBFD4DF1C1
CBFCAB668E
CBFC08DC5E
CBFB665332
CBFAC3CB08
CBFA2143E1
CBF97EBDBE
CBF8DC389D
CBF839B47F
CBF7973165
CBF6F4AF4D
CBF6522E38
CBF5AFAE26
CBF50D2F17
CBF46AB10B
CBF3C83402
CBF325B7FC
CBF2833CF9
CBF1E0C2F8
CBF13E49FB
CBF09BD200
CBEFF95B08
CBEF56E513
CBEEB47021
CBEE11FC32
CBED6F8945
CBECCD175B
CBEC2AA675
CBEB883690
CBEAE5C7AF
CBEA4359D1
CBE9A0ECF5
CBE8FE811C
CBE85C1645
CBE7B9AC72
CBE71743A1
CBE674DBD3
CBE5D27507
CBE5300F3F
CBE48DAA79
CBE3EB46B5
CBE348E3F4
CBE2A68236
CBE204217B
CBE161C1C2
CBE0BF630C
CBE01D0558
CBDF7AA8A8
CBDED84CF9
CBDE35F24E
CBDD9398A4
CBDCF13FFE
CBDC4EE85A
CBDBAC91B8
CBDB0A3C19
CBDA67E77D
CBD9C593E3
CBD923414C
CBD880EFB7
CBD7DE9F25
CBD73C4F95
CBD69A0107
CBD5F7B37D
CBD55566F4
CBD4B31B6E
CBD410D0EB
CBD36E8769
CBD2CC3EEB
CBD229F76E
CBD187B0F5
CBD0E56B7D
CBD0432708
CBCFA0E395
CBCEFEA125
CBCE5C5FB7
CBCDBA1F4B
CBCD17DFE2
CBCC75A17B
CBCBD36416
CBCB3127B4
CBCA8EEC54
CBC9ECB1F6
CBC94A789A
CBC8A84041
CBC80608EA
CBC763D295
CBC6C19D43
CBC61F68F3
CBC57D35A5
CBC4DB0359
CBC438D20F
CBC396A1C8
CBC2F47282
CBC252443F
CBC1B016FE
CBC10DEAC0
CBC06BBF83
CBBFC99549
CBBF276C10
CBBE8543DA
CBBDE31CA6
CBBD40F674
CBBC9ED144
CBBBFCAD16
CBBB5A89EB
CBBAB867C1
CBBA164699
CBB9742674
CBB8D20750
CBB82FE92F
CBB78DCC0F
CBB6EBAFF2
CBB64994D6
CBB5A77ABD
CBB50561A5
CBB4634990
CBB3C1327C
CBB31F1C6A
CBB27D075B
CBB1DAF34D
CBB138E041
CBB096CE37
CBAFF4BD2F
CBAF52AD29
CBAEB09E25
CBAE0E9022
CBAD6C8322
CBACCA7723
CBAC286C26
CBAB86622C
CBAAE45932
CBAA42513B
CBA9A04A46
CBA8FE4452
CBA85C3F60
CBA7BA3B70
CBA7183881
CBA6763695
CBA5D435AA
CBA53235C1
CBA49036DA
CBA3EE38F4
CBA34C3C10
CBA2AA402E
CBA208454D
CBA1664B6E
CBA0C45291
CBA0225AB6
CB9F8063DC
CB9EDE6E04
CB9E3C792D
CB9D9A8558
CB9CF89285
CB9C56A0B3
CB9BB4AFE3
CB9B12C015
CB9A70D148
CB99CEE37D
CB992CF6B3
CB988B0AEB
CB97E92024
CB9747365F
CB96A54D9B
CB960365D9
CB95617F19
CB94BF995A
CB941DB49C
CB937BD0E0
CB92D9EE26
CB92380C6C
CB91962BB5
CB90F44BFF
CB90526D4A
CB8FB08F96
CB8F0EB2E4
CB8E6CD734
CB8DCAFC85
CB8D2922D7
CB8C874A2B
CB8BE57280
CB8B439BD6
CB8AA1C62E
CB89FFF187
CB895E1DE1
CB88BC4B3D
CB881A799A
CB8778A8F8
CB86D6D958
CB86350AB8
CB85933D1B
CB84F1707E
CB844FA4E3
CB83ADDA49
CB830C10B0
CB826A4818
CB81C88082
CB8126B9ED
CB8084F459
CB7FE32FC6
CB7F416C34
CB7E9FA9A4
CB7DFDE815
CB7D5C2786
CB7CBA67F9
CB7C18A96E
CB7B76EBE3
CB7AD52F59
CB7A3373D1
CB7991B949
CB78EFFFC3
CB784E473E
CB77AC8FBA
CB770AD937
CB766923B5
CB75C76F34
CB7525BBB4
CB74840935
CB73E257B7
CB7340A73A
CB729EF7BE
CB71FD4943
CB715B9BC9
CB70B9EF50
CB701843D8
CB6F769961
CB6ED4EFEB
CB6E334776
CB6D91A001
CB6CEFF98E
CB6C4E541B
CB6BACAFAA
CB6B0B0C39
CB6A6969C9
CB69C7C85A
CB692627EC
CB6884887F
CB67E2EA12
CB67414CA7
CB669FB03C
CB65FE14D2
CB655C7A69
CB64BAE100
CB64194899
CB6377B132
CB62D61ACC
CB62348566
CB6192F102
CB60F15D9E
CB604FCB3B
CB5FAE39D8
CB5F0CA977
CB5E6B1A16
CB5DC98BB5
CB5D27FE56
CB5C8671F7
CB5BE4E698
CB5B435C3B
CB5AA1D2DE
CB5A004A81
CB595EC325
CB58BD3CCA
CB581BB770
CB577A3316
CB56D8AFBC
CB56372D63
CB5595AC0B
CB54F42BB3
CB5452AC5C
CB53B12E06
CB530FB0B0
CB526E345A
CB51CCB905
CB512B3EB0
CB5089C55C
CB4FE84D09
CB4F46D5B6
CB4EA55F63
CB4E03EA11
CB4D6275BF
CB4CC1026E
CB4C1F901D
CB4B7E1ECC
CB4ADCAE7C
CB4A3B3F2D
CB4999D0DD
CB48F8638E
CB4856F740
CB47B58BF2
CB471421A4
CB4672B856
CB45D15009
CB452FE8BC
CB448E8270
CB43ED1D23
CB434BB8D8
CB42AA558C
CB4208F341
CB416791F5
CB40C631AB
CB4024D260
CB3F837416
CB3EE216CC
CB3E40BA82
CB3D9F5F38
CB3CFE04EE
CB3C5CABA5
CB3BBB535C
CB3B19FC13
CB3A78A5CA
CB39D75082
CB3935FC39
CB3894A8F1
CB37F356A9
CB37520561
CB36B0B519
CB360F65D1
CB356E1789
CB34CCCA41
CB342B7DFA
CB338A32B2
CB32E8E86B
CB32479F23
CB31A656DC
CB31050F94
CB3063C94D
CB2FC28405
CB2F213FBE
CB2E7FFC77
CB2DDEBA2F
CB2D3D78E8
CB2C9C38A0
CB2BFAF959
CB2B59BB11
CB2AB87DC9
CB2A174182
CB2976063A
CB28D4CBF2
CB283392AA
CB27925A62
CB26F12319
CB264FECD1
CB25AEB788
CB250D8340
CB246C4FF7
CB23CB1DAE
CB2329EC64
CB2288BC1B
CB21E78CD1
CB21465E88
CB20A5313E
CB200404F3
CB1F62D9A9
CB1EC1AF5E
CB1E208613
CB1D7F5DC8
CB1CDE367C
CB1C3D1030
CB1B9BEAE4
CB1AFAC698
CB1A59A34B
CB19B880FE
CB19175FB1
CB18763F63
CB17D52015
CB173401C7
CB1692E478
CB15F1C829
CB1550ACD9
CB14AF9289
CB140E7939
CB136D60E8
CB12CC4997
CB122B3346
CB118A1DF3
CB10E909A1
CB1047F64E
CB0FA6E3FB
CB0F05D2A7
CB0E64C252
CB0DC3B2FE
CB0D22A4A8
CB0C819752
CB0BE08AFC
CB0B3F7FA5
CB0A9E754E
CB09FD6BF6
CB095C639D
CB08BB5C44
CB081A55EA
CB07795090
CB06D84C35
CB063748D9
CB0596467D
CB04F54520
CB045444C3
CB03B34565
CB03124706
CB027149A7
CB01D04D47
CB012F51E6
CB008E5785
CAFFED5E23
CAFF4C65C0
CAFEAB6E5C
CAFE0A77F8
CAFD698293
CAFCC88E2D
CAFC279AC7
CAFB86A860
CAFAE5B6F8
CAFA44C68F
CAF9A3D725
CAF902E8BB
CAF861FB50
CAF7C10EE4
CAF7202377
CAF67F3909
CAF5DE4F9A
CAF53D672B
CAF49C7FBB
CAF3FB994A
CAF35AB3D8
CAF2B9CF65
CAF218EBF1
CAF178097C
CAF0D72806
CAF0364790
CAEF956818
CAEEF489A0
CAEE53AC26
CAEDB2CFAC
CAED11F431
CAEC7119B4
CAEBD04037
CAEB2F67B9
CAEA8E9039
CAE9EDB9B9
CAE94CE437
CAE8AC0FB5
CAE80B3C31
CAE76A69AD
CAE6C99827
CAE628C7A0
CAE587F818
CAE4E72990
CAE4465C06
CAE3A58F7A
CAE304C3EE
CAE263F961
CAE1C32FD2
CAE1226742
CAE0819FB2
CADFE0D920
CADF40138C
CADE9F4EF8
CADDFE8B62
CADD5DC8CC
CADCBD0733
CADC1C469A
CADB7B8700
CADADAC864
CADA3A0AC7
CAD9994E29
CAD8F89289
CAD857D7E8
CAD7B71E46
CAD71665A3
CAD675ADFE
CAD5D4F758
CAD53441B1
CAD4938D08
CAD3F2D95E
CAD35226B3
CAD2B17506
CAD210C458
CAD17014A8
CAD0CF65F7
CAD02EB845
CACF8E0B91
CACEED5FDC
CACE4CB525
CACDAC0B6D
CACD0B62B4
CACC6ABAF9
CACBCA143D
CACB296E7F
CACA88C9BF
CAC9E825FF
CAC947833C
CAC8A6E178
CAC80640B3
CAC765A0EC
CAC6C50224
CAC624645A
CAC583C78E
CAC4E32BC1
CAC44290F2
CAC3A1F722
CAC3015E50
CAC260C67C
CAC1C02FA7
CAC11F99D1
CAC07F04F8
CABFDE711E
CABF3DDE42
CABE9D4C65
CABDFCBB86
CABD5C2BA5
CABCBB9CC3
CABC1B0EDF
CABB7A81F9
CABAD9F612
CABA396B29
CAB998E13E
CAB8F85851
CAB857D062
CAB7B74972
CAB716C380
CAB6763E8C
CAB5D5BA97
CAB53537A0
CAB494B5A6
CAB3F434AB
CAB353B4AF
CAB2B335B0
CAB212B7B0
CAB1723AAD
CAB0D1BEA9
CAB03143A3
CAAF90C99B
CAAEF05091
CAAE4FD885
CAADAF6178
CAAD0EEB68
CAAC6E7657
CAABCE0243
CAAB2D8F2E
CAAA8D1D17
CAA9ECABFD
CAA94C3BE2
CAA8ABCCC5
CAA80B5EA5
CAA76AF184
CAA6CA8561
CAA62A1A3C
CAA589B014
CAA4E946EB
CAA448DEC0
CAA3A87792
CAA3081163
CAA267AC31
CAA1C747FD
CAA126E4C8
CAA0868290
CA9FE62156
CA9F45C11A
CA9EA561DB
CA9E05039B
CA9D64A658
CA9CC44A14
CA9C23EECD
CA9B839484
CA9AE33B39
CA9A42E2EB
CA99A28B9C
CA9902354A
CA9861DFF6
CA97C18B9F
CA97213847
CA9680E5EC
CA95E0948F
CA95404430
CA949FF4CE
CA93FFA66A
CA935F5904
CA92BF0C9C
CA921EC131
CA917E76C4
CA90DE2D54
CA903DE4E3
CA8F9D9D6F
CA8EFD56F8
CA8E5D117F
CA8DBCCD04
CA8D1C8986
CA8C7C4706
CA8BDC0584
CA8B3BC4FF
CA8A9B8578
CA89FB46EE
CA895B0962
CA88BACCD3
CA881A9142
CA877A56AF
CA86DA1D19
CA8639E480
CA8599ACE5
CA84F97648
CA845940A8
CA83B90C05
CA8318D860
CA8278A5B9
CA81D8740E
CA81384362
CA809813B2
CA7FF7E501
CA7F57B74C
CA7EB78A95
CA7E175EDB
CA7D77341F
CA7CD70A60
CA7C36E19E
CA7B96B9DA
CA7AF69313
CA7A566D4A
CA79B6487E
CA791624AF
CA787601DD
CA77D5E009
CA7735BF32
CA76959F58
CA75F5807C
CA7555629D
CA74B545BB
CA741529D6
CA73750EEF
CA72D4F505
CA7234DC18
CA7194C428
CA70F4AD35
CA70549740
CA6FB48248
CA6F146E4D
CA6E745B4F
CA6DD4494E
CA6D34384B
CA6C942844
CA6BF4193B
CA6B540B2F
CA6AB3FE20
CA6A13F20E
CA6973E6F9
CA68D3DCE1
CA6833D3C6
CA6793CBA9
CA66F3C488
CA6653BE64
CA65B3B93E
CA6513B514
CA6473B1E8
CA63D3AFB8
CA6333AE86
CA6293AE50
CA61F3AF18
CA6153B0DC
CA60B3B39E
CA6013B75C
CA5F73BC17
CA5ED3C1CF
CA5E33C885
CA5D93D037
CA5CF3D8E6
CA5C53E292
CA5BB3ED3A
CA5B13F8E0
CA5A740582
CA59D41322
CA593421BE
CA58943157
CA57F441ED
CA57545380
CA56B4660F
CA5614799C
CA55748E25
CA54D4A3AB
CA5434BA2D
CA5394D1AD
CA52F4EA29
CA525503A2
CA51B51E18
CA5115398A
CA507555F9
CA4FD57365
CA4F3591CE
CA4E95B133
CA4DF5D195
CA4D55F2F4
CA4CB6154F
CA4C1638A7
CA4B765CFC
CA4AD6824D
CA4A36A89B
CA4996CFE6
CA48F6F82D
CA48572170
CA47B74BB1
CA471776EE
CA4677A327
CA45D7D05D
CA4537FE90
CA44982DBF
CA43F85DEB
CA43588F13
CA42B8C138
CA4218F459
CA41792877
CA40D95D91
CA403993A8
CA3F99CABB
CA3EFA02CB
CA3E5A3BD7
CA3DBA75E0
CA3D1AB0E5
CA3C7AECE7
CA3BDB29E5
CA3B3B67DF
CA3A9BA6D6
CA39FBE6C9
CA395C27B8
CA38BC69A4
CA381CAC8C
CA377CF071
CA36DD3552
CA363D7B2F
CA359DC209
CA34FE09DF
CA345E52B1
CA33BE9C80
CA331EE74B
CA327F3312
CA31DF7FD5
CA313FCD95
CA30A01C51
CA30006C09
CA2F60BCBE
CA2EC10E6E
CA2E21611B
CA2D81B4C4
CA2CE2096A
CA2C425F0B
CA2BA2B5A9
CA2B030D43
CA2A6365D9
CA29C3BF6B
CA292419F9
CA28847584
CA27E4D20A
CA27452F8D
CA26A58E0C
CA2605ED87
CA25664DFE
CA24C6AF71
CA242711E0
CA2387754C
CA22E7D9B3
CA22483F16
CA21A8A576
CA21090CD1
CA20697529
CA1FC9DE7C
CA1F2A48CC
CA1E8AB417
CA1DEB205E
CA1D4B8DA2
CA1CABFBE1
CA1C0C6B1D
CA1B6CDB54
CA1ACD4C87
CA1A2DBEB6
CA198E31E1
CA18EEA608
CA184F1B2B
CA17AF914A
CA17100865
CA1670807B
CA15D0F98E
CA1531739C
CA1491EEA6
CA13F26AAC
CA1352E7AE
CA12B365AC
CA1213E4A5
CA1174649A
CA10D4E58B
CA10356778
CA0F95EA61
CA0EF66E45
CA0E56F325
CA0DB77901
CA0D17FFD9
CA0C7887AC
CA0BD9107B
CA0B399A46
CA0A9A250C
CA09FAB0CE
CA095B3D8C
CA08BBCB46
CA081C59FB
CA077CE9AC
CA06DD7A58
CA063E0C00
CA059E9EA4
CA04FF3243
CA045FC6DE
CA03C05C75
CA0320F307
CA02818A95
CA01E2231E
CA0142BCA3
CA00A35723
CA0003F29F
C9FF648F17
C9FEC52C8A
C9FE25CAF9
C9FD866A63
C9FCE70AC8
C9FC47AC29
C9FBA84E86
C9FB08F1DE
C9FA699632
C9F9CA3B81
C9F92AE1CB
C9F88B8911
C9F7EC3152
C9F74CDA8F
C9F6AD84C7
C9F60E2FFB
C9F56EDC29
C9F4CF8954
C9F4303779
C9F390E69A
C9F2F196B7
C9F25247CF
C9F1B2F9E2
C9F113ACF0
C9F07460FA
C9EFD515FF
C9EF35CBFF
C9EE9682FB
C9EDF73AF2
C9ED57F3E4
C9ECB8ADD2
C9EC1968BA
C9EB7A249E
C9EADAE17D
C9EA3B9F58
C9E99C5E2E
C9E8FD1DFE
C9E85DDECB
C9E7BEA092
C9E71F6354
C9E6802712
C9E5E0EBCB
C9E541B17F
C9E4A2782E
C9E4033FD8
C9E364087D
C9E2C4D21E
C9E2259CB9
C9E1866850
C9E0E734E2
C9E048026F
C9DFA8D0F7
C9DF09A07A
C9DE6A70F8
C9DDCB4271
C9DD2C14E5
C9DC8CE854
C9DBEDBCBF
C9DB4E9224
C9DAAF6884
C9DA103FDF
C9D9711836
C9D8D1F187
C9D832CBD3
C9D793A71A
C9D6F4835C
C9D6556099
C9D5B63ED1
C9D5171E04
C9D477FE32
C9D3D8DF5B
C9D339C17E
C9D29AA49D
C9D1FB88B6
C9D15C6DCA
C9D0BD53D9
C9D01E3AE3
C9CF7F22E8
C9CEE00BE7
C9CE40F5E2
C9CDA1E0D7
C9CD02CCC7
C9CC63B9B2
C9CBC4A798
C9CB259678
C9CA868653
C9C9E77729
C9C94868FA
C9C8A95BC5
C9C80A4F8B
C9C76B444C
C9C6CC3A08
C9C62D30BE
C9C58E286F
C9C4EF211B
C9C4501AC1
C9C3B11562
C9C31210FE
C9C2730D94
C9C1D40B25
C9C13509B0
C9C0960937
C9BFF709B7
C9BF580B33
C9BEB90DA9
C9BE1A1119
C9BD7B1585
C9BCDC1AEA
C9BC3D214B
C9BB9E28A6
C9BAFF30FB
C9BA603A4B
C9B9C14495
C9B9224FDA
C9B8835C1A
C9B7E46954
C9B7457788
C9B6A686B7
C9B60796E1
C9B568A805
C9B4C9BA23
C9B42ACD3C
C9B38BE14F
C9B2ECF65C
C9B24E0C65
C9B1AF2367
C9B1103B64
C9B071545B
C9AFD26E4D
C9AF338939
C9AE94A51F
C9ADF5C200
C9AD56DFDB
C9ACB7FEB0
C9AC191E80
C9AB7A3F4A
C9AADB610E
C9AA3C83CD
C9A99DA786
C9A8FECC39
C9A85FF1E6
C9A7C1188E
C9A7224030
C9A68368CC
C9A5E49263
C9A545BCF3
C9A4A6E87E
C9A4081503
C9A3694283
C9A2CA70FC
C9A22BA070
C9A18CD0DE
C9A0EE0246
C9A04F34A8
C99FB06804
C99F119C5B
C99E72D1AB
C99DD407F6
C99D353F3B
C99C96777A
C99BF7B0B3
C99B58EAE6
C99ABA2613
C99A1B623A
C9997C9F5B
C998DDDD77
C9983F1C8C
C997A05C9B
C997019DA5
C99662DFA8
C995C422A5
C99525669D
C99486AB8E
C993E7F17A
C99349385F
C992AA803E
C9920BC917
C9916D12EA
C990CE5DB7
C9902FA97E
C98F90F63F
C98EF243FA
C98E5392AF
C98DB4E25D
C98D163306
C98C7784A8
C98BD8D744
C98B3A2ADA
C98A9B7F6A
C989FCD4F4
C9895E2B77
C988BF82F5
C98820DB6C
C9878234DD
C986E38F47
C98644EAAC
C985A6470A
C98507A462
C9846902B4
C983CA61FF
C9832BC245
C9828D2384
C981EE85BC
C9814FE8EF
C980B14D1B
C98012B240
C97F741860
C97ED57F79
C97E36E78C
C97D985098
C97CF9BA9E
C97C5B259E
C97BBC9197
C97B1DFE8A
C97A7F6C76
C979E0DB5C
C979424B3C
C978A3BC15
C978052DE8
C97766A0B4
C976C8147A
C97629893A
C9758AFEF3
C974EC75A5
C9744DED51
C973AF65F7
C97310DF96
C972725A2E
C971D3D5C1
C97135524C
C97096CFD1
C96FF84E4F
C96F59CDC7
C96EBB4E38
C96E1CCFA3
C96D7E5207
C96CDFD565
C96C4159BC
C96BA2DF0C
C96B046556
C96A65EC99
C969C774D5
C96928FE0B
C9688A883A
C967EC1362
C9674D9F84
C966AF2C9F
C96610BAB4
C9657249C1
C964D3D9C8
C964356AC8
C96396FCC2
C962F88FB5
C9625A23A1
C961BBB886
C9611D4E65
C9607EE53C
C95FE07D0D
C95F4215D8
C95EA3AF9B
C95E054A57
C95D66E60D
C95CC882BC
C95C2A2064
C95B8BBF05
C95AED5EA0
C95A4EFF33
C959B0A0C0
C959124346
C95873E6C5
C957D58B3D
C9573730AE
C95698D718
C955FA7E7B
C9555C26D7
C954BDD02D
C9541F7A7B
C9538125C3
C952E2D203
C952447F3D
C951A62D6F
C95107DC9B
C950698CBF
C94FCB3DDD
C94F2CEFF3
C94E8EA303
C94DF0570B
C94D520C0C
C94CB3C207
C94C1578FA
C94B7730E6
C94AD8E9CB
C94A3AA3A9
C9499C5E80
C948FE1A4F
C9485FD718
C947C194D9
C947235394
C946851347
C945E6D3F3
C945489598
C944AA5836
C9440C1BCC
C9436DE05B
C942CFA5E3
C942316C64
C9419333DE
C940F4FC50
C94056C5BC
C93FB89020
C93F1A5B7C
C93E7C27D2
C93DDDF520
C93D3FC367
C93CA192A6
C93C0362DF
C93B65340F
C93AC70639
C93A28D95B
C9398AAD76
C938EC828A
C9384E5896
C937B02F9B
C937120799
C93673E08F
C935D5BA7E
C935379565
C934997145
C933FB4E1D
C9335D2BEF
C932BF0AB8
C93220EA7A
C93182CB35
C930E4ACE9
C930468F94
C92FA87339
C92F0A57D6
C92E6C3D6B
C92DCE23F9
C92D300B7F
C92C91F3FE
C92BF3DD75
C92B55C7E5
C92AB7B34D
C92A199FAE
C9297B8D07
C928DD7B58
C9283F6AA2
C927A15AE4
C927034C1F
C926653E52
C925C7317E
C9252925A1
C9248B1ABE
C923ED10D2
C9234F07DF
C922B0FFE4
C92212F8E2
C92174F2D8
C920D6EDC6
C92038E9AC
C91F9AE68B
C91EFCE462
C91E5EE331
C91DC0E2F9
C91D22E3B8
C91C84E570
C91BE6E821
C91B48EBC9
C91AAAF06A
C91A0CF603
C9196EFC94
C918D1041D
C918330C9F
C917951618
C916F7208A
C916592BF4
C915BB3856
C9151D45B0
C9147F5403
C913E1634D
C913437390
C912A584CA
C9120796FD
C91169AA28
C910CBBE4B
C9102DD366
C90F8FE979
C90EF20084
C90E541887
C90DB63182
C90D184B75
C90C7A6661
C90BDC8244
C90B3E9F1F
C90AA0BCF2
C90A02DBBD
C90964FB80
C908C71C3B
C908293DEE
C9078B6099
C906ED843C
C9064FA8D7
C905B1CE6A
C90513F4F4
C904761C77
C903D844F1
C9033A6E64
C9029C98CE
C901FEC430
C90160F08A
C900C31DDB
C900254C25
C8FF877B66
C8FEE9AB9F
C8FE4BDCD0
C8FDAE0EF9
C8FD104219
C8FC727632
C8FBD4AB42
C8FB36E14A
C8FA991849
C8F9FB5041
C8F95D8930
C8F8BFC317
C8F821FDF5
C8F78439CB
C8F6E67699
C8F648B45F
C8F5AAF31C
C8F50D32D1
C8F46F737E
C8F3D1B522
C8F333F7BE
C8F2963B52
C8F1F87FDD
C8F15AC560
C8F0BD0BDA
C8F01F534C
C8EF819BB6
C8EEE3E517
C8EE462F70
C8EDA87AC0
C8ED0AC708
C8EC6D1447
C8EBCF627E
C8EB31B1AD
C8EA9401D3
C8E9F652F0
C8E958A505
C8E8BAF812
C8E81D4C16
C8E77FA112
C8E6E1F705
C8E6444DEF
C8E5A6A5D1
C8E508FEAA
C8E46B587B
C8E3CDB343
C8E3300F03
C8E2926BBA
C8E1F4C968
C8E157280E
C8E0B987AB
C8E01BE83F
C8DF7E49CB
C8DEE0AC4F
C8DE430FC9
C8DDA5743B
C8DD07D9A4
C8DC6A4005
C8DBCCA75D
C8DB2F0FAC
C8DA9178F2
C8D9F3E330
C8D9564E65
C8D8B8BA91
C8D81B27B5
C8D77D95D0
C8D6E004E2
C8D64274EB
C8D5A4E5EB
C8D50757E3
C8D469CAD2
C8D3CC3EB8
C8D32EB395
C8D2912969
C8D1F3A035
C8D15617F8
C8D0B890B2
C8D01B0A63
C8CF7D850B
C8CEE000AA
C8CE427D40
C8CDA4FACE
C8CD077952
C8CC69F8CE
C8CBCC7941
C8CB2EFAAB
C8CA917D0C
C8C9F40063
C8C95684B2
C8C8B909F8
C8C81B9035
C8C77E1769
C8C6E09F94
C8C64328B6
C8C5A5B2CF
C8C5083DDF
C8C46AC9E6
C8C3CD56E4
C8C32FE4D9
C8C29273C5
C8C1F503A8
C8C1579481
C8C0BA2652
C8C01CB91A
C8BF7F4CD8
C8BEE1E18D
C8BE447739
C8BDA70DDC
C8BD09A576
C8BC6C3E07
C8BBCED78F
C8BB31720D
C8BA940D82
C8B9F6A9EF
C8B9594751
C8B8BBE5AB
C8B81E84FC
C8B7812543
C8B6E3C681
C8B64668B6
C8B5A90BE1
C8B50BB004
C8B46E551D
C8B3D0FB2D
C8B333A233
C8B2964A30
C8B1F8F324
C8B15B9D0F
C8B0BE47F0
C8B020F3C8
C8AF83A097
C8AEE64E5C
C8AE48FD18
C8ADABACCB
C8AD0E5D74
C8AC710F14
C8ABD3C1AA
C8AB367538
C8AA9929BB
C8A9FBDF36
C8A95E95A6
C8A8C14D0E
C8A824056C
C8A786BEC0
C8A6E9790C
C8A64C344D
C8A5AEF085
C8A511ADB4
C8A4746BD9
C8A3D72AF5
C8A339EB07
C8A29CAC10
C8A1FF6E0F
C8A1623105
C8A0C4F4F1
C8A027B9D3
C89F8A7FAC
C89EED467B
C89E500E41
C89DB2D6FD
C89D15A0B0
C89C786B59
C89BDB36F8
C89B3E038E
C89AA0D11A
C89A039F9D
C899666F16
C898C93F85
C8982C10EA
C8978EE346
C896F1B699
C896548AE1
C895B76020
C8951A3655
C8947D0D80
C893DFE5A2
C89342BEBA
C892A598C8
C8920873CC
C8916B4FC7
C890CE2CB8
C890310A9F
C88F93E97C
C88EF6C94F
C88E59AA19
C88DBC8BD9
C88D1F6E8F
C88C82523B
C88BE536DD
C88B481C76
C88AAB0304
C88A0DEA89
C88970D304
C888D3BC75
C88836A6DC
C887999239
C886FC7E8D
C8865F6BD6
C885C25A15
C88525494B
C884883976
C883EB2A98
C8834E1CAF
C882B10FBD
C8821403C1
C88176F8BA
C880D9EEAA
C8803CE590
C87F9FDD6B
C87F02D63D
C87E65D004
C87DC8CAC2
C87D2BC675
C87C8EC31F
C87BF1C0BE
C87B54BF53
C87AB7BEDE
C87A1ABF5F
C8797DC0D6
C878E0C343
C87843C6A6
C877A6CAFE
C87709D04C
C8766CD691
C875CFDDCB
C87532E5FB
C87495EF20
C873F8F93C
C8735C044D
C872BF1054
C872221D51
C871852B44
C870E83A2C
C8704B4A0B
C86FAE5ADF
C86F116CA8
C86E747F68
C86DD7931D
C86D3AA7C8
C86C9DBD69
C86C00D3FF
C86B63EB8B
C86AC7040C
C86A2A1D84
C8698D37F1
C868F05353
C868536FAC
C867B68CFA
C86719AB3D
C8667CCA76
C865DFEAA5
C865430BCA
C864A62DE4
C8640950F3
C8636C74F8
C862CF99F3
C86232BFE3
C86195E6C9
C860F90EA4
C8605C3775
C85FBF613C
C85F228BF8
C85E85B7A9
C85DE8E450
C85D4C11EC
C85CAF407E
C85C127006
C85B75A082
C85AD8D1F5
C85A3C045C
C8599F37B9
C859026C0C
C85865A154
C857C8D791
C8572C0EC4
C8568F46EC
C855F2800A
C85555BA1D
C854B8F525
C8541C3123
C8537F6E16
C852E2ABFE
C85245EADC
C851A92AAF
C8510C6B77
C8506FAD34
C84FD2EFE7
C84F363390
C84E99782D
C84DFCBDC0
C84D600448
C84CC34BC5
C84C269437
C84B89DD9F
C84AED27FC
C84A50734E
C849B3BF95
C849170CD2
C8487A5B04
C847DDAA2A
C84740FA47
C846A44B58
C846079D5E
C8456AF05A
C844CE444A
C844319930
C84394EF0B
C842F845DB
C8425B9DA0
C841BEF65A
C84122500A
C84085AAAE
C83FE90647
C83F4C62D6
C83EAFC059
C83E131ED2
C83D767E3F
C83CD9DEA2
C83C3D3FFA
C83BA0A246
C83B040588
C83A6769BE
C839CACEEA
C8392E350B
C838919C20
C837F5042B
C837586D2A
C836BBD71E
C8361F4208
C83582ADE6
C834E61AB9
C834498881
C833ACF73E
C8331066EF
C83273D796
C831D74932
C8313ABBC2
C8309E2F47
C83001A3C1
C82F651930
C82EC88F94
C82E2C06EC
C82D8F7F39
C82CF2F87B
C82C5672B2
C82BB9EDDE
C82B1D69FE
C82A80E713
C829E4651D
C82947E41C
C828AB640F
C8280EE4F7
C8277266D4
C826D5E9A6
C826396D6C
C8259CF227
C8250077D7
C82463FE7B
C823C78614
C8232B0EA1
C8228E9823
C821F2229A
C82155AE06
C820B93A66
C8201CC7BB
C81F805604
C81EE3E542
C81E477574
C81DAB069B
C81D0E98B7
C81C722BC7
C81BD5BFCC
C81B3954C5
C81A9CEAB3
C81A008195
C81964196C
C818C7B237
C8182B4BF7
C8178EE6AB
C816F28254
C816561EF1
C815B9BC83
C8151D5B09
C81480FA84
C813E49AF3
C813483C56
C812ABDEAE
C8120F81FB
C81173263B
C810D6CB70
C8103A719A
C80F9E18B8
C80F01C0CA
C80E6569D1
C80DC913CB
C80D2CBEBB
C80C906A9E
C80BF41776
C80B57C542
C80ABB7403
C80A1F23B8
C80982D461
C808E685FE
C8084A3890
C807ADEC16
C80711A090
C8067555FE
C805D90C61
C8053CC3B8
C804A07C03
C804043542
C80367EF75
C802CBAA9D
C8022F66B9
C8019323C9
C800F6E1CD
C8005AA0C5
C7FFBE60B2
C7FF222192
C7FE85E367
C7FDE9A630
C7FD4D69ED
C7FCB12E9E
C7FC14F443
C7FB78BADC
C7FADC826A
C7FA404AEB
C7F9A41461
C7F907DECA
C7F86BAA28
C7F7CF7679
C7F73343BF
C7F69711F8
C7F5FAE126
C7F55EB148
C7F4C2825D
C7F4265467
C7F38A2764
C7F2EDFB56
C7F251D03B
C7F1B5A615
C7F1197CE2
C7F07D54A3
C7EFE12D58
C7EF450702
C7EEA8E19F
C7EE0CBD2F
C7ED7099B4
C7ECD4772D
C7EC385599
C7EB9C34FA
C7EB00154E
C7EA63F696
C7E9C7D8D2
C7E92BBC02
C7E88FA025
C7E7F3853D
C7E7576B48
C7E6BB5247
C7E61F3A39
C7E5832320
C7E4E70CFA
C7E44AF7C8
C7E3AEE38A
C7E312D03F
C7E276BDE8
C7E1DAAC85
C7E13E9C16
C7E0A28C9A
C7E0067E12
C7DF6A707E
C7DECE63DD
C7DE325830
C7DD964D77
C7DCFA43B1
C7DC5E3ADF
C7DBC23301
C7DB262C16
C7DA8A261F
C7D9EE211C
C7D9521D0C
C7D8B619EF
C7D81A17C7
C7D77E1691
C7D6E21650
C7D6461702
C7D5AA18A7
C7D50E1B40
C7D4721ECD
C7D3D6234D
C7D33A28C0
C7D29E2F27
C7D2023682
C7D1663ED0
C7D0CA4811
C7D02E5246
C7CF925D6F
C7CEF6698A
C7CE5A769A
C7CDBE849D
C7CD229393
C7CC86A37C
C7CBEAB459
C7CB4EC62A
C7CAB2D8ED
C7CA16ECA5
C7C97B014F
C7C8DF16ED
C7C8432D7E
C7C7A74503
C7C70B5D7B
C7C66F76E6
C7C5D39144
C7C537AC96
C7C49BC8DB
C7C3FFE614
C7C3640440
C7C2C8235F
C7C22C4371
C7C1906476
C7C0F4866F
C7C058A95B
C7BFBCCD3A
C7BF20F20D
C7BE8517D3
C7BDE93E8C
C7BD4D6638
C7BCB18ED7
C7BC15B869
C7BB79E2EF
C7BADE0E68
C7BA423AD4
C7B9A66833
C7B90A9685
C7B86EC5CA
C7B7D2F603
C7B737272E
C7B69B594D
C7B5FF8C5F
C7B563C064
C7B4C7F55C
C7B42C2B47
C7B3906225
C7B2F499F6
C7B258D2BA
C7B1BD0C71
C7B121471B
C7B08582B9
C7AFE9BF49
C7AF4DFCCC
C7AEB23B42
C7AE167AAB
C7AD7ABB07
C7ACDEFC57
C7AC433E99
C7ABA781CE
C7AB0BC5F6
C7AA700B10
C7A9D4511E
C7A938981F
C7A89CE013
C7A80128F9
C7A76572D2
C7A6C9BD9F
C7A62E095E
C7A5925610
C7A4F6A3B5
C7A45AF24C
C7A3BF41D7
C7A3239254
C7A287E3C4
C7A1EC3627
C7A150897D
C7A0B4DDC6
C7A0193301
C79F7D892F
C79EE1E050
C79E463863
C79DAA916A
C79D0EEB63
C79C73464F
C79BD7A22D
C79B3BFEFE
C79AA05CC2
C79A04BB79
C799691B22
C798CD7BBE
C79831DD4D
C797963FCE
C796FAA342
C7965F07A9
C795C36D02
C79527D34E
C7948C3A8C
C793F0A2BE
C793550BE1
C792B975F8
C7921DE100
C791824CFC
C790E6B9EA
C7904B27CA
C78FAF969D
C78F140663
C78E78771B
C78DDCE8C6
C78D415B63
C78CA5CEF3
C78C0A4375
C78B6EB8EA
C78AD32F51
C78A37A6AA
C7899C1EF7
C789009835
C788651266
C787C98D8A
C7872E099F
C7869286A8
C785F704A2
C7855B838F
C784C0036F
C784248441
C783890605
C782ED88BB
C782520C64
C781B69100
C7811B168D
C7807F9D0D
C77FE4247F
C77F48ACE4
C77EAD363B
C77E11C084
C77D764BBF
C77CDAD7ED
C77C3F650D
C77BA3F31F
C77B088224
C77A6D121B
C779D1A304
C7793634DF
C7789AC7AC
C777FF5B6C
C77763F01E
C776C885C2
C7762D1C58
C77591B3E1
C774F64C5B
C7745AE5C8
C773BF8027
C773241B78
C77288B7BB
C771ED54F0
C77151F318
C770B69231
C7701B323D
C76F7FD33A
C76EE4752A
C76E49180C
C76DADBBE0
C76D1260A6
C76C77065E
C76BDBAD08
C76B4054A4
C76AA4FD32
C76A09A6B2
C7696E5124
C768D2FC88
C76837A8DE
C7679C5626
C767010460
C76665B38C
C765CA63AA
C7652F14BA
C76493C6BB
C763F879AF
C7635D2D95
C762C1E26C
C762269836
C7618B4EF1
C760F0069E
C76054BF3D
C75FB978CE
C75F1E3351
C75E82EEC6
C75DE7AB2C
C75D4C6884
C75CB126CF
C75C15E60A
C75B7AA638
C75ADF6758
C75A442969
C759A8EC6C
C7590DB061
C758727548
C757D73B20
C7573C01EA
C756A0C9A6
C756059253
C7556A5BF3
C754CF2684
C75433F206
C75398BE7B
C752FD8BE1
C752625A39
C751C72982
C7512BF9BD
C75090CAEA
C74FF59D08
C74F5A7018
C74EBF441A
C74E24190D
C74D88EEF2
C74CEDC5C8
C74C529D90
C74BB7764A
C74B1C4FF5
C74A812A92
C749E60620
C7494AE2A0
C748AFC011
C748149E74
C747797DC9
C746DE5E0E
C746433F46
C745A8216F
C7450D0489
C74471E895
C743D6CD92
C7433BB381
C742A09A61
C742058233
C7416A6AF6
C740CF54AB
C740343F51
C73F992AE8
C73EFE1771
C73E6304EB
C73DC7F357
C73D2CE2B4
C73C91D302
C73BF6C441
C73B5BB672
C73AC0A995
C73A259DA8
C7398A92AD
C738EF88A4
C738547F8B
C737B97764
C7371E702E
C7368369EA
C735E86496
C7354D6034
C734B25CC4
C734175A44
C7337C58B6
C732E15819
C73246586D
C731AB59B2
C731105BE9
C730755F11
C72FDA632A
C72F3F6834
C72EA46E2F
C72E09751B
C72D6E7CF9
C72CD385C8
C72C388F88
C72B9D9A39
C72B02A5DB
C72A67B26E
C729CCBFF2
C72931CE68
C72896DDCE
C727FBEE26
C72760FF6E
C726C611A8
C7262B24D3
C7259038EE
C724F54DFB
C7245A63F9
C723BF7AE8
C7232492C8
C72289AB98
C721EEC55A
C72153E00D
C720B8FBB1
C7201E1845
C71F8335CB
C71EE85442
C71E4D73A9
C71DB29402
C71D17B54B
C71C7CD785
C71BE1FAB1
C71B471ECD
C71AAC43DA
C71A1169D7
C7197690C6
C718DBB8A6
C71840E176
C717A60B37
C7170B35E9
C71670618C
C715D58E20
C7153ABBA5
C7149FEA1A
C714051980
C7136A49D7
C712CF7B1F
C71234AD57
C71199E080
C710FF149A
C7106449A5
C70FC97FA0
C70F2EB68C
C70E93EE69
C70DF92737
C70D5E60F5
C70CC39BA4
C70C28D743
C70B8E13D4
C70AF35155
C70A588FC6
C709BDCF28
C709230F7B
C7088850BF
C707ED92F3
C70752D618
C706B81A2D
C7061D5F33
C70582A529
C704E7EC10
C7044D33E8
C703B27CB0
C70317C669
C7027D1112
C701E25CAC
C70147A936
C700ACF6B1
C70012451C
C6FF779478
C6FEDCE4C5
C6FE423601
C6FDA7882F
C6FD0CDB4C
C6FC722F5B
C6FBD78459
C6FB3CDA48
C6FAA23128
C6FA0788F8
C6F96CE1B8
C6F8D23B69
C6F837960A
C6F79CF19C
C6F7024E1D
C6F667AB90
C6F5CD09F2
C6F5326945
C6F497C989
C6F3FD2ABC
C6F3628CE0
C6F2C7EFF5
C6F22D53F9
C6F192B8EE
C6F0F81ED4
C6F05D85A9
C6EFC2ED6F
C6EF285625
C6EE8DBFCB
C6EDF32A62
C6ED5895E9
C6ECBE0260
C6EC236FC7
C6EB88DE1E
C6EAEE4D66
C6EA53BD9E
C6E9B92EC6
C6E91EA0DE
C6E88413E7
C6E7E987DF
C6E74EFCC8
C6E6B472A1
C6E619E96A
C6E57F6123
C6E4E4D9CC
C6E44A5366
C6E3AFCDEF
C6E3154969
C6E27AC5D2
C6E1E0432C
C6E145C176
C6E0AB40B0
C6E010C0DA
C6DF7641F4
C6DEDBC3FE
C6DE4146F8
C6DDA6CAE2
C6DD0C4FBC
C6DC71D586
C6DBD75C40
C6DB3CE3EA
C6DAA26C84
C6DA07F60E
C6D96D8088
C6D8D30BF2
C6D838984C
C6D79E2596
C6D703B3D0
C6D66942F9
C6D5CED313
C6D534641C
C6D499F616
C6D3FF88FF
C6D3651CD8
C6D2CAB1A1
C6D230475A
C6D195DE02
C6D0FB759B
C6D0610E23
C6CFC6A79B
C6CF2C4203
C6CE91DD5B
C6CDF779A3
C6CD5D16DA
C6CCC2B501
C6CC285418
C6CB8DF41F
C6CAF39515
C6CA5936FC
C6C9BED9D1
C6C9247D97
C6C88A224C
C6C7EFC7F2
C6C7556E86
C6C6BB160B
C6C620BE7F
C6C58667E3
C6C4EC1236
C6C451BD7A
C6C3B769AC
C6C31D16CF
C6C282C4E1
C6C1E873E3
C6C14E23D4
C6C0B3D4B5
C6C0198686
C6BF7F3946
C6BEE4ECF5
C6BE4AA195
C6BDB05724
C6BD160DA2
C6BC7BC510
C6BBE17D6E
C6BB4736BB
C6BAACF0F7
C6BA12AC23
C6B978683F
C6B8DE254A
C6B843E345
C6B7A9A22F
C6B70F6208
C6B67522D2
C6B5DAE48A
C6B540A732
C6B4A66AC9
C6B40C2F50
C6B371F4C6
C6B2D7BB2C
C6B23D8281
C6B1A34AC6
C6B10913F9
C6B06EDE1D
C6AFD4A92F
C6AF3A7531
C6AEA04222
C6AE061003
C6AD6BDED3
C6ACD1AE92
C6AC377F41
C6AB9D50DF
C6AB03236C
C6AA68F6E9
C6A9CECB55
C6A934A0B0
C6A89A76FA
C6A8004E34
C6A766265D
C6A6CBFF75
C6A631D97C
C6A597B473
C6A4FD9059
C6A4636D2E
C6A3C94AF2
C6A32F29A5
C6A2950948
C6A1FAE9DA
C6A160CB5B
C6A0C6ADCB
C6A02C912A
C69F927579
C69EF85AB6
C69E5E40E3
C69DC427FF
C69D2A1009
C69C8FF903
C69BF5E2ED
C69B5BCDC5
C69AC1B98C
C69A27A642
C6998D93E8
C698F3827C
C6985971FF
C697BF6272
C6972553D3
C6968B4624
C695F13964
C695572D92
C694BD22B0
C6942318BC
C693890FB8
C692EF07A2
C69255007B
C691BAFA44
C69120F4FB
C69086F0A1
C68FECED36
C68F52EABA
C68EB8E92D
C68E1EE88F
C68D84E8E0
C68CEAEA20
C68C50EC4E
C68BB6EF6B
C68B1CF378
C68A82F873
C689E8FE5C
C6894F0535
C688B50CFD
C6881B15B3
C687811F58
C686E729EC
C6864D356F
C685B341E0
C685194F41
C6847F5D90
C683E56CCD
C6834B7CFA
C682B18E15
C68217A01F
C6817DB318
C680E3C6FF
C68049DBD5
C67FAFF19A
C67F16084E
C67E7C1FF0
C67DE23881
C67D485200
C67CAE6C6E
C67C1487CB
C67B7AA417
C67AE0C151
C67A46DF79
C679ACFE90
C679131E96
C678793F8B
C677DF616E
C67745843F
C676ABA800
C67611CCAE
C67577F24C
C674DE18D7
C674444052
C673AA68BB
C673109212
C67276BC58
C671DCE78C
C6714313AF
C670A940C1
C6700F6EC1
C66F759DAF
C66EDBCD8C
C66E41FE57
C66DA83010
C66D0E62B9
C66C74964F
C66BDACAD4
C66B410047
C66AA736A9
C66A0D6DF9
C66973A638
C668D9DF64
C668401980
C667A65489
C6670C9081
C66672CD67
C665D90B3C
C6653F49FF
C664A589B0
C6640BCA50
C663720BDD
C662D84E59
C6623E91C4
C661A4D61C
C6610B1B63
C660716199
C65FD7A8BC
C65F3DF0CE
C65EA439CD
C65E0A83BC
C65D70CE98
C65CD71A62
C65C3D671B
C65BA3B4C2
C65B0A0357
C65A7052DA
C659D6A34C
C6593CF4AB
C658A346F9
C658099A35
C6576FEE5E
C656D64376
C6563C997D
C655A2F071
C655094853
C6546FA124
C653D5FAE2
C6533C558F
C652A2B129
C652090DB2
C6516F6B29
C650D5C98E
C6503C28E0
C64FA28921
C64F08EA50
C64E6F4C6D
C64DD5AF78
C64D3C1370
C64CA27857
C64C08DE2C
C64B6F44EF
C64AD5AC9F
C64A3C153E
C649A27ECA
C64908E945
C6486F54AD
C647D5C103
C6473C2E47
C646A29C79
C646090B99
C6456F7BA7
C644D5ECA3
C6443C5E8C
C643A2D164
C643094529
C6426FB9DC
C641D62F7D
C6413CA60B
C640A31D88
C6400995F2
C63F700F4A
C63ED68990
C63E3D04C3
C63DA380E5
C63D09FDF4
C63C707BF1
C63BD6FADB
C63B3D7AB4
C63AA3FB7A
C63A0A7D2E
C63970FFCF
C638D7835E
C6383E07DB
C637A48D46
C6370B139E
C636719AE4
C635D82317
C6353EAC38
C634A53647
C6340BC143
C633724D2E
C632D8DA05
C6323F67CA
C631A5F67D
C6310C861E
C6307316AC
C62FD9A827
C62F403A90
C62EA6CDE7
C62E0D622B
C62D73F75D
C62CDA8D7D
C62C412489
C62BA7BC84
C62B0E556C
C62A74EF41
C629DB8A04
C6294225B4
C628A8C252
C6280F5FDD
C62775FE56
C626DC9DBC
C626433E0F
C625A9DF50
C62510817F
C62477249A
C623DDC8A4
C623446D9A
C622AB137E
C62211BA50
C62178620E
C620DF0ABA
C62045B454
C61FAC5EDB
C61F130A4F
C61E79B6B0
C61DE063FF
C61D47123B
C61CADC164
C61C14717B
C61B7B227F
C61AE1D470
C61A48874F
C619AF3B1A
C61915EFD3
C6187CA57A
C617E35C0D
C6174A138E
C616B0CBFC
C616178557
C6157E3F9F
C614E4FAD5
C6144BB6F7
C613B27407
C613193204
C6127FF0EE
C611E6B0C6
C6114D718A
C610B4333C
C6101AF5DA
C60F81B966
C60EE87DDF
C60E4F4345
C60DB60998
C60D1CD0D9
C60C839906
C60BEA6220
C60B512C28
C60AB7F71C
C60A1EC2FE
C609858FCC
C608EC5D88
C608532C30
C607B9FBC6
C60720CC48
C606879DB8
C605EE7014
C60555435E
C604BC1794
C60422ECB8
C60389C2C8
C602F099C6
C6025771B0
C601BE4A87
C60125244B
C6008BFEFC
C5FFF2DA9A
C5FF59B725
C5FEC0949C
C5FE277301
C5FD8E5252
C5FCF53291
C5FC5C13BC
C5FBC2F5D4
C5FB29D8D8
C5FA90BCCA
C5F9F7A1A8
C5F95E8774
C5F8C56E2C
C5F82C55D0
C5F7933E62
C5F6FA27E0
C5F661124B
C5F5C7FDA3
C5F52EE9E8
C5F495D719
C5F3FCC537
C5F363B442
C5F2CAA43A
C5F231951E
C5F19886EF
C5F0FF79AC
C5F0666D57
C5EFCD61ED
C5EF345771
C5EE9B4DE1
C5EE02453E
C5ED693D88
C5ECD036BE
C5EC3730E1
C5EB9E2BF0
C5EB0527EC
C5EA6C24D5
C5E9D322AA
C5E93A216C
C5E8A1211A
C5E80821B5
C5E76F233C
C5E6D625B0
C5E63D2911
C5E5A42D5E
C5E50B3298
C5E47238BE
C5E3D93FD0
C5E34047CF
C5E2A750BB
C5E20E5A93
C5E1756558
C5E0DC7109
C5E0437DA6
C5DFAA8B30
C5DF1199A6
C5DE78A909
C5DDDFB958
C5DD46CA94
C5DCADDCBC
C5DC14EFD0
C5DB7C03D1
C5DAE318BE
C5DA4A2E97
C5D9B1455D
C5D9185D10
C5D87F75AE
C5D7E68F39
C5D74DA9B0
C5D6B4C514
C5D61BE164
C5D582FEA0
C5D4EA1CC8
C5D4513BDD
C5D3B85BDE
C5D31F7CCB
C5D2869EA5
C5D1EDC16B
C5D154E51D
C5D0BC09BB
C5D0232F46
C5CF8A55BC
C5CEF17D1F
C5CE58A56E
C5CDBFCEAA
C5CD26F8D1
C5CC8E23E5
C5CBF54FE5
C5CB5C7CD1
C5CAC3AAA9
C5CA2AD96D
C5C992091E
C5C8F939BA
C5C8606B43
C5C7C79DB8
C5C72ED119
C5C6960566
C5C5FD3A9F
C5C56470C4
C5C4CBA7D5
C5C432DFD3
C5C39A18BC
C5C3015292
C5C2688D53
C5C1CFC900
C5C137059A
C5C09E431F
C5C0058191
C5BF6CC0EE
C5BED40138
C5BE3B426D
C5BDA2848F
C5BD09C79C
C5BC710B95
C5BBD8507B
C5BB3F964C
C5BAA6DD09
C5BA0E24B2
C5B9756D47
C5B8DCB6C8
C5B8440135
C5B7AB4C8D
C5B71298D2
C5B679E602
C5B5E1341F
C5B5488327
C5B4AFD31B
C5B41723FA
C5B37E75C6
C5B2E5C87D
C5B24D1C21
C5B1B470B0
C5B11BC62A
C5B0831C91
C5AFEA73E4
C5AF51CC22
C5AEB9254C
C5AE207F61
C5AD87DA63
C5ACEF3650
C5AC569329
C5ABBDF0ED
C5AB254F9E
C5AA8CAF3A
C5A9F40FC1
C5A95B7135
C5A8C2D394
C5A82A36DF
C5A7919B15
C5A6F90037
C5A6606645
C5A5C7CD3E
C5A52F3523
C5A4969DF3
C5A3FE07B0
C5A3657257
C5A2CCDDEB
C5A2344A6A
C5A19BB7D4
C5A103262A
C5A06A956C
C59FD20599
C59F3976B2
C59EA0E8B6
C59E085BA6
C59D6FCF81
C59CD74448
C59C3EB9FB
C59BA63099
C59B0DA822
C59A752097
C599DC99F7
C599441443
C598AB8F7A
C598130B9C
C5977A88AB
C596E206A4
C596498589
C595B10559
C595188615
C5948007BC
C593E78A4F
C5934F0DCC
C592B69236
C5921E178A
C591859DCA
C590ED24F6
C59054AD0C
C58FBC360E
C58F23BFFC
C58E8B4AD4
C58DF2D698
C58D5A6347
C58CC1F0E2
C58C297F67
C58B910ED8
C58AF89F35
C58A60307C
C589C7C2AF
C5892F55CD
C58896E9D6
C587FE7ECB
C5876614AA
C586CDAB75
C58635432B
C5859CDBCD
C585047559
C5846C0FD1
C583D3AB33
C5833B4781
C582A2E4BA
C5820A82DF
C5817221EE
C580D9C1E8
C5804162CE
C57FA9049F
C57F10A75A
C57E784B01
C57DDFEF93
C57D479510
C57CAF3B78
C57C16E2CB
C57B7E8B09
C57AE63433
C57A4DDE47
C579B58946
C5791D3530
C57884E206
C577EC8FC6
C577543E71
C576BBEE07
C576239E88
C5758B4FF5
C574F3024C
C5745AB58E
C573C269BB
C5732A1ED3
C57291D4D5
C571F98BC3
C57161439C
C570C8FC5F
C57030B60E
C56F9870A7
C56F002C2B
C56E67E89A
C56DCFA5F4
C56D376439
C56C9F2368
C56C06E383
C56B6EA488
C56AD66678
C56A3E2953
C569A5ED19
C5690DB1C9
C568757764
C567DD3DEA
C56745055B
C566ACCDB6
C5661496FD
C5657C612E
C564E42C49
C5644BF850
C563B3C541
C5631B931D
C5628361E3
C561EB3195
C561530230
C560BAD3B7
C56022A628
C55F8A7984
C55EF24DCB
C55E5A22FC
C55DC1F918
C55D29D01E
C55C91A80F
C55BF980EB
C55B615AB1
C55AC93562
C55A3110FD
C55998ED83
C55900CAF4
C55868A94F
C557D08895
C5573868C5
C556A049E0
C556082BE5
C555700ED5
C554D7F2AF
C5543FD774
C553A7BD23
C5530FA3BD
C552778B41
C551DF73B0
C551475D09
C550AF474C
C55017327A
C54F7F1E93
C54EE70B96
C54E4EF983
C54DB6E85B
C54D1ED81D
C54C86C8C9
C54BEEBA60
C54B56ACE1
C54ABEA04D
C54A2694A3
C5498E89E3
C548F6800E
C5485E7723
C547C66F22
C5472E680C
C5469661E0
C545FE5C9E
C545665847
C544CE54D9
C544365256
C5439E50BE
C54306500F
C5426E504B
C541D65171
C5413E5382
C540A6567C
C5400E5A61
C53F765F30
C53EDE64E9
C53E466B8D
C53DAE731A
C53D167B92
C53C7E84F4
C53BE68F40
C53B4E9A76
C53AB6A696
C53A1EB3A1
C53986C196
C538EED074
C53856E03D
C537BEF0F0
C53727028D
C5368F1514
C535F72885
C5355F3CE1
C534C75226
C5342F6855
C533977F6F
C532FF9772
C53267B060
C531CFCA37
C53137E4F9
C530A000A4
C530081D3A
C52F703AB9
C52ED85923
C52E407876
C52DA898B4
C52D10B9DB
C52C78DBEC
C52BE0FEE7
C52B4922CD
C52AB1479C
C52A196D55
C5298193F8
C528E9BB84
C52851E3FB
C527BA0D5C
C5272237A6
C5268A62DA
C525F28EF8
C5255ABC00
C524C2E9F2
C5242B18CE
C523934893
C522FB7943
C52263AADC
C521CBDD5F
C5213410CB
C5209C4522
C520047A62
C51F6CB08C
C51ED4E7A0
C51E3D1F9D
C51DA55884
C51D0D9255
C51C75CD10
C51BDE08B4
C51B464542
C51AAE82BA
C51A16C11C
C5197F0067
C518E7409C
C5184F81BA
C517B7C3C2
C5172006B4
C516884A90
C515F08F55
C51558D503
C514C11B9C
C51429631E
C51391AB89
C512F9F4DE
C512623F1D
C511CA8A45
C51132D657
C5109B2352
C510037137
C50F6BC006
C50ED40FBE
C50E3C605F
C50DA4B1EA
C50D0D045F
C50C7557BD
C50BDDAC04
C50B460135
C50AAE5750
C50A16AE54
C5097F0641
C508E75F18
C5084FB8D9
C507B81382
C507206F15
C50688CB92
C505F128F8
C505598747
C504C1E680
C5042A46A2
C50392A7AE
C502FB09A3
C502636C81
C501CBD049
C5013434FA
C5009C9A94
C500050118
C4FF6D6885
C4FED5D0DB
C4FE3E3A1B
C4FDA6A443
C4FD0F0F56
C4FC777B51
C4FBDFE836
C4FB485604
C4FAB0C4BB
C4FA19345B
C4F981A4E5
C4F8EA1658
C4F85288B4
C4F7BAFBF9
C4F7237028
C4F68BE540
C4F5F45B41
C4F55CD22B
C4F4C549FE
C4F42DC2BA
C4F3963C60
C4F2FEB6EF
C4F2673267
C4F1CFAEC8
C4F1382C12
C4F0A0AA45
C4F0092961
C4EF71A967
C4EEDA2A55
C4EE42AC2D
C4EDAB2EEE
C4ED13B297
C4EC7C372A
C4EBE4BCA6
C4EB4D430B
C4EAB5CA59
C4EA1E5290
C4E986DBB0
C4E8EF65B9
C4E857F0AB
C4E7C07C86
C4E729094A
C4E69196F7
C4E5FA258D
C4E562B50B
C4E4CB4573
C4E433D6C4
C4E39C68FE
C4E304FC20
C4E26D902C
C4E1D62520
C4E13EBAFD
C4E0A751C4
C4E00FE973
C4DF78820B
C4DEE11B8B
C4DE49B5F5
C4DDB25148
C4DD1AED83
C4DC838AA7
C4DBEC28B4
C4DB54C7AA
C4DABD6789
C4DA260850
C4D98EAA01
C4D8F74C9A
C4D85FF01B
C4D7C89486
C4D73139D9
C4D699E016
C4D602873A
C4D56B2F48
C4D4D3D83E
C4D43C821D
C4D3A52CE5
C4D30DD896
C4D276852F
C4D1DF32B1
C4D147E11B
C4D0B0906E
C4D01940AA
C4CF81F1CF
C4CEEAA3DC
C4CE5356D1
C4CDBC0AB0
C4CD24BF77
C4CC8D7527
C4CBF62BBF
C4CB5EE340
C4CAC79BA9
C4CA3054FB
C4C9990F36
C4C901CA59
C4C86A8665
C4C7D34359
C4C73C0136
C4C6A4BFFB
C4C60D7FA9
C4C576403F
C4C4DF01BE
C4C447C425
C4C3B08775
C4C3194BAE
C4C28210CE
C4C1EAD6D8
C4C1539DC9
C4C0BC65A4
C4C0252E66
C4BF8DF811
C4BEF6C2A5
C4BE5F8E21
C4BDC85A85
C4BD3127D2
C4BC99F607
C4BC02C524
C4BB6B952A
C4BAD46618
C4BA3D37EF
C4B9A60AAE
C4B90EDE55
C4B877B2E5
C4B7E0885D
C4B7495EBD
C4B6B23606
C4B61B0E37
C4B583E750
C4B4ECC151
C4B4559C3B
C4B3BE780D
C4B32754C7
C4B290326A
C4B1F910F5
C4B161F068
C4B0CAD0C3
C4B033B206
C4AF9C9432
C4AF057746
C4AE6E5B42
C4ADD74026
C4AD4025F3
C4ACA90CA7
C4AC11F444
C4AB7ADCC9
C4AAE3C636
C4AA4CB08B
C4A9B59BC8
C4A91E87EE
C4A88774FB
C4A7F062F1
C4A75951CF
C4A6C24195
C4A62B3243
C4A59423D9
C4A4FD1657
C4A46609BD
C4A3CEFE0B
C4A337F342
C4A2A0E960
C4A209E066
C4A172D854
C4A0DBD12B
C4A044CAE9
C49FADC58F
C49F16C11E
C49E7FBD94
C49DE8BAF2
C49D51B938
C49CBAB867
C49C23B87D
C49B8CB97B
C49AF5BB61
C49A5EBE2F
C499C7C1E4
C49930C682
C49899CC08
C49802D275
C4976BD9CA
C496D4E208
C4963DEB2D
C495A6F53A
C49510002F
C494790C0B
C493E218D0
C4934B267C
C492B43510
C4921D448C
C4918654F0
C490EF663B
C49058786E
C48FC18B89
C48F2A9F8C
C48E93B477
C48DFCCA49
C48D65E103
C48CCEF8A5
C48C38112E
C48BA12A9F
C48B0A44F8
C48A736039
C489DC7C61
C489459971
C488AEB769
C48817D648
C48780F60F
C486EA16BE
C486533854
C485BC5AD2
C485257E37
C4848EA285
C483F7C7B9
C48360EDD6
C482CA14DA
C482333CC5
C4819C6598
C481058F53
C4806EB9F5
C47FD7E57F
C47F4111F0
C47EAA3F49
C47E136D8A
C47D7C9CB2
C47CE5CCC1
C47C4EFDB8
C47BB82F96
C47B21625C
C47A8A960A
C479F3CA9F
C4795D001B
C478C6367F
C4782F6DCA
C47798A5FD
C47701DF17
C4766B1918
C475D45401
C4753D8FD1
C474A6CC89
C474100A28
C4737948AF
C472E2881D
C4724BC872
C471B509AF
C4711E4BD2
C470878EDE
C46FF0D2D0
C46F5A17AA
C46EC35D6C
C46E2CA414
C46D95EBA4
C46CFF341B
C46C687D7A
C46BD1C7BF
C46B3B12EC
C46AA45F01
C46A0DABFC
C46976F9DF
C468E048A9
C46849985A
C467B2E8F3
C4671C3A72
C466858CD9
C465EEE027
C46558345C
C464C18979
C4642ADF7C
C463943667
C462FD8E39
C46266E6F2
C461D04092
C461399B19
C460A2F688
C4600C52DD
C45F75B01A
C45EDF0E3E
C45E486D49
C45DB1CD3B
C45D1B2E14
C45C848FD4
C45BEDF27B
C45B575609
C45AC0BA7E
C45A2A1FDA
C45993861E
C458FCED48
C458665559
C457CFBE51
C457392831
C456A292F7
C4560BFEA4
C455756B38
C454DED8B3
C454484716
C453B1B65F
C4531B268F
C4528497A5
C451EE09A3
C451577C88
C450C0F054
C4502A6506
C44F93DAA0
C44EFD5120
C44E66C887
C44DD040D5
C44D39BA0A
C44CA33426
C44C0CAF28
C44B762B12
C44ADFA7E2
C44A492599
C449B2A437
C4491C23BB
C44885A427
C447EF2579
C44758A7B2
C446C22AD2
C4462BAED8
C4459533C6
C444FEB99A
C444684054
C443D1C7F6
C4433B507E
C442A4D9ED
C4420E6442
C44177EF7F
C440E17BA2
C4404B08AB
C43FB4969B
C43F1E2572
C43E87B530
C43DF145D4
C43D5AD75F
C43CC469D1
C43C2DFD29
C43B979167
C43B01268D
C43A6ABC99
C439D4538B
C4393DEB64
C438A78424
C438111DCA
C4377AB857
C436E453CA
C4364DF024
C435B78D65
C435212B8C
C4348ACA99
C433F46A8D
C4335E0B67
C432C7AD28
C432314FD0
C4319AF35E
C4310497D2
C4306E3D2D
C42FD7E36E
C42F418A96
C42EAB32A4
C42E14DB98
C42D7E8573
C42CE83035
C42C51DBDD
C42BBB886B
C42B2535DF
C42A8EE43A
C429F8937C
C4296243A3
C428CBF4B1
C42835A6A6
C4279F5980
C427090D41
C42672C1E9
C425DC7776
C425462DEA
C424AFE545
C424199D85
C4238356AC
C422ED10B9
C42256CBAC
C421C08786
C4212A4446
C4209401EC
C41FFDC078
C41F677FEB
C41ED14044
C41E3B0183
C41DA4C3A8
C41D0E86B3
C41C784AA5
C41BE20F7C
C41B4BD53A
C41AB59BDE
C41A1F6369
C419892BD9
C418F2F52F
C4185CBF6C
C417C68A8F
C417305697
C4169A2386
C41603F15B
C4156DC017
C414D78FB8
C41441603F
C413AB31AC
C413150400
C4127ED739
C411E8AB59
C41152805E
C410BC564A
C410262D1B
C40F9004D3
C40EF9DD70
C40E63B6F4
C40DCD915D
C40D376CAD
C40CA148E2
C40C0B25FD
C40B7503FF
C40ADEE2E6
C40A48C2B3
C409B2A366
C4091C84FF
C40886677E
C407F04AE3
C4075A2F2E
C406C4145F
C4062DFA75
C40597E172
C40501C954
C4046BB21C
C403D59BCA
C4033F865E
C402A971D7
C402135E37
C4017D4B7C
C400E739A7
C4005128B8
C3FFBB18AE
C3FF25098B
C3FE8EFB4D
C3FDF8EDF5
C3FD62E182
C3FCCCD5F6
C3FC36CB4F
C3FBA0C18E
C3FB0AB8B3
C3FA74B0BD
C3F9DEA9AD
C3F948A383
C3F8B29E3E
C3F81C99DF
C3F7869666
C3F6F093D3
C3F65A9225
C3F5C4915C
C3F52E917A
C3F498927D
C3F4029466
C3F36C9734
C3F2D69AE8
C3F2409F81
C3F1AAA500
C3F114AB65
C3F07EB2AF
C3EFE8BADF
C3EF52C3F5
C3EEBCCDF0
C3EE26D8D0
C3ED90E496
C3ECFAF142
C3EC64FED3
C3EBCF0D49
C3EB391CA6
C3EAA32CE7
C3EA0D3E0E
C3E977501B
C3E8E1630D
C3E84B76E4
C3E7B58BA1
C3E71FA144
C3E689B7CC
C3E5F3CF39
C3E55DE78C
C3E4C800C4
C3E4321AE1
C3E39C35E4
C3E30651CD
C3E2706E9A
C3E1DA8C4E
C3E144AAE6
C3E0AECA64
C3E018EAC7
C3DF830C10
C3DEED2E3D
C3DE575151
C3DDC17549
C3DD2B9A27
C3DC95BFEA
C3DBFFE693
C3DB6A0E20
C3DAD43693
C3DA3E5FEC
C3D9A88A29
C3D912B54C
C3D87CE154
C3D7E70E41
C3D7513C14
C3D6BB6ACC
C3D6259A69
C3D58FCAEB
C3D4F9FC52
C3D4642E9F
C3D3CE61D1
C3D33895E7
C3D2A2CAE4
C3D20D00C5
C3D177378B
C3D0E16F37
C3D04BA7C8
C3CFB5E13D
C3CF201B98
C3CE8A56D8
C3CDF492FE
C3CD5ED008
C3CCC90DF7
C3CC334CCC
C3CB9D8C85
C3CB07CD24
C3CA720EA7
C3C9DC5110
C3C946945E
C3C8B0D890
C3C81B1DA8
C3C78563A5
C3C6EFAA87
C3C659F24D
C3C5C43AF9
C3C52E848A
C3C498CF00
C3C4031A5A
C3C36D669A
C3C2D7B3BF
C3C24201C8
C3C1AC50B7
C3C116A08A
C3C080F143
C3BFEB42E0
C3BF559562
C3BEBFE8C9
C3BE2A3D15
C3BD949246
C3BCFEE85C
C3BC693F56
C3BBD39736
C3BB3DEFFA
C3BAA849A3
C3BA12A431
C3B97CFFA4
C3B8E75BFB
C3B851B938
C3B7BC1759
C3B726765F
C3B690D64A
C3B5FB3719
C3B56598CD
C3B4CFFB66
C3B43A5EE4
C3B3A4C347
C3B30F288E
C3B2798EBA
C3B1E3F5CB
C3B14E5DC0
C3B0B8C69B
C3B0233059
C3AF8D9AFD
C3AEF80685
C3AE6272F2
C3ADCCE044
C3AD374E7A
C3ACA1BD95
C3AC0C2D94
C3AB769E78
C3AAE11041
C3AA4B82EE
C3A9B5F680
C3A9206AF7
C3A88AE052
C3A7F55692
C3A75FCDB6
C3A6CA45BF
C3A634BEAD
C3A59F387F
C3A509B335
C3A4742ED0
C3A3DEAB50
C3A34928B4
C3A2B3A6FD
C3A21E262A
C3A188A63C
C3A0F32732
C3A05DA90C
C39FC82BCB
C39F32AF6F
C39E9D33F7
C39E07B963
C39D723FB4
C39CDCC6EA
C39C474F03
C39BB1D802
C39B1C61E4
C39A86ECAB
C399F17857
C3995C04E6
C398C6925A
C3983120B3
C3979BAFF0
C397064011
C39670D117
C395DB6300
C39545F5CF
C394B08981
C3941B1E18
C39385B393
C392F049F3
C3925AE136
C391C5795E
C39130126B
C3909AAC5B
C390054730
C38F6FE2E9
C38EDA7F86
C38E451D08
C38DAFBB6E
C38D1A5AB8
C38C84FAE6
C38BEF9BF8
C38B5A3DEF
C38AC4E0CA
C38A2F8488
C3899A292C
C38904CEB3
C3886F751E
C387DA1C6E
C38744C4A2
C386AF6DB9
C3861A17B5
C38584C295
C384EF6E59
C3845A1B02
C383C4C88E
C3832F76FF
C3829A2653
C38204D68C
C3816F87A8
C380DA39A9
C38044EC8E
C37FAFA056
C37F1A5503
C37E850A94
C37DEFC109
C37D5A7861
C37CC5309E
C37C2FE9BF
C37B9AA3C4
C37B055EAD
C37A701A79
C379DAD72A
C3794594BE
C378B05337
C3781B1293
C37785D2D4
C376F093F8
C3765B5600
C375C618EC
C37530DCBC
C3749BA170
C374066708
C373712D83
C372DBF4E3
C37246BD26
C371B1864D
C3711C5058
C370871B47
C36FF1E71A
C36F5CB3D0
C36EC7816A
C36E324FE8
C36D9D1F4A
C36D07EF90
C36C72C0B9
C36BDD92C6
C36B4865B7
C36AB3398C
C36A1E0E44
C36988E3E0
C368F3BA60
C3685E91C4
C367C96A0B
C367344336
C3669F1D44
C36609F837
C36574D40D
C364DFB0C6
C3644A8E64
C363B56CE5
C363204C49
C3628B2C91
C361F60DBD
C36160EFCD
C360CBD2C0
C36036B696
C35FA19B51
C35F0C80EF
C35E776770
C35DE24ED5
C35D4D371E
C35CB8204A
C35C230A59
C35B8DF54D
C35AF8E123
C35A63CDDE
C359CEBB7C
C35939A9FD
C358A49962
C3580F89AA
C3577A7AD6
C356E56CE5
C356505FD8
C355BB53AE
C355264867
C354913E05
C353FC3485
C353672BE9
C352D22430
C3523D1D5B
C351A81769
C35113125B
C3507E0E30
C34FE90AE8
C34F540884
C34EBF0703
C34E2A0665
C34D9506AB
C34D0007D4
C34C6B09E1
C34BD60CD1
C34B4110A4
C34AAC155A
C34A171AF4
C349822171
C348ED28D1
C348583115
C347C33A3C
C3472E4446
C346994F33
C346045B04
C3456F67B7
C344DA754E
C3444583C9
C343B09326
C3431BA367
C34286B48B
C341F1C692
C3415CD97C
C340C7ED4A
C3403301FA
C33F9E178E
C33F092E05
C33E74455F
C33DDF5D9C
C33D4A76BD
C33CB590C0
C33C20ABA7
C33B8BC770
C33AF6E41D
C33A6201AD
C339CD2020
C339383F76
C338A35FAF
C3380E80CB
C33779A2CA
C336E4C5AC
C3364FE971
C335BB0E1A
C3352633A5
C334915A13
C333FC8164
C33367A999
C332D2D2B0
C3323DFCAA
C331A92787
C331145348
C3307F7FEB
C32FEAAD71
C32F55DBDA
C32EC10B26
C32E2C3B54
C32D976C66
C32D029E5B
C32C6DD132
C32BD904ED
C32B44398A
C32AAF6F0A
C32A1AA56D
C32985DCB3
C328F114DC
C3285C4DE8
C327C787D6
C32732C2A7
C3269DFE5B
C326093AF2
C32574786C
C324DFB6C8
C3244AF608
C323B6362A
C32321772E
C3228CB916
C321F7FBE0
C321633F8D
C320CE841D
C32039C990
C31FA50FE5
C31F10571D
C31E7B9F38
C31DE6E835
C31D523215
C31CBD7CD8
C31C28C87D
C31B941506
C31AFF6270
C31A6AB0BE
C319D5FFEE
C319415000
C318ACA0F6
C31817F2CE
C317834588
C316EE9925
C31659EDA5
C315C54308
C31530994C
C3149BF074
C31407487E
C31372A16B
C312DDFB3A
C3124955EC
C311B4B180
C311200DF6
C3108B6B50
C30FF6C98C
C30F6228AA
C30ECD88AB
C30E38E98E
C30DA44B54
C30D0FADFC
C30C7B1187
C30BE675F4
C30B51DB43
C30ABD4175
C30A28A88A
C309941081
C308FF795A
C3086AE316
C307D64DB4
C30741B934
C306AD2597
C3061892DC
C305840104
C304EF700E
C3045ADFFA
C303C650C9
C30331C27A
C3029D350D
C30208A883
C301741CDB
C300DF9215
C3004B0831
C2FFB67F30
C2FF21F711
C2FE8D6FD5
C2FDF8E97A
C2FD646402
C2FCCFDF6C
C2FC3B5BB9
C2FBA6D8E7
C2FB1256F8
C2FA7DD5EB
C2F9E955C1
C2F954D678
C2F8C05812
C2F82BDA8E
C2F7975DEC
C2F702E22C
C2F66E674E
C2F5D9ED53
C2F545743A
C2F4B0FC02
C2F41C84AD
C2F3880E3A
C2F2F398AA
C2F25F23FB
C2F1CAB02E
C2F1363D44
C2F0A1CB3B
C2F00D5A15
C2EF78E9D1
C2EEE47A6E
C2EE500BEE
C2EDBB9E50
C2ED273194
C2EC92C5BA
C2EBFE5AC2
C2EB69F0AC
C2EAD58778
C2EA411F26
C2E9ACB7B5
C2E9185127
C2E883EB7B
C2E7EF86B1
C2E75B22C9
C2E6C6BFC3
C2E6325D9E
C2E59DFC5C
C2E5099BFC
C2E4753C7D
C2E3E0DDE0
C2E34C8026
C2E2B8234D
C2E223C756
C2E18F6C41
C2E0FB120E
C2E066B8BC
C2DFD2604D
C2DF3E08BF
C2DEA9B214
C2DE155C4A
C2DD810762
C2DCECB35B
C2DC586037
C2DBC40DF4
C2DB2FBC93
C2DA9B6C14
C2DA071C77
C2D972CDBB
C2D8DE7FE1
C2D84A32E9
C2D7B5E6D3
C2D7219B9E
C2D68D514B
C2D5F907DA
C2D564BF4B
C2D4D0779D
C2D43C30D1
C2D3A7EAE7
C2D313A5DE
C2D27F61B7
C2D1EB1E72
C2D156DC0E
C2D0C29A8C
C2D02E59EC
C2CF9A1A2D
C2CF05DB50
C2CE719D54
C2CDDD603B
C2CD492402
C2CCB4E8AC
C2CC20AE37
C2CB8C74A3
C2CAF83BF1
C2CA640421
C2C9CFCD32
C2C93B9725
C2C8A761F9
C2C8132DAF
C2C77EFA46
C2C6EAC7BF
C2C6569619
C2C5C26555
C2C52E3572
C2C49A0671
C2C405D852
C2C371AB13
C2C2DD7EB7
C2C249533B
C2C1B528A1
C2C120FEE9
C2C08CD612
C2BFF8AE1C
C2BF648708
C2BED060D6
C2BE3C3B84
C2BDA81714
C2BD13F386
C2BC7FD0D8
C2BBEBAF0D
C2BB578E22
C2BAC36E19
C2BA2F4EF1
C2B99B30AB
C2B9071346
C2B872F6C2
C2B7DEDB1F
C2B74AC05E
C2B6B6A67E
C2B6228D80
C2B58E7562
C2B4FA5E26
C2B46647CC
C2B3D23252
C2B33E1DBA
C2B2AA0A03
C2B215F72D
C2B181E538
C2B0EDD425
C2B059C3F3
C2AFC5B4A2
C2AF31A632
C2AE9D98A4
C2AE098BF6
C2AD75802A
C2ACE1753F
C2AC4D6B35
C2ABB9620C
C2AB2559C5
C2AA91525E
C2A9FD4BD9
C2A9694635
C2A8D54172
C2A8413D90
C2A7AD3A8F
C2A719386F
C2A6853730
C2A5F136D3
C2A55D3756
C2A4C938BA
C2A4353B00
C2A3A13E26
C2A30D422E
C2A2794716
C2A1E54CE0
C2A151538B
C2A0BD5B16
C2A0296383
C29F956CD0
C29F0176FF
C29E6D820E
C29DD98DFF
C29D459AD0
C29CB1A883
C29C1DB716
C29B89C68A
C29AF5D6DF
C29A61E815
C299CDFA2C
C2993A0D24
C298A620FD
C2981235B6
C2977E4B51
C296EA61CC
C296567929
C295C29166
C2952EAA84
C2949AC482
C29406DF62
C29372FB22
C292DF17C4
C2924B3546
C291B753A8
C2912372EC
C2908F9310
C28FFBB415
C28F67D5FB
C28ED3F8C2
C28E401C69
C28DAC40F2
C28D18665B
C28C848CA4
C28BF0B3CE
C28B5CDBD9
C28AC904C5
C28A352E92
C289A1593F
C2890D84CD
C28879B13B
C287E5DE8A
C287520CBA
C286BE3BCA
C2862A6BBC
C285969C8D
C28502CE40
C2846F00D2
C283DB3446
C28347689A
C282B39DCF
C2821FD3E4
C2818C0ADA
C280F842B1
C280647B68
C27FD0B4FF
C27F3CEF77
C27EA92AD0
C27E156709
C27D81A423
C27CEDE21D
C27C5A20F8
C27BC660B3
C27B32A14F
C27A9EE2CB
C27A0B2528
C279776865
C278E3AC83
C2784FF181
C277BC375F
C277287E1E
C27694C5BE
C276010E3D
C2756D579E
C274D9A1DE
C27445ECFF
C273B23901
C2731E85E2
C2728AD3A5
C271F72247
C2716371CA
C270CFC22D
C2703C1371
C26FA86595
C26F14B899
C26E810C7D
C26DED6142
C26D59B6E7
C26CC60D6D
C26C3264D3
C26B9EBD19
C26B0B163F
C26A777046
C269E3CB2C
C2695026F3
C268BC839B
C26828E122
C267953F8A
C267019ED2
C2666DFEFA
C265DA6003
C26546C1EB
C264B324B4
C2641F885D
C2638BECE6
C262F8524F
C26264B899
C261D11FC3
C2613D87CC
C260A9F0B6
C260165A80
C25F82C52A
C25EEF30B4
C25E5B9D1F
C25DC80A69
C25D347894
C25CA0E79E
C25C0D5789
C25B79C854
C25AE639FE
C25A52AC89
C259BF1FF4
C2592B943F
C25898096A
C258047F75
C25770F660
C256DD6E2B
C25649E6D6
C255B66060
C25522DACB
C2548F5616
C253FBD241
C253684F4C
C252D4CD36
C252414C01
C251ADCBAC
C2511A4C36
C25086CDA1
C24FF34FEB
C24F5FD315
C24ECC571F
C24E38DC09
C24DA561D3
C24D11E87D
C24C7E7006
C24BEAF870
C24B5781B9
C24AC40BE2
C24A3096EB
C2499D22D4
C24909AF9C
C248763D45
C247E2CBCD
C2474F5B35
C246BBEB7D
C246287CA4
C245950EAB
C24501A193
C2446E3559
C243DACA00
C243475F86
C242B3F5EC
C242208D32
C2418D2557
C240F9BE5C
C240665841
C23FD2F306
C23F3F8EAA
C23EAC2B2E
C23E18C891
C23D8566D5
C23CF205F8
C23C5EA5FA
C23BCB46DC
C23B37E89E
C23AA48B3F
C23A112EC0
C2397DD321
C238EA7861
C238571E81
C237C3C580
C237306D5F
C2369D161E
C23609BFBC
C235766A39
C234E31596
C2344FC1D3
C233BC6EEF
C233291CEB
C23295CBC6
C232027B81
C2316F2C1B
C230DBDD95
C230488FEE
C22FB54327
C22F21F73F
C22E8EAC36
C22DFB620D
C22D6818C4
C22CD4D05A
C22C4188CF
C22BAE4224
C22B1AFC58
C22A87B76B
C229F4735E
C229613031
C228CDEDE2
C2283AAC73
C227A76BE4
C227142C34
C22680ED63
C225EDAF71
C2255A725F
C224C7362C
C22433FAD9
C223A0C064
C2230D86CF
C2227A4E1A
C221E71643
C22153DF4C
C220C0A934
C2202D73FC
C21F9A3FA3
C21F070C28
C21E73D98E
C21DE0A7D2
C21D4D76F6
C21CBA46F9
C21C2717DB
C21B93E99C
C21B00BC3C
C21A6D8FBC
C219DA641B
C219473959
C218B40F76
C21820E672
C2178DBE4E
C216FA9708
C2166770A2
C215D44B1B
C215412673
C214AE02AA
C2141ADFC0
C21387BDB5
C212F49C89
C212617C3D
C211CE5CCF
C2113B3E41
C210A82091
C2101503C1
C20F81E7D0
C20EEECCBD
C20E5BB28A
C20DC89936
C20D3580C0
C20CA2692A
C20C0F5273
C20B7C3C9B
C20AE927A1
C20A561387
C209C3004B
C2092FEDEF
C2089CDC71
C20809CBD3
C20776BC13
C206E3AD33
C206509F31
C205BD920E
C2052A85CA
C204977A65
C204046FDF
C203716637
C202DE5D6F
C2024B5585
C201B84E7A
C20125484E
C200924301
C1FFFF3E93
C1FF6C3B04
C1FED93853
C1FE463681
C1FDB3358E
C1FD20357A
C1FC8D3644
C1FBFA37EE
C1FB673A76
C1FAD43DDD
C1FA414222
C1F9AE4747
C1F91B4D4A
C1F888542B
C1F7F55BEC
C1F762648B
C1F6CF6E09
C1F63C7866
C1F5A983A1
C1F5168FBB
C1F4839CB4
C1F3F0AA8B
C1F35DB941
C1F2CAC8D6
C1F237D949
C1F1A4EA9B
C1F111FCCB
C1F07F0FDB
C1EFEC23C8
C1EF593895
C1EEC64E40
C1EE3364C9
C1EDA07C32
C1ED0D9478
C1EC7AAD9E
C1EBE7C7A1
C1EB54E284
C1EAC1FE45
C1EA2F1AE4
C1E99C3862
C1E90956BF
C1E87675FA
C1E7E39613
C1E750B70B
C1E6BDD8E2
C1E62AFB97
C1E5981F2A
C1E505439C
C1E47268ED
C1E3DF8F1C
C1E34CB629
C1E2B9DE15
C1E22706DF
C1E1943087
C1E1015B0E
C1E06E8674
C1DFDBB2B8
C1DF48DFDA
C1DEB60DDA
C1DE233CB9
C1DD906C77
C1DCFD9D12
C1DC6ACE8C
C1DBD800E5
C1DB45341B
C1DAB26830
C1DA1F9D24
C1D98CD2F5
C1D8FA09A5
C1D8674133
C1D7D479A0
C1D741B2EB
C1D6AEED14
C1D61C281B
C1D5896401
C1D4F6A0C5
C1D463DE67
C1D3D11CE7
C1D33E5C46
C1D2AB9C82
C1D218DD9D
C1D1861F96
C1D0F3626E
C1D060A623
C1CFCDEAB7
C1CF3B3029
C1CEA87679
C1CE15BDA7
C1CD8305B4
C1CCF04E9E
C1CC5D9867
C1CBCAE30E
C1CB382E93
C1CAA57AF6
C1CA12C837
C1C9801656
C1C8ED6553
C1C85AB52F
C1C7C805E8
C1C7355780
C1C6A2A9F5
C1C60FFD49
C1C57D517B
C1C4EAA68A
C1C457FC78
C1C3C55344
C1C332AAEE
C1C2A00375
C1C20D5CDB
C1C17AB71F
C1C0E81241
C1C0556E40
C1BFC2CB1E
C1BF3028DA
C1BE9D8773
C1BE0AE6EB
C1BD784740
C1BCE5A874
C1BC530A85
C1BBC06D74
C1BB2DD141
C1BA9B35EC
C1BA089B75
C1B97601DC
C1B8E36920
C1B850D143
C1B7BE3A43
C1B72BA422
C1B6990EDE
C1B6067A77
C1B573E6EF
C1B4E15445
C1B44EC278
C1B3BC3189
C1B329A178
C1B2971245
C1B20483EF
C1B171F678
C1B0DF69DE
C1B04CDE22
C1AFBA5343
C1AF27C942
C1AE95401F
C1AE02B7DA
C1AD703073
C1ACDDA9E9
C1AC4B243D
C1ABB89F6E
C1AB261B7E
C1AA93986B
C1AA011635
C1A96E94DE
C1A8DC1463
C1A84994C7
C1A7B71608
C1A7249827
C1A6921B24
C1A5FF9EFE
C1A56D23B6
C1A4DAA94B
C1A4482FBE
C1A3B5B70E
C1A3233F3C
C1A290C848
C1A1FE5231
C1A16BDCF8
C1A0D9689D
C1A046F51E
C19FB4827E
C19F2210BB
C19E8F9FD5
C19DFD2FCD
C19D6AC0A3
C19CD85256
C19C45E4E6
C19BB37854
C19B210CA0
C19A8EA1C9
C199FC37CF
C19969CEB3
C198D76674
C19844FF13
C197B2988F
C1972032E8
C1968DCE1F
C195FB6A34
C195690725
C194D6A4F4
C1944443A1
C193B1E32B
C1931F8392
C1928D24D7
C191FAC6F9
C1916869F8
C190D60DD5
C19043B28F
C18FB15826
C18F1EFE9A
C18E8CA5EC
C18DFA4E1C
C18D67F728
C18CD5A112
C18C434BD9
C18BB0F77D
C18B1EA3FF
C18A8C515E
C189F9FF9A
C18967AEB3
C188D55EA9
C188430F7D
C187B0C12E
C1871E73BC
C1868C2728
C185F9DB70
C185679096
C184D54699
C18442FD79
C183B0B536
C1831E6DD1
C1828C2748
C181F9E19D
C181679CCF
C180D558DD
C1804315CA
C17FB0D393
C17F1E9239
C17E8C51BC
C17DFA121D
C17D67D35A
C17CD59575
C17C43586C
C17BB11C41
C17B1EE0F3
C17A8CA681
C179FA6CED
C179683436
C178D5FC5C
C17843C55F
C177B18F3E
C1771F59FB
C1768D2595
C175FAF20C
C17568BF5F
C174D68D90
C174445C9E
C173B22C88
C1731FFD50
C1728DCEF4
C171FBA176
C1716974D4
C170D7490F
C170451E27
C16FB2F41C
C16F20CAEE
C16E8EA29D
C16DFC7B29
C16D6A5491
C16CD82ED6
C16C4609F9
C16BB3E5F8
C16B21C2D3
C16A8FA08C
C169FD7F22
C1696B5E94
C168D93EE3
C16847200F
C167B50218
C16722E4FD
C16690C8BF
C165FEAD5E
C1656C92DA
C164DA7932
C164486068
C163B6487A
C163243168
C162921B34
C1620005DC
C1616DF161
C160DBDDC2
C16049CB00
C15FB7B91B
C15F25A813
C15E9397E7
C15E018898
C15D6F7A25
C15CDD6C8F
C15C4B5FD6
C15BB953F9
C15B2748F9
C15A953ED6
C15A03358F
C159712D25
C158DF2597
C1584D1EE6
C157BB1912
C15729141A
C156970FFF
C156050CC0
C155730A5E
C154E108D8
C1544F082F
C153BD0862
C1532B0972
C152990B5E
C152070E27
C1517511CC
C150E3164E
C150511BAD
C14FBF21E7
C14F2D28FE
C14E9B30F2
C14E0939C2
C14D77436F
C14CE54DF8
C14C53595D
C14BC1659F
C14B2F72BD
C14A9D80B8
C14A0B8F8E
C149799F42
C148E7AFD2
C14855C13E
C147C3D386
C14731E6AB
C1469FFAAC
C1460E0F89
C1457C2543
C144EA3BD9
C14458534C
C143C66B9A
C1433484C5
C142A29ECD
C14210B9B0
C1417ED570
C140ECF20C
C1405B0F85
C13FC92DD9
C13F374D0A
C13EA56D17
C13E138E01
C13D81AFC6
C13CEFD268
C13C5DF5E6
C13BCC1A40
C13B3A3F77
C13AA86589
C13A168C78
C13984B443
C138F2DCEA
C13861066D
C137CF30CD
C1373D5C08
C136AB8820
C13619B513
C13587E2E3
C134F6118F
C134644117
C133D2717B
C13340A2BC
C132AED4D8
C1321D07D0
C1318B3BA5
C130F97055
C13067A5E2
C12FD5DC4A
C12F44138F
C12EB24BB0
C12E2084AC
C12D8EBE85
C12CFCF93A
C12C6B34CA
C12BD97137
C12B47AE80
C12AB5ECA4
C12A242BA5
C129926B81
C12900AC3A
C1286EEDCE
C127DD303E
C1274B738B
C126B9B7B3
C12627FCB7
C125964297
C125048953
C12472D0EA
C123E1195E
C1234F62AE
C122BDACD9
C1222BF7E0
C1219A43C3
C121089082
C12076DE1D
C11FE52C93
C11F537BE6
C11EC1CC14
C11E301D1E
C11D9E6F04
C11D0CC1C5
C11C7B1563
C11BE969DC
C11B57BF31
C11AC61561
C11A346C6E
C119A2C456
C119111D1A
C1187F76B9
C117EDD135
C1175C2C8C
C116CA88BF
C11638E5CD
C115A743B7
C11515A27D
C11484021E
C113F2629B
C11360C3F4
C112CF2629
C1123D8939
C111ABED25
C1111A51EC
C11088B78F
C10FF71E0E
C10F658568
C10ED3ED9E
C10E4256AF
C10DB0C09C
C10D1F2B64
C10C8D9709
C10BFC0388
C10B6A70E3
C10AD8DF1A
C10A474E2C
C109B5BE1A
C109242EE4
C10892A089
C108011309
C1076F8665
C106DDFA9C
C1064C6FAF
C105BAE59D
C105295C67
C10497D40C
C104064C8D
C10374C5E9
C102E34021
C10251BB34
C101C03722
C1012EB3EC
C1009D3192
C1000BB012
C0FF7A2F6E
C0FEE8AFA6
C0FE5730B9
C0FDC5B2A7
C0FD343570
C0FCA2B915
C0FC113D96
C0FB7FC2F1
C0FAEE4928
C0FA5CD03A
C0F9CB5828
C0F939E0F1
C0F8A86A95
C0F816F515
C0F785806F
C0F6F40CA5
C0F66299B7
C0F5D127A3
C0F53FB66B
C0F4AE460E
C0F41CD68D
C0F38B67E6
C0F2F9FA1B
C0F2688D2B
C0F1D72116
C0F145B5DD
C0F0B44B7E
C0F022E1FB
C0EF917953
C0EF001186
C0EE6EAA95
C0EDDD447E
C0ED4BDF43
C0ECBA7AE3
C0EC29175E
C0EB97B4B4
C0EB0652E5
C0EA74F1F1
C0E9E391D9
C0E952329B
C0E8C0D439
C0E82F76B1
C0E79E1A05
C0E70CBE34
C0E67B633E
C0E5EA0923
C0E558AFE3
C0E4C7577E
C0E435FFF4
C0E3A4A945
C0E3135371
C0E281FE78
C0E1F0AA5A
C0E15F5717
C0E0CE04AF
C0E03CB322
C0DFAB6270
C0DF1A1299
C0DE88C39D
C0DDF7757C
C0DD662836
C0DCD4DBCB
C0DC43903A
C0DBB24585
C0DB20FBAB
C0DA8FB2AB
C0D9FE6A86
C0D96D233C
C0D8DBDCCE
C0D84A9739
C0D7B95280
C0D7280EA2
C0D696CB9E
C0D6058976
C0D5744828
C0D4E307B5
C0D451C81D
C0D3C0895F
C0D32F4B7D
C0D29E0E75
C0D20CD248
C0D17B96F6
C0D0EA5C7F
C0D05922E2
C0CFC7EA20
C0CF36B239
C0CEA57B2C
C0CE1444FB
C0CD830FA4
C0CCF1DB28
C0CC60A786
C0CBCF74BF
C0CB3E42D3
C0CAAD11C2
C0CA1BE18B
C0C98AB22F
C0C8F983AE
C0C8685607
C0C7D7293B
C0C745FD4A
C0C6B4D233
C0C623A7F7
C0C5927E95
C0C501560E
C0C4702E62
C0C3DF0790
C0C34DE199
C0C2BCBC7C
C0C22B983B
C0C19A74D3
C0C1095246
C0C0783094
C0BFE70FBC
C0BF55EFBF
C0BEC4D09D
C0BE33B254
C0BDA294E7
C0BD117854
C0BC805C9B
C0BBEF41BD
C0BB5E27B9
C0BACD0E90
C0BA3BF642
C0B9AADECD
C0B919C834
C0B888B274
C0B7F79D90
C0B7668985
C0B6D57655
C0B6446400
C0B5B35284
C0B52241E4
C0B491321D
C0B4002331
C0B36F1520
C0B2DE07E9
C0B24CFB8C
C0B1BBF009
C0B12AE561
C0B099DB93
C0B008D2A0
C0AF77CA87
C0AEE6C348
C0AE55BCE4
C0ADC4B759
C0AD33B2A9
C0ACA2AED4
C0AC11ABD9
C0AB80A9B8
C0AAEFA871
C0AA5EA804
C0A9CDA872
C0A93CA9BA
C0A8ABABDC
C0A81AAED9
C0A789B2B0
C0A6F8B760
C0A667BCEC
C0A5D6C351
C0A545CA90
C0A4B4D2AA
C0A423DB9E
C0A392E56C
C0A301F014
C0A270FB97
C0A1E007F3
C0A14F152A
C0A0BE233B
C0A02D3226
C09F9C41EB
C09F0B528A
C09E7A6403
C09DE97656
C09D588984
C09CC79D8B
C09C36B26D
C09BA5C829
C09B14DEBE
C09A83F62E
C099F30E78
C09962279C
C098D1419A
C098405C72
C097AF7823
C0971E94AF
C0968DB215
C095FCD055
C0956BEF6F
C094DB0F63
C0944A3031
C093B951D9
C09328745A
C0929797B6
C09206BBEC
C09175E0FB
C090E506E5
C090542DA8
C08FC35545
C08F327DBD
C08EA1A70E
C08E10D139
C08D7FFC3E
C08CEF281C
C08C5E54D5
C08BCD8267
C08B3CB0D4
C08AABE01A
C08A1B103A
C0898A4134
C088F97307
C08868A5B5
C087D7D93C
C087470D9D
C086B642D8
C0862578ED
C08594AFDB
C08503E7A3
C084732045
C083E259C1
C083519416
C082C0CF45
C082300B4E
C0819F4831
C0810E85ED
C0807DC483
C07FED03F3
C07F5C443C
C07ECB855F
C07E3AC75C
C07DAA0A32
C07D194DE2
C07C88926C
C07BF7D7CF
C07B671E0D
C07AD66523
C07A45AD13
C079B4F5DD
C079243F81
C0789389FE
C07802D555
C077722185
C076E16E8F
C07650BC72
C075C00B2F
C0752F5AC6
C0749EAB36
C0740DFC7F
C0737D4EA3
C072ECA19F
C0725BF576
C071CB4A25
C0713A9FAF
C070A9F611
C070194D4D
C06F88A563
C06EF7FE52
C06E67581B
C06DD6B2BD
C06D460E39
C06CB56A8E
C06C24C7BC
C06B9425C4
C06B0384A5
C06A72E460
C069E244F4
C06951A662
C068C108A8
C068306BC9
C0679FCFC2
C0670F3495
C0667E9A42
C065EE00C7
C0655D6827
C064CCD05F
C0643C3971
C063ABA35C
C0631B0E20
C0628A79BE
C061F9E635
C061695385
C060D8C1AF
C0604830B2
C05FB7A08E
C05F271143
C05E9682D2
C05E05F53A
C05D75687B
C05CE4DC95
C05C545189
C05BC3C756
C05B333DFC
C05AA2B57B
C05A122DD3
C05981A705
C058F12110
C058609BF4
C057D017B1
C0573F9447
C056AF11B7
C0561E8FFF
C0558E0F21
C054FD8F1C
C0546D0FF0
C053DC919D
C0534C1423
C052BB9783
C0522B1BBB
C0519AA0CD
C0510A26B7
C05079AD7B
C04FE93518
C04F58BD8D
C04EC846DC
C04E37D104
C04DA75C05
C04D16E7DF
C04C867492
C04BF6021E
C04B659083
C04AD51FC1
C04A44AFD8
C049B440C8
C04923D290
C048936532
C04802F8AD
C047728D01
C046E2222E
C04651B833
C045C14F12
C04530E6C9
C044A07F5A
C0441018C3
C0437FB305
C042EF4E20
C0425EEA14
C041CE86E1
C0413E2487
C040ADC305
C0401D625D
C03F8D028D
C03EFCA396
C03E6C4578
C03DDBE833
C03D4B8BC7
C03CBB3033
C03C2AD578
C03B9A7B96
C03B0A228D
C03A79CA5D
C039E97305
C039591C86
C038C8C6E0
C038387213
C037A81E1E
C03717CB02
C0368778BF
C035F72754
C03566D6C3
C034D6870A
C034463829
C033B5EA22
C033259CF3
C03295509C
C03205051F
C03174BA7A
C030E470AD
C0305427BA
C02FC3DF9F
C02F33985C
C02EA351F2
C02E130C61
C02D82C7A9
C02CF283C9
C02C6240C1
C02BD1FE93
C02B41BD3C
C02AB17CBF
C02A213D1A
C02990FE4D
C02900C059
C02870833E
C027E046FB
C027500B90
C026BFD0FF
C0262F9745
C0259F5E64
C0250F265C
C0247EEF2C
C023EEB8D5
C0235E8356
C022CE4EB0
C0223E1AE2
C021ADE7EC
C0211DB5CF
C0208D848A
C01FFD541E
C01F6D248A
C01EDCF5CF
C01E4CC7EC
C01DBC9AE2
C01D2C6EAF
C01C9C4356
C01C0C18D4
C01B7BEF2B
C01AEBC65B
C01A5B9E62
C019CB7742
C0193B50FB
C018AB2B8B
C0181B06F4
C0178AE336
C016FAC04F
C0166A9E41
C015DA7D0C
C0154A5CAE
C014BA3D29
C0142A1E7C
C0139A00A7
C01309E3AB
C01279C787
C011E9AC3B
C0115991C7
C010C9782C
C010395F69
C00FA9477E
C00F19306B
C00E891A30
C00DF904CE
C00D68F044
C00CD8DC92
C00C48C9B8
C00BB8B7B6
C00B28A68D
C00A98963B
C00A0886C2
C009787821
C008E86A58
C008585D67
C007C8514E
C00738460E
C006A83BA5
C006183215
C00588295C
C004F8217C
C004681A74
C003D81443
C003480EEB
C002B80A6B
C0022806C3
C0019803F3
C0010801FB
C0007800DB
BFFFE80093
BFFF580123
BFFEC8028B
BFFE3804CB
BFFDA807E3
BFFD180BD3
BFFC88109B
BFFBF8163B
BFFB681CB2
BFFAD82402
BFFA482C2A
BFF9B83529
BFF9283F01
BFF89849B0
BFF8085537
BFF7786197
BFF6E86ECE
BFF6587CDD
BFF5C88BC4
BFF5389B82
BFF4A8AC19
BFF418BD87
BFF388CFCD
BFF2F8E2EC
BFF268F6E1
BFF1D90BAF
BFF1492155
BFF0B937D2
BFF0294F27
BFEF996754
BFEF098059
BFEE799A35
BFEDE9B4EA
BFED59D076
BFECC9ECDA
BFEC3A0A15
BFEBAA2828
BFEB1A4713
BFEA8A66D6
BFE9FA8771
BFE96AA8E3
BFE8DACB2D
BFE84AEE4E
BFE7BB1247
BFE72B3718
BFE69B5CC1
BFE60B8341
BFE57BAA99
BFE4EBD2C9
BFE45BFBD0
BFE3CC25AF
BFE33C5065
BFE2AC7BF3
BFE21CA859
BFE18CD597
BFE0FD03AB
BFE06D3298
BFDFDD625C
BFDF4D92F8
BFDEBDC46B
BFDE2DF6B6
BFDD9E29D8
BFDD0E5DD2
BFDC7E92A4
BFDBEEC84C
BFDB5EFECD
BFDACF3625
BFDA3F6E55
BFD9AFA75C
BFD91FE13A
BFD8901BF0
BFD800577E
BFD77093E3
BFD6E0D11F
BFD6510F33
BFD5C14E1E
BFD5318DE1
BFD4A1CE7B
BFD4120FED
BFD3825236
BFD2F29557
BFD262D94E
BFD1D31E1E
BFD14363C4
BFD0B3AA43
BFD023F198
BFCF9439C5
BFCF0482C9
BFCE74CCA4
BFCDE51757
BFCD5562E2
BFCCC5AF43
BFCC35FC7C
BFCBA64A8C
BFCB169974
BFCA86E933
BFC9F739C9
BFC9678B36
BFC8D7DD7B
BFC8483097
BFC7B8848A
BFC728D954
BFC6992EF6
BFC609856F
BFC579DCBF
BFC4EA34E7
BFC45A8DE5
BFC3CAE7BB
BFC33B4268
BFC2AB9DED
BFC21BFA48
BFC18C577B
BFC0FCB585
BFC06D1466
BFBFDD741E
BFBF4DD4AD
BFBEBE3614
BFBE2E9851
BFBD9EFB66
BFBD0F5F52
BFBC7FC415
BFBBF029AF
BFBB609020
BFBAD0F769
BFBA415F88
BFB9B1C87E
BFB922324C
BFB8929CF1
BFB803086C
BFB77374BF
BFB6E3E1E9
BFB6544FEA
BFB5C4BEC1
BFB5352E70
BFB4A59EF6
BFB4161053
BFB3868287
BFB2F6F592
BFB2676974
BFB1D7DE2D
BFB14853BC
BFB0B8CA23
BFB0294161
BFAF99B976
BFAF0A3261
BFAE7AAC24
BFADEB26BD
BFAD5BA22E
BFACCC1E75
BFAC3C9B93
BFABAD1988
BFAB1D9854
BFAA8E17F7
BFA9FE9871
BFA96F19C2
BFA8DF9BE9
BFA8501EE8
BFA7C0A2BD
BFA7312769
BFA6A1ACEC
BFA6123345
BFA582BA76
BFA4F3427D
BFA463CB5B
BFA3D45510
BFA344DF9C
BFA2B56AFF
BFA225F738
BFA1968448
BFA107122F
BFA077A0EC
BF9FE83080
BF9F58C0EB
BF9EC9522D
BF9E39E446
BF9DAA7735
BF9D1B0AFB
BF9C8B9F97
BF9BFC350B
BF9B6CCB54
BF9ADD6275
BF9A4DFA6C
BF99BE933A
BF992F2CDF
BF989FC75A
BF981062AC
BF9780FED5
BF96F19BD4
BF966239AA
BF95D2D856
BF954377D9
BF94B41833
BF9424B963
BF93955B6A
BF9305FE47
BF9276A1FB
BF91E74685
BF9157EBE6
BF90C8921E
BF9039392C
BF8FA9E111
BF8F1A89CC
BF8E8B335D
BF8DFBDDC6
BF8D6C8904
BF8CDD3519
BF8C4DE205
BF8BBE8FC7
BF8B2F3E60
BF8A9FEDCF
BF8A109E14
BF89814F30
BF88F20123
BF8862B3EC
BF87D3678B
BF87441C00
BF86B4D14D
BF8625876F
BF85963E68
BF8506F637
BF8477AEDD
BF83E86859
BF835922AB
BF82C9DDD4
BF823A99D3
BF81AB56A9
BF811C1455
BF808CD2D7
BF7FFD922F
BF7F6E525E
BF7EDF1363
BF7E4FD53F
BF7DC097F0
BF7D315B78
BF7CA21FD7
BF7C12E50B
BF7B83AB16
BF7AF471F7
BF7A6539AE
BF79D6023C
BF7946CBA0
BF78B795DA
BF782860EA
BF77992CD0
BF7709F98D
BF767AC720
BF75EB9589
BF755C64C8
BF74CD34DE
BF743E05C9
BF73AED78B
BF731FAA23
BF72907D91
BF720151D5
BF717226EF
BF70E2FCE0
BF7053D3A6
BF6FC4AB43
BF6F3583B6
BF6EA65CFF
BF6E17371E
BF6D881213
BF6CF8EDDE
BF6C69CA7F
BF6BDAA7F6
BF6B4B8644
BF6ABC6567
BF6A2D4560
BF699E2630
BF690F07D5
BF687FEA51
BF67F0CDA2
BF6761B1CA
BF66D296C7
BF66437C9B
BF65B46344
BF65254AC3
BF64963319
BF64071C44
BF63780645
BF62E8F11D
BF6259DCCA
BF61CAC94D
BF613BB6A6
BF60ACA4D5
BF601D93DA
BF5F8E83B4
BF5EFF7465
BF5E7065EB
BF5DE15848
BF5D524B7A
BF5CC33F82
BF5C343460
BF5BA52A14
BF5B16209E
BF5A8717FD
BF59F81032
BF5969093E
BF58DA031F
BF584AFDD5
BF57BBF962
BF572CF5C4
BF569DF2FC
BF560EF10A
BF557FEFEE
BF54F0EFA7
BF5461F036
BF53D2F19B
BF5343F3D6
BF52B4F6E6
BF5225FACC
BF5196FF88
BF5108051A
BF50790B81
BF4FEA12BE
BF4F5B1AD1
BF4ECC23B9
BF4E3D2D77
BF4DAE380A
BF4D1F4374
BF4C904FB3
BF4C015CC7
BF4B726AB2
BF4AE37971
BF4A548907
BF49C59972
BF4936AAB3
BF48A7BCC9
BF4818CFB5
BF4789E376
BF46FAF80D
BF466C0D7A
BF45DD23BC
BF454E3AD4
BF44BF52C1
BF44306B84
BF43A1851C
BF43129F8A
BF4283BACE
BF41F4D6E6
BF4165F3D5
BF40D71199
BF40483032
BF3FB94FA1
BF3F2A6FE5
BF3E9B90FF
BF3E0CB2EE
BF3D7DD5B3
BF3CEEF94D
BF3C601DBD
BF3BD14302
BF3B42691D
BF3AB3900C
BF3A24B7D2
BF3995E06C
BF390709DD
BF38783422
BF37E95F3D
BF375A8B2D
BF36CBB7F3
BF363CE58E
BF35AE13FE
BF351F4344
BF3490735F
BF3401A44F
BF3372D615
BF32E408B0
BF32553C20
BF31C67065
BF3137A580
BF30A8DB70
BF301A1236
BF2F8B49D1
BF2EFC8240
BF2E6DBB86
BF2DDEF5A0
BF2D503090
BF2CC16C55
BF2C32A8EF
BF2BA3E65E
BF2B1524A3
BF2A8663BD
BF29F7A3AC
BF2968E470
BF28DA2609
BF284B6878
BF27BCABBC
BF272DEFD4
BF269F34C2
BF26107A86
BF2581C11E
BF24F3088B
BF246450CE
BF23D599E6
BF2346E3D3
BF22B82E94
BF22297A2B
BF219AC698
BF210C13D9
BF207D61EF
BF1FEEB0DA
BF1F60009B
BF1ED15130
BF1E42A29B
BF1DB3F4DA
BF1D2547EF
BF1C969BD8
BF1C07F097
BF1B79462A
BF1AEA9C93
BF1A5BF3D0
BF19CD4BE3
BF193EA4CB
BF18AFFE87
BF18215919
BF1792B47F
BF170410BA
BF16756DCB
BF15E6CBB0
BF15582A6A
BF14C989F9
BF143AEA5D
BF13AC4B96
BF131DADA4
BF128F1087
BF1200743F
BF1171D8CB
BF10E33E2C
BF1054A463
BF0FC60B6E
BF0F37734E
BF0EA8DC02
BF0E1A458C
BF0D8BAFEA
BF0CFD1B1E
BF0C6E8726
BF0BDFF403
BF0B5161B4
BF0AC2D03B
BF0A343F96
BF09A5AFC6
BF091720CB
BF088892A4
BF07FA0553
BF076B78D6
BF06DCED2D
BF064E625A
BF05BFD85B
BF05314F31
BF04A2C6DC
BF04143F5B
BF0385B8AF
BF02F732D8
BF0268ADD5
BF01DA29A8
BF014BA64E
BF00BD23CA
BF002EA21A
BEFFA0213F
BEFF11A138
BEFE832206
BEFDF4A3A9
BEFD662620
BEFCD7A96C
BEFC492D8C
BEFBBAB281
BEFB2C384B
BEFA9DBEE9
BEFA0F465C
BEF980CEA3
BEF8F257BF
BEF863E1B0
BEF7D56C75
BEF746F80E
BEF6B8847C
BEF62A11BF
BEF59B9FD6
BEF50D2EC1
BEF47EBE82
BEF3F04F16
BEF361E07F
BEF2D372BD
BEF24505CF
BEF1B699B5
BEF1282E70
BEF099C400
BEF00B5A64
BEEF7CF19C
BEEEEE89A9
BEEE60228A
BEEDD1BC3F
BEED4356C9
BEECB4F228
BEEC268E5A
BEEB982B61
BEEB09C93D
BEEA7B67ED
BEE9ED0771
BEE95EA7CA
BEE8D048F6
BEE841EAF8
BEE7B38DCD
BEE7253177
BEE696D5F6
BEE6087B48
BEE57A216F
BEE4EBC86A
BEE45D703A
BEE3CF18DD
BEE340C255
BEE2B26CA2
BEE22417C2
BEE195C3B7
BEE1077080
BEE0791E1D
BEDFEACC8F
BEDF5C7BD4
BEDECE2BEE
BEDE3FDCDC
BEDDB18E9F
BEDD234135
BEDC94F4A0
BEDC06A8DF
BEDB785DF2
BEDAEA13D9
BEDA5BCA95
BED9CD8224
BED93F3A88
BED8B0F3C0
BED822ADCC
BED79468AC
BED7062460
BED677E0E9
BED5E99E45
BED55B5C76
BED4CD1B7A
BED43EDB53
BED3B09C00
BED3225D80
BED2941FD5
BED205E2FE
BED177A6FB
BED0E96BCC
BED05B3171
BECFCCF7EA
BECF3EBF37
BECEB08759
BECE22504E
BECD941A17
BECD05E4B4
BECC77B025
BECBE97C6A
BECB5B4983
BECACD1770
BECA3EE631
BEC9B0B5C5
BEC922862E
BEC894576B
BEC806297C
BEC777FC60
BEC6E9D018
BEC65BA4A5
BEC5CD7A05
BEC53F5039
BEC4B12741
BEC422FF1D
BEC394D7CD
BEC306B150
BEC2788BA8
BEC1EA66D3
BEC15C42D2
BEC0CE1FA5
BEC03FFD4C
BEBFB1DBC6
BEBF23BB14
BEBE959B37
BEBE077C2D
BEBD795DF6
BEBCEB4094
BEBC5D2405
BEBBCF084A
BEBB40ED63
BEBAB2D34F
BEBA24BA10
BEB996A1A4
BEB9088A0B
BEB87A7347
BEB7EC5D56
BEB75E4839
BEB6D033EF
BEB642207A
BEB5B40DD8
BEB525FC09
BEB497EB0E
BEB409DAE7
BEB37BCB94
BEB2EDBD14
BEB25FAF68
BEB1D1A290
BEB143968B
BEB0B58B59
BEB02780FC
BEAF997772
BEAF0B6EBB
BEAE7D66D8
BEADEF5FC9
BEAD61598D
BEACD35425
BEAC454F91
BEABB74BD0
BEAB2948E2
BEAA9B46C8
BEAA0D4582
BEA97F450F
BEA8F1456F
BEA86346A4
BEA7D548AB
BEA7474B86
BEA6B94F35
BEA62B53B7
BEA59D590D
BEA50F5F36
BEA4816632
BEA3F36E02
BEA36576A5
BEA2D7801C
BEA2498A66
BEA1BB9584
BEA12DA175
BEA09FAE3A
BEA011BBD2
BE9F83CA3D
BE9EF5D97C
BE9E67E98E
BE9DD9FA73
BE9D4C0C2C
BE9CBE1EB8
BE9C303217
BE9BA2464A
BE9B145B50
BE9A86712A
BE99F887D7
BE996A9F57
BE98DCB7AA
BE984ED0D1
BE97C0EACB
BE97330598
BE96A52139
BE96173DAD
BE95895AF4
BE94FB790E
BE946D97FC
BE93DFB7BD
BE9351D851
BE92C3F9B8
BE92361BF3
BE91A83F01
BE911A62E2
BE908C8796
BE8FFEAD1D
BE8F70D378
BE8EE2FAA6
BE8E5522A7
BE8DC74B7B
BE8D397522
BE8CAB9F9C
BE8C1DCAEA
BE8B8FF70A
BE8B0223FE
BE8A7451C5
BE89E6805F
BE8958AFCC
BE88CAE00C
BE883D1120
BE87AF4306
BE872175C0
BE8693A94C
BE8605DDAC
BE857812DE
BE84EA48E4
BE845C7FBD
BE83CEB769
BE8340EFE7
BE82B32939
BE8225635E
BE81979E56
BE8109DA21
BE807C16BF
BE7FEE542F
BE7F609273
BE7ED2D18A
BE7E451174
BE7DB75230
BE7D2993C0
BE7C9BD623
BE7C0E1958
BE7B805D60
BE7AF2A23C
BE7A64E7EA
BE79D72E6B
BE794975BF
BE78BBBDE6
BE782E06E0
BE77A050AD
BE77129B4C
BE7684E6BF
BE75F73304
BE7569801C
BE74DBCE07
BE744E1CC5
BE73C06C55
BE7332BCB9
BE72A50DEF
BE72175FF8
BE7189B2D4
BE70FC0683
BE706E5B04
BE6FE0B058
BE6F53067F
BE6EC55D79
BE6E37B545
BE6DAA0DE5
BE6D1C6757
BE6C8EC19B
BE6C011CB3
BE6B73789D
BE6AE5D55A
BE6A5832E9
BE69CA914C
BE693CF081
BE68AF5088
BE6821B162
BE6794130F
BE6706758F
BE6678D8E1
BE65EB3D06
BE655DA1FE
BE64D007C8
BE64426E65
BE63B4D5D4
BE63273E16
BE6299A72B
BE620C1112
BE617E7BCC
BE60F0E758
BE606353B7
BE5FD5C0E9
BE5F482EED
BE5EBA9DC4
BE5E2D0D6D
BE5D9F7DE9
BE5D11EF37
BE5C846158
BE5BF6D44B
BE5B694811
BE5ADBBCA9
BE5A4E3214
BE59C0A851
BE59331F61
BE58A59743
BE58180FF8
BE578A897F
BE56FD03D9
BE566F7F05
BE55E1FB04
BE555477D5
BE54C6F578
BE543973EE
BE53ABF336
BE531E7351
BE5290F43E
BE520375FD
BE5175F88F
BE50E87BF3
BE505B0029
BE4FCD8532
BE4F400B0E
BE4EB291BB
BE4E25193B
BE4D97A18D
BE4D0A2AB2
BE4C7CB4A9
BE4BEF3F72
BE4B61CB0D
BE4AD4577B
BE4A46E4BB
BE49B972CE
BE492C01B2
BE489E9169
BE481121F2
BE4783B34E
BE46F6457B
BE4668D87B
BE45DB6C4D
BE454E00F2
BE44C09668
BE44332CB1
BE43A5C3CC
BE43185BB9
BE428AF479
BE41FD8E0A
BE4170286E
BE40E2C3A4
BE40555FAC
BE3FC7FC86
BE3F3A9A32
BE3EAD38B1
BE3E1FD801
BE3D927824
BE3D051919
BE3C77BAE0
BE3BEA5D79
BE3B5D00E4
BE3ACFA521
BE3A424A30
BE39B4F012
BE392796C5
BE389A3E4B
BE380CE6A2
BE377F8FCC
BE36F239C8
BE3664E495
BE35D79035
BE354A3CA7
BE34BCE9EA
BE342F9800
BE33A246E8
BE3314F6A1
BE3287A72D
BE31FA588B
BE316D0ABA
BE30DFBDBC
BE30527190
BE2FC52635
BE2F37DBAC
BE2EAA91F6
BE2E1D4911
BE2D9000FE
BE2D02B9BD
BE2C75734E
BE2BE82DB1
BE2B5AE8E6
BE2ACDA4ED
BE2A4061C5
BE29B31F70
BE2925DDEC
BE28989D3A
BE280B5D5A
BE277E1E4C
BE26F0E00F
BE2663A2A5
BE25D6660C
BE25492A45
BE24BBEF50
BE242EB52C
BE23A17BDB
BE2314435B
BE22870BAD
BE21F9D4D1
BE216C9EC6
BE20DF698E
BE20523527
BE1FC50192
BE1F37CECE
BE1EAA9CDC
BE1E1D6BBC
BE1D903B6E
BE1D030BF1
BE1C75DD46
BE1BE8AF6D
BE1B5B8265
BE1ACE562F
BE1A412ACB
BE19B40039
BE1926D678
BE1899AD88
BE180C856B
BE177F5E1F
BE16F237A4
BE166511FB
BE15D7ED24
BE154AC91F
BE14BDA5EB
BE14308388
BE13A361F7
BE13164138
BE1289214A
BE11FC022E
BE116EE3E4
BE10E1C66B
BE1054A9C3
BE0FC78DED
BE0F3A72E9
BE0EAD58B6
BE0E203F55
BE0D9326C5
BE0D060F06
BE0C78F819
BE0BEBE1FE
BE0B5ECCB4
BE0AD1B83C
BE0A44A495
BE09B791BF
BE092A7FBB
BE089D6E88
BE08105E27
BE07834E97
BE06F63FD9
BE066931EC
BE05DC24D0
BE054F1886
BE04C20D0D
BE04350265
BE03A7F88F
BE031AEF8B
BE028DE757
BE0200DFF5
BE0173D965
BE00E6D3A5
BE0059CEB7
BDFFCCCA9B
BDFF3FC74F
BDFEB2C4D5
BDFE25C32D
BDFD98C255
BDFD0BC24F
BDFC7EC31A
BDFBF1C4B7
BDFB64C724
BDFAD7CA63
BDFA4ACE74
BDF9BDD355
BDF930D908
BDF8A3DF8C
BDF816E6E1
BDF789EF07
BDF6FCF7FF
BDF67001C8
BDF5E30C62
BDF55617CD
BDF4C92409
BDF43C3117
BDF3AF3EF5
BDF3224DA5
BDF2955D26
BDF2086D78
BDF17B7E9C
BDF0EE9090
BDF061A356
BDEFD4B6EC
BDEF47CB54
BDEEBAE08D
BDEE2DF697
BDEDA10D72
BDED14251E
BDEC873D9B
BDEBFA56EA
BDEB6D7109
BDEAE08BFA
BDEA53A7BB
BDE9C6C44D
BDE939E1B1
BDE8ACFFE6
BDE8201EEB
BDE7933EC2
BDE7065F69
BDE67980E2
BDE5ECA32C
BDE55FC646
BDE4D2EA32
BDE4460EEE
BDE3B9347C
BDE32C5ADA
BDE29F820A
BDE212AA0A
BDE185D2DB
BDE0F8FC7D
BDE06C26F0
BDDFDF5234
BDDF527E49
BDDEC5AB2F
BDDE38D8E6
BDDDAC076E
BDDD1F36C6
BDDC9266EF
BDDC0597EA
BDDB78C9B5
BDDAEBFC51
BDDA5F2FBD
BDD9D263FB
BDD9459909
BDD8B8CEE9
BDD82C0599
BDD79F3D19
BDD712756B
BDD685AE8E
BDD5F8E881
BDD56C2345
BDD4DF5EDA
BDD4529B3F
BDD3C5D875
BDD339167D
BDD2AC5554
BDD21F94FD
BDD192D576
BDD10616C0
BDD07958DB
BDCFEC9BC6
BDCF5FDF82
BDCED3240F
BDCE46696D
BDCDB9AF9B
BDCD2CF69A
BDCCA03E69
BDCC138709
BDCB86D07A
BDCAFA1ABC
BDCA6D65CE
BDC9E0B1B0
BDC953FE64
BDC8C74BE8
BDC83A9A3C
BDC7ADE961
BDC7213957
BDC6948A1D
BDC607DBB4
BDC57B2E1C
BDC4EE8154
BDC461D55D
BDC3D52A36
BDC3487FDF
BDC2BBD65A
BDC22F2DA4
BDC1A285C0
BDC115DEAC
BDC0893868
BDBFFC92F5
BDBF6FEE52
BDBEE34A80
BDBE56A77E
BDBDCA054D
BDBD3D63EC
BDBCB0C35C
BDBC24239C
BDBB9784AD
BDBB0AE68E
BDBA7E493F
BDB9F1ACC1
BDB9651113
BDB8D87636
BDB84BDC29
BDB7BF42ED
BDB732AA80
BDB6A612E5
BDB6197C19
BDB58CE61E
BDB50050F4
BDB473BC9A
BDB3E72910
BDB35A9656
BDB2CE046D
BDB2417354
BDB1B4E30B
BDB1285393
BDB09BC4EB
BDB00F3713
BDAF82AA0C
BDAEF61DD5
BDAE69926E
BDADDD07D7
BDAD507E11
BDACC3F51B
BDAC376CF5
BDABAAE5A0
BDAB1E5F1A
BDAA91D965
BDAA055480
BDA978D06C
BDA8EC4D27
BDA85FCAB3
BDA7D3490F
BDA746C83B
BDA6BA4837
BDA62DC903
BDA5A14AA0
BDA514CD0D
BDA488504A
BDA3FBD457
BDA36F5934
BDA2E2DEE1
BDA256655F
BDA1C9ECAC
BDA13D74CA
BDA0B0FDB8
BDA0248775
BD9F981203
BD9F0B9D61
BD9E7F298F
BD9DF2B68E
BD9D66445C
BD9CD9D2FA
BD9C4D6268
BD9BC0F2A7
BD9B3483B5
BD9AA81593
BD9A1BA842
BD998F3BC0
BD9902D00F
BD9876652D
BD97E9FB1B
BD975D91DA
BD96D12968
BD9644C1C6
BD95B85AF5
BD952BF4F3
BD949F8FC1
BD94132B5F
BD9386C7CD
BD92FA650B
BD926E0319
BD91E1A1F7
BD915541A4
BD90C8E222
BD903C836F
BD8FB0258D
BD8F23C87A
BD8E976C37
BD8E0B10C4
BD8D7EB620
BD8CF25C4D
BD8C66034A
BD8BD9AB16
BD8B4D53B2
BD8AC0FD1E
BD8A34A75A
BD89A85265
BD891BFE40
BD888FAAEC
BD88035867
BD877706B1
BD86EAB5CC
BD865E65B6
BD85D21670
BD8545C7FA
BD84B97A53
BD842D2D7C
BD83A0E175
BD8314963E
BD82884BD6
BD81FC023E
BD816FB976
BD80E3717D
BD80572A54
BD7FCAE3FB
BD7F3E9E72
BD7EB259B8
BD7E2615CE
BD7D99D2B3
BD7D0D9068
BD7C814EED
BD7BF50E41
BD7B68CE65
BD7ADC8F59
BD7A50511C
BD79C413AE
BD7937D711
BD78AB9B43
BD781F6044
BD77932615
BD7706ECB6
BD767AB426
BD75EE7C66
BD75624575
BD74D60F54
BD7449DA03
BD73BDA580
BD733171CE
BD72A53EEB
BD72190CD7
BD718CDB93
BD7100AB1E
BD70747B79
BD6FE84CA4
BD6F5C1E9D
BD6ECFF167
BD6E43C4FF
BD6DB79968
BD6D2B6E9F
BD6C9F44A6
BD6C131B7D
BD6B86F323
BD6AFACB98
BD6A6EA4DD
BD69E27EF1
BD695659D4
BD68CA3587
BD683E1209
BD67B1EF5B
BD6725CD7C
BD6699AC6C
BD660D8C2C
BD65816CBB
BD64F54E19
BD64693047
BD63DD1343
BD6350F710
BD62C4DBAB
BD6238C116
BD61ACA750
BD61208E5A
BD60947632
BD60085EDA
BD5F7C4852
BD5EF03298
BD5E641DAE
BD5DD80993
BD5D4BF647
BD5CBFE3CB
BD5C33D21D
BD5BA7C13F
BD5B1BB130
BD5A8FA1F1
BD5A039380
BD597785DF
BD58EB790D
BD585F6D0A
BD57D361D6
BD57475771
BD56BB4DDB
BD562F4515
BD55A33D1E
BD551735F6
BD548B2F9D
BD53FF2A13
BD53732558
BD52E7216C
BD525B1E50
BD51CF1C02
BD51431A84
BD50B719D5
BD502B19F4
BD4F9F1AE3
BD4F131CA1
BD4E871F2E
BD4DFB228A
BD4D6F26B5
BD4CE32BAF
BD4C573178
BD4BCB3810
BD4B3F3F77
BD4AB347AD
BD4A2750B2
BD499B5A86
BD490F6528
BD4883709A
BD47F77CDB
BD476B89EB
BD46DF97CA
BD4653A677
BD45C7B5F4
BD453BC640
BD44AFD75A
BD4423E944
BD4397FBFC
BD430C0F83
BD428023D9
BD41F438FE
BD41684EF2
BD40DC65B5
BD40507D46
BD3FC495A7
BD3F38AED6
BD3EACC8D4
BD3E20E3A1
BD3D94FF3D
BD3D091BA7
BD3C7D38E1
BD3BF156E9
BD3B6575C0
BD3AD99566
BD3A4DB5DA
BD39C1D71E
BD3935F930
BD38AA1C11
BD381E3FC0
BD3792643F
BD3706898C
BD367AAFA8
BD35EED692
BD3562FE4C
BD34D726D4
BD344B502B
BD33BF7A50
BD3333A544
BD32A7D107
BD321BFD99
BD31902AF9
BD31045928
BD30788825
BD2FECB7F1
BD2F60E88C
BD2ED519F6
BD2E494C2E
BD2DBD7F34
BD2D31B30A
BD2CA5E7AE
BD2C1A1D20
BD2B8E5361
BD2B028A71
BD2A76C24F
BD29EAFAFC
BD295F3478
BD28D36EC2
BD2847A9DA
BD27BBE5C1
BD27302277
BD26A45FFB
BD26189E4E
BD258CDD6F
BD25011D5F
BD24755E1D
BD23E99FAA
BD235DE205
BD22D2252F
BD22466927
BD21BAADEE
BD212EF383
BD20A339E7
BD20178119
BD1F8BC919
BD1F0011E8
BD1E745B85
BD1DE8A5F1
BD1D5CF12B
BD1CD13D34
BD1C458A0B
BD1BB9D7B0
BD1B2E2624
BD1AA27566
BD1A16C577
BD198B1656
BD18FF6803
BD1873BA7F
BD17E80DC9
BD175C61E1
BD16D0B6C7
BD16450C7C
BD15B96300
BD152DBA51
BD14A21271
BD14166B5F
BD138AC51C
BD12FF1FA7
BD12737B00
BD11E7D727
BD115C341C
BD10D091E0
BD1044F072
BD0FB94FD3
BD0F2DB001
BD0EA210FE
BD0E1672C9
BD0D8AD562
BD0CFF38C9
BD0C739CFF
BD0BE80203
BD0B5C67D5
BD0AD0CE75
BD0A4535E3
BD09B99E20
BD092E072A
BD08A27103
BD0816DBAA
BD078B471F
BD06FFB362
BD06742074
BD05E88E53
BD055CFD00
BD04D16C7C
BD0445DCC6
BD03BA4DDE
BD032EBFC4
BD02A33278
BD0217A5FA
BD018C1A4A
BD01008F68
BD00750554
BCFFE97C0E
BCFF5DF396
BCFED26BED
BCFE46E511
BCFDBB5F03
BCFD2FD9C4
BCFCA45552
BCFC18D1AE
BCFB8D4ED9
BCFB01CCD1
BCFA764B97
BCF9EACB2B
BCF95F4B8D
BCF8D3CCBD
BCF8484EBC
BCF7BCD187
BCF7315521
BCF6A5D989
BCF61A5EBF
BCF58EE4C3
BCF5036B94
BCF477F334
BCF3EC7BA1
BCF36104DC
BCF2D58EE5
BCF24A19BC
BCF1BEA561
BCF13331D3
BCF0A7BF14
BCF01C4D22
BCEF90DBFE
BCEF056BA8
BCEE79FC20
BCEDEE8D66
BCED631F79
BCECD7B25A
BCEC4C4609
BCEBC0DA86
BCEB356FD0
BCEAAA05E9
BCEA1E9CCF
BCE9933483
BCE907CD04
BCE87C6653
BCE7F10070
BCE7659B5B
BCE6DA3714
BCE64ED39A
BCE5C370EE
BCE5380F0F
BCE4ACADFF
BCE4214DBC
BCE395EE46
BCE30A8F9E
BCE27F31C4
BCE1F3D4B8
BCE1687879
BCE0DD1D08
BCE051C265
BCDFC6688F
BCDF3B0F87
BCDEAFB74C
BCDE245FDF
BCDD990940
BCDD0DB36E
BCDC825E6A
BCDBF70A33
BCDB6BB6CA
BCDAE0642F
BCDA551261
BCD9C9C160
BCD93E712D
BCD8B321C8
BCD827D330
BCD79C8566
BCD7113869
BCD685EC3A
BCD5FAA0D8
BCD56F5644
BCD4E40C7D
BCD458C384
BCD3CD7B58
BCD34233FA
BCD2B6ED69
BCD22BA7A6
BCD1A062B0
BCD1151E87
BCD089DB2C
BCCFFE989F
BCCF7356DF
BCCEE815EC
BCCE5CD5C6
BCCDD1966E
BCCD4657E4
BCCCBB1A26
BCCC2FDD37
BCCBA4A114
BCCB1965BF
BCCA8E2B37
BCCA02F17D
BCC977B890
BCC8EC8070
BCC861491E
BCC7D61299
BCC74ADCE1
BCC6BFA7F6
BCC63473D9
BCC5A94089
BCC51E0E07
BCC492DC52
BCC407AB6A
BCC37C7B4F
BCC2F14C01
BCC2661D81
BCC1DAEFCE
BCC14FC2E8
BCC0C496D0
BCC0396B85
BCBFAE4107
BCBF231756
BCBE97EE72
BCBE0CC65C
BCBD819F12
BCBCF67896
BCBC6B52E7
BCBBE02E06
BCBB5509F1
BCBAC9E6AA
BCBA3EC42F
BCB9B3A282
BCB92881A2
BCB89D618F
BCB812424A
BCB78723D1
BCB6FC0626
BCB670E947
BCB5E5CD36
BCB55AB1F2
BCB4CF977B
BCB4447DD0
BCB3B964F3
BCB32E4CE4
BCB2A335A1
BCB2181F2B
BCB18D0982
BCB101F4A6
BCB076E097
BCAFEBCD56
BCAF60BAE1
BCAED5A939
BCAE4A985F
BCADBF8851
BCAD347910
BCACA96A9C
BCAC1E5CF6
BCAB93501C
BCAB08440F
BCAA7D38CF
BCA9F22E5C
BCA96724B6
BCA8DC1BDD
BCA85113D0
BCA7C60C91
BCA73B061F
BCA6B00079
BCA624FBA1
BCA599F795
BCA50EF456
BCA483F1E4
BCA3F8F03F
BCA36DEF67
BCA2E2EF5C
BCA257F01D
BCA1CCF1AB
BCA141F406
BCA0B6F72E
BCA02BFB23
BC9FA0FFE5
BC9F160573
BC9E8B0BCE
BC9E0012F6
BC9D751AEB
BC9CEA23AD
BC9C5F2D3B
BC9BD43796
BC9B4942BE
BC9ABE4EB2
BC9A335B74
BC99A86902
BC991D775D
BC98928684
BC98079678
BC977CA739
BC96F1B8C7
BC9666CB21
BC95DBDE48
BC9550F23C
BC94C606FC
BC943B1C89
BC93B032E3
BC93254A09
BC929A61FC
BC920F7ABC
BC91849448
BC90F9AEA1
BC906EC9C6
BC8FE3E5B9
BC8F590277
BC8ECE2003
BC8E433E5A
BC8DB85D7F
BC8D2D7D70
BC8CA29E2E
BC8C17BFB8
BC8B8CE20E
BC8B020532
BC8A772922
BC89EC4DDE
BC89617367
BC88D699BC
BC884BC0DE
BC87C0E8CD
BC87361188
BC86AB3B0F
BC86206563
BC85959083
BC850ABC70
BC847FE929
BC83F516AF
BC836A4501
BC82DF7420
BC8254A40B
BC81C9D4C3
BC813F0647
BC80B43897
BC80296BB4
BC7F9E9F9D
BC7F13D453
BC7E8909D5
BC7DFE4023
BC7D73773E
BC7CE8AF25
BC7C5DE7D8
BC7BD32158
BC7B485BA4
BC7ABD96BD
BC7A32D2A2
BC79A80F53
BC791D4CD0
BC78928B1A
BC7807CA30
BC777D0A13
BC76F24AC2
BC76678C3D
BC75DCCE84
BC75521197
BC74C75577
BC743C9A23
BC73B1DF9C
BC732725E0
BC729C6CF1
BC7211B4CE
BC7186FD77
BC70FC46ED
BC7071912F
BC6FE6DC3D
BC6F5C2817
BC6ED174BD
BC6E46C22F
BC6DBC106E
BC6D315F79
BC6CA6AF50
BC6C1BFFF3
BC6B915162
BC6B06A39E
BC6A7BF6A5
BC69F14A79
BC69669F19
BC68DBF485
BC68514ABD
BC67C6A1C1
BC673BF991
BC66B1522E
BC6626AB96
BC659C05CA
BC651160CB
BC6486BC98
BC63FC1930
BC63717695
BC62E6D4C6
BC625C33C2
BC61D1938B
BC6146F420
BC60BC5581
BC6031B7AE
BC5FA71AA7
BC5F1C7E6B
BC5E91E2FC
BC5E074859
BC5D7CAE82
BC5CF21576
BC5C677D37
BC5BDCE5C4
BC5B524F1C
BC5AC7B941
BC5A3D2431
BC59B28FEE
BC5927FC76
BC589D69CA
BC5812D7EA
BC578846D6
BC56FDB68E
BC56732712
BC55E89861
BC555E0A7D
BC54D37D64
BC5448F117
BC53BE6596
BC5333DAE1
BC52A950F8
BC521EC7DA
BC51943F89
BC5109B803
BC507F3149
BC4FF4AB5B
BC4F6A2638
BC4EDFA1E2
BC4E551E57
BC4DCA9B98
BC4D4019A4
BC4CB5987D
BC4C2B1821
BC4BA09891
BC4B1619CC
BC4A8B9BD4
BC4A011EA7
BC4976A246
BC48EC26B0
BC4861ABE7
BC47D731E8
BC474CB8B6
BC46C2404F
BC4637C8B4
BC45AD51E5
BC4522DBE1
BC449866A9
BC440DF23D
BC43837E9C
BC42F90BC7
BC426E99BD
BC41E42880
BC4159B80D
BC40CF4867
BC4044D98C
BC3FBA6B7C
BC3F2FFE38
BC3EA591C0
BC3E1B2613
BC3D90BB32
BC3D06511C
BC3C7BE7D2
BC3BF17F54
BC3B6717A1
BC3ADCB0BA
BC3A524A9E
BC39C7E54D
BC393D80C8
BC38B31D0F
BC3828BA21
BC379E57FF
BC3713F6A8
BC3689961C
BC35FF365C
BC3574D768
BC34EA793F
BC34601BE1
BC33D5BF4F
BC334B6388
BC32C1088D
BC3236AE5D
BC31AC54F9
BC3121FC60
BC3097A492
BC300D4D90
BC2F82F759
BC2EF8A1ED
BC2E6E4D4D
BC2DE3F979
BC2D59A66F
BC2CCF5431
BC2C4502BE
BC2BBAB217
BC2B30623B
BC2AA6132A
BC2A1BC4E5
BC2991776B
BC29072ABC
BC287CDED9
BC27F293C1
BC27684974
BC26DDFFF2
BC2653B73C
BC25C96F51
BC253F2831
BC24B4E1DC
BC242A9C53
BC23A05795
BC231613A2
BC228BD07B
BC22018E1E
BC21774C8D
BC20ED0BC7
BC2062CBCC
BC1FD88C9D
BC1F4E4E38
BC1EC4109F
BC1E39D3D1
BC1DAF97CE
BC1D255C96
BC1C9B2229
BC1C10E888
BC1B86AFB2
BC1AFC77A6
BC1A724066
BC19E809F1
BC195DD447
BC18D39F69
BC18496B55
BC17BF380C
BC1735058F
BC16AAD3DC
BC1620A2F5
BC159672D9
BC150C4387
BC14821501
BC13F7E746
BC136DBA56
BC12E38E31
BC125962D7
BC11CF3848
BC11450E83
BC10BAE58A
BC1030BD5C
BC0FA695F9
BC0F1C6F61
BC0E924994
BC0E082492
BC0D7E005A
BC0CF3DCEE
BC0C69BA4D
BC0BDF9876
BC0B55776B
BC0ACB572A
BC0A4137B5
BC09B7190A
BC092CFB2A
BC08A2DE15
BC0818C1CB
BC078EA64C
BC07048B98
BC067A71AE
BC05F05890
BC0566403C
BC04DC28B3
BC045211F5
BC03C7FC02
BC033DE6D9
BC02B3D27C
BC0229BEE9
BC019FAC21
BC01159A24
BC008B88F2
BC0001788A
BBFF7768ED
BBFEED5A1B
BBFE634C14
BBFDD93ED8
BBFD4F3266
BBFCC526BF
BBFC3B1BE3
BBFBB111D1
BBFB27088A
BBFA9D000E
BBFA12F85D
BBF988F176
BBF8FEEB5A
BBF874E609
BBF7EAE183
BBF760DDC7
BBF6D6DAD5
BBF64CD8AF
BBF5C2D753
BBF538D6C2
BBF4AED6FB
BBF424D7FF
BBF39AD9CE
BBF310DC67
BBF286DFCB
BBF1FCE3F9
BBF172E8F2
BBF0E8EEB6
BBF05EF544
BBEFD4FC9D
BBEF4B04C1
BBEEC10DAF
BBEE371767
BBEDAD21EA
BBED232D38
BBEC993950
BBEC0F4633
BBEB8553E0
BBEAFB6258
BBEA71719A
BBE9E781A7
BBE95D927F
BBE8D3A420
BBE849B68D
BBE7BFC9C3
BBE735DDC5
BBE6ABF290
BBE6220827
BBE5981E87
BBE50E35B2
BBE4844DA8
BBE3FA6668
BBE3707FF2
BBE2E69A47
BBE25CB566
BBE1D2D150
BBE148EE04
BBE0BF0B82
BBE03529CB
BBDFAB48DE
BBDF2168BC
BBDE978963
BBDE0DAAD6
BBDD83CD12
BBDCF9F019
BBDC7013EB
BBDBE63886
BBDB5C5DEC
BBDAD2841C
BBDA48AB17
BBD9BED2DC
BBD934FB6B
BBD8AB24C4
BBD8214EE8
BBD79779D6
BBD70DA58E
BBD683D211
BBD5F9FF5E
BBD5702D75
BBD4E65C56
BBD45C8C02
BBD3D2BC77
BBD348EDB7
BBD2BF1FC1
BBD2355296
BBD1AB8634
BBD121BA9D
BBD097EFD0
BBD00E25CD
BBCF845C95
BBCEFA9426
BBCE70CC82
BBCDE705A8
BBCD5D3F98
BBCCD37A52
BBCC49B5D6
BBCBBFF224
BBCB362F3D
BBCAAC6D1F
BBCA22ABCC
BBC998EB43
BBC90F2B84
BBC8856C8F
BBC7FBAE64
BBC771F103
BBC6E8346C
BBC65E789F
BBC5D4BD9D
BBC54B0364
BBC4C149F5
BBC4379151
BBC3ADD976
BBC3242266
BBC29A6C1F
BBC210B6A3
BBC18701F0
BBC0FD4E07
BBC0739AE9
BBBFE9E894
BBBF60370A
BBBED68649
BBBE4CD652
BBBDC32726
BBBD3978C3
BBBCAFCB2A
BBBC261E5B
BBBB9C7256
BBBB12C71B
BBBA891CAA
BBB9FF7302
BBB975CA25
BBB8EC2212
BBB8627AC8
BBB7D8D448
BBB74F2E92
BBB6C589A6
BBB63BE584
BBB5B2422C
BBB5289F9D
BBB49EFDD9
BBB4155CDE
BBB38BBCAD
BBB3021D46
BBB2787EA8
BBB1EEE0D5
BBB16543CB
BBB0DBA78B
BBB0520C15
BBAFC87169
BBAF3ED786
BBAEB53E6D
BBAE2BA61E
BBADA20E98
BBAD1877DD
BBAC8EE1EB
BBAC054CC3
BBAB7BB864
BBAAF224CF
BBAA689204
BBA9DF0003
BBA9556ECB
BBA8CBDE5D
BBA8424EB9
BBA7B8BFDE
BBA72F31CE
BBA6A5A486
BBA61C1809
BBA5928C55
BBA509016A
BBA47F7749
BBA3F5EDF2
BBA36C6565
BBA2E2DDA1
BBA25956A7
BBA1CFD076
BBA1464B0F
BBA0BCC671
BBA033429E
BB9FA9BF93
BB9F203D52
BB9E96BBDB
BB9E0D3B2D
BB9D83BB49
BB9CFA3C2F
BB9C70BDDE
BB9BE74056
BB9B5DC398
BB9AD447A4
BB9A4ACC79
BB99C15217
BB9937D87F
BB98AE5FB0
BB9824E7AB
BB979B7070
BB9711F9FE
BB96888455
BB95FF0F76
BB95759B60
BB94EC2814
BB9462B591
BB93D943D7
BB934FD2E7
BB92C662C0
BB923CF363
BB91B384CF
BB912A1705
BB90A0AA04
BB90173DCC
BB8F8DD25D
BB8F0467B8
BB8E7AFDDD
BB8DF194CA
BB8D682C81
BB8CDEC502
BB8C555E4C
BB8BCBF85F
BB8B42933B
BB8AB92EE1
BB8A2FCB4F
BB89A66888
BB891D0689
BB8893A554
BB880A44E8
BB8780E545
BB86F7866C
BB866E285C
BB85E4CB15
BB855B6E97
BB84D212E3
BB8448B7F8
BB83BF5DD6
BB8336047D
BB82ACABED
BB82235427
BB8199FD2A
BB8110A6F6
BB8087518B
BB7FFDFCE9
BB7F74A911
BB7EEB5602
BB7E6203BB
BB7DD8B23E
BB7D4F618B
BB7CC611A0
BB7C3CC27E
BB7BB37426
BB7B2A2696
BB7AA0D9D0
BB7A178DD3
BB798E429F
BB7904F834
BB787BAE92
BB77F265B9
BB77691DA9
BB76DFD662
BB76568FE5
BB75CD4A30
BB75440544
BB74BAC122
BB74317DC8
BB73A83B38
BB731EF970
BB7295B872
BB720C783C
BB718338D0
BB70F9FA2C
BB7070BC52
BB6FE77F40
BB6F5E42F7
BB6ED50778
BB6E4BCCC1
BB6DC292D3
BB6D3959AE
BB6CB02152
BB6C26E9BF
BB6B9DB2F5
BB6B147CF4
BB6A8B47BC
BB6A02134C
BB6978DFA6
BB68EFACC8
BB68667AB4
BB67DD4968
BB675418E5
BB66CAE92B
BB6641BA39
BB65B88C11
BB652F5EB1
BB64A6321A
BB641D064D
BB6393DB47
BB630AB10B
BB62818797
BB61F85EED
BB616F370B
BB60E60FF2
BB605CE9A1
BB5FD3C41A
BB5F4A9F5B
BB5EC17B65
BB5E385837
BB5DAF35D3
BB5D261437
BB5C9CF364
BB5C13D359
BB5B8AB417
BB5B01959E
BB5A7877EE
BB59EF5B06
BB59663EE8
BB58DD2391
BB58540904
BB57CAEF3F
BB5741D643
BB56B8BE0F
BB562FA6A4
BB55A69002
BB551D7A28
BB54946517
BB540B50CE
BB53823D4F
BB52F92A97
BB527018A9
BB51E70783
BB515DF725
BB50D4E791
BB504BD8C4
BB4FC2CAC1
BB4F39BD85
BB4EB0B113
BB4E27A569
BB4D9E9A87
BB4D15906E
BB4C8C871E
BB4C037E96
BB4B7A76D6
BB4AF16FE0
BB4A6869B1
BB49DF644B
BB49565FAE
BB48CD5BD9
BB484458CC
BB47BB5688
BB4732550D
BB46A9545A
BB4620546F
BB4597554D
BB450E56F3
BB44855962
BB43FC5C99
BB43736098
BB42EA6560
BB42616AF0
BB41D87149
BB414F786A
BB40C68053
BB403D8905
BB3FB4927F
BB3F2B9CC2
BB3EA2A7CD
BB3E19B3A0
BB3D90C03C
BB3D07CD9F
BB3C7EDBCC
BB3BF5EAC0
BB3B6CFA7D
BB3AE40B02
BB3A5B1C50
BB39D22E65
BB39494143
BB38C054EA
BB38376958
BB37AE7E8F
BB3725948E
BB369CAB55
BB3613C2E5
BB358ADB3D
BB3501F45D
BB34790E45
BB33F028F6
BB3367446E
BB32DE60AF
BB32557DB8
BB31CC9B8A
BB3143BA23
BB30BAD985
BB3031F9AF
BB2FA91AA1
BB2F203C5B
BB2E975EDD
BB2E0E8228
BB2D85A63A
BB2CFCCB15
BB2C73F0B8
BB2BEB1723
BB2B623E56
BB2AD96651
BB2A508F14
BB29C7B8A0
BB293EE2F3
BB28B60E0F
BB282D39F2
BB27A4669E
BB271B9411
BB2692C24D
BB2609F151
BB2581211D
BB24F851B1
BB246F830D
BB23E6B531
BB235DE81C
BB22D51BD0
BB224C504C
BB21C38590
BB213ABB9C
BB20B1F270
BB20292A0C
BB1FA06270
BB1F179B9B
BB1E8ED58F
BB1E06104B
BB1D7D4BCE
BB1CF4881A
BB1C6BC52D
BB1BE30309
BB1B5A41AC
BB1AD18117
BB1A48C14A
BB19C00245
BB19374408
BB18AE8693
BB1825C9E5
BB179D0E00
BB171452E2
BB168B988C
BB1602DEFE
BB157A2638
BB14F16E3A
BB1468B703
BB13E00094
BB13574AEE
BB12CE960E
BB1245E1F7
BB11BD2EA8
BB11347C20
BB10ABCA60
BB10231968
BB0F9A6937
BB0F11B9CF
BB0E890B2E
BB0E005D55
BB0D77B043
BB0CEF03F9
BB0C665878
BB0BDDADBD
BB0B5503CB
BB0ACC5AA0
BB0A43B23D
BB09BB0AA1
BB093263CD
BB08A9BDC1
BB0821187D
BB07987400
BB070FD04B
BB06872D5D
BB05FE8B38
BB0575E9D9
BB04ED4943
BB0464A974
BB03DC0A6D
BB03536C2D
BB02CACEB5
BB02423204
BB01B9961B
BB0130FAFA
BB00A860A0
BB001FC70E
BAFF972E43
BAFF0E9640
BAFE85FF05
BAFDFD6891
BAFD74D2E4
BAFCEC3DFF
BAFC63A9E2
BAFBDB168C
BAFB5283FE
BAFAC9F237
BAFA416137
BAF9B8D0FF
BAF930418F
BAF8A7B2E6
BAF81F2505
BAF79697EB
BAF70E0B98
BAF685800D
BAF5FCF549
BAF5746B4D
BAF4EBE218
BAF46359AB
BAF3DAD205
BAF3524B26
BAF2C9C50F
BAF2413FBF
BAF1B8BB37
BAF1303776
BAF0A7B47C
BAF01F324A
BAEF96B0DF
BAEF0E303C
BAEE85B060
BAEDFD314B
BAED74B2FD
BAECEC3577
BAEC63B8B8
BAEBDB3CC1
BAEB52C191
BAEACA4728
BAEA41CD86
BAE9B954AC
BAE930DC99
BAE8A8654D
BAE81FEEC8
BAE797790B
BAE70F0415
BAE6868FE6
BAE5FE1C7F
BAE575A9DF
BAE4ED3806
BAE464C6F4
BAE3DC56A9
BAE353E726
BAE2CB786A
BAE2430A75
BAE1BA9D47
BAE13230E0
BAE0A9C541
BAE0215A68
BADF98F057
BADF10870D
BADE881E8A
BADDFFB6CF
BADD774FDA
BADCEEE9AD
BADC668447
BADBDE1FA7
BADB55BBCF
BADACD58BE
BADA44F675
BAD9BC94F2
BAD9343436
BAD8ABD442
BAD8237514
BAD79B16AD
BAD712B90E
BAD68A5C36
BAD6020024
BAD579A4DA
BAD4F14A57
BAD468F09B
BAD3E097A5
BAD3583F77
BAD2CFE810
BAD2479170
BAD1BF3B96
BAD136E684
BAD0AE9239
BAD0263EB5
BACF9DEBF7
BACF159A01
BACE8D48D2
BACE04F869
BACD7CA8C7
BACCF459ED
BACC6C0BD9
BACBE3BE8C
BACB5B7206
BACAD32648
BACA4ADB4F
BAC9C2911E
BAC93A47B4
BAC8B1FF11
BAC829B734
BAC7A1701E
BAC71929CF
BAC690E447
BAC6089F86
BAC5805B8C
BAC4F81859
BAC46FD5EC
BAC3E79446
BAC35F5367
BAC2D7134F
BAC24ED3FD
BAC1C69573
BAC13E57AF
BAC0B61AB2
BAC02DDE7B
BABFA5A30C
BABF1D6863
BABE952E81
BABE0CF566
BABD84BD11
BABCFC8583
BABC744EBC
BABBEC18BC
BABB63E382
BABADBAF0F
BABA537B63
BAB9CB487D
BAB943165F
BAB8BAE506
BAB832B475
BAB7AA84AA
BAB72255A6
BAB69A2768
BAB611F9F1
BAB589CD41
BAB501A157
BAB4797634
BAB3F14BD8
BAB3692242
BAB2E0F973
BAB258D16A
BAB1D0AA28
BAB14883AD
BAB0C05DF8
BAB038390A
BAAFB014E2
BAAF27F181
BAAE9FCEE6
BAAE17AD12
BAAD8F8C04
BAAD076BBD
BAAC7F4C3D
BAABF72D83
BAAB6F0F90
BAAAE6F263
BAAA5ED5FC
BAA9D6BA5C
BAA94E9F83
BAA8C68570
BAA83E6C23
BAA7B6539D
BAA72E3BDE
BAA6A624E5
BAA61E0EB2
BAA595F946
BAA50DE4A0
BAA485D0C0
BAA3FDBDA7
BAA375AB55
BAA2ED99C9
BAA2658903
BAA1DD7904
BAA15569CB
BAA0CD5B58
BAA0454DAC
BA9FBD40C6
BA9F3534A6
BA9EAD294D
BA9E251EBA
BA9D9D14EE
BA9D150BE8
BA9C8D03A8
BA9C04FC2F
BA9B7CF57B
BA9AF4EF8F
BA9A6CEA68
BA99E4E608
BA995CE26E
BA98D4DF9A
BA984CDD8D
BA97C4DC45
BA973CDBC4
BA96B4DC0A
BA962CDD15
BA95A4DEE7
BA951CE17F
BA9494E4DE
BA940CE902
BA9384EDED
BA92FCF39E
BA9274FA15
BA91ED0152
BA91650956
BA90DD121F
BA90551BAF
BA8FCD2605
BA8F453122
BA8EBD3D04
BA8E3549AC
BA8DAD571B
BA8D256550
BA8C9D744B
BA8C15840C
BA8B8D9493
BA8B05A5E0
BA8A7DB7F3
BA89F5CACD
BA896DDE6C
BA88E5F2D2
BA885E07FE
BA87D61DEF
BA874E34A7
BA86C64C25
BA863E6469
BA85B67D73
BA852E9743
BA84A6B1D9
BA841ECD35
BA8396E957
BA830F063F
BA828723ED
BA81FF4261
BA8177619B
BA80EF819B
BA8067A261
BA7FDFC3ED
BA7F57E63F
BA7ED00957
BA7E482D35
BA7DC051D9
BA7D387743
BA7CB09D72
BA7C28C468
BA7BA0EC23
BA7B1914A5
BA7A913DEC
BA7A0967F9
BA798192CC
BA78F9BE65
BA7871EAC4
BA77EA17E9
BA776245D4
BA76DA7484
BA7652A3FA
BA75CAD437
BA75430538
BA74BB3700
BA7433698E
BA73AB9CE1
BA7323D0FB
BA729C05DA
BA72143B7F
BA718C71E9
BA7104A91A
BA707CE110
BA6FF519CC
BA6F6D534E
BA6EE58D95
BA6E5DC8A2
BA6DD60475
BA6D4E410E
BA6CC67E6D
BA6C3EBC91
BA6BB6FB7B
BA6B2F3B2A
BA6AA77BA0
BA6A1FBCDB
BA6997FEDC
BA691041A2
BA6888852E
BA6800C980
BA67790E97
BA66F15474
BA66699B17
BA65E1E280
BA655A2AAE
BA64D273A1
BA644ABD5B
BA63C307D9
BA633B531E
BA62B39F28
BA622BEBF8
BA61A4398D
BA611C87E8
BA6094D709
BA600D26EF
BA5F85779A
BA5EFDC90B
BA5E761B42
BA5DEE6E3E
BA5D66C200
BA5CDF1688
BA5C576BD5
BA5BCFC1E7
BA5B4818BF
BA5AC0705C
BA5A38C8BF
BA59B121E8
BA59297BD6
BA58A1D689
BA581A3202
BA57928E40
BA570AEB44
BA5683490D
BA55FBA79C
BA557406F0
BA54EC670A
BA5464C7E9
BA53DD298D
BA53558BF7
BA52CDEF26
BA5246531B
BA51BEB7D5
BA51371D55
BA50AF8399
BA5027EAA4
BA4FA05273
BA4F18BB08
BA4E912462
BA4E098E82
BA4D81F967
BA4CFA6511
BA4C72D181
BA4BEB3EB6
BA4B63ACB0
BA4ADC1B70
BA4A548AF5
BA49CCFB3F
BA49456C4F
BA48BDDE23
BA483650BE
BA47AEC41D
BA47273841
BA469FAD2B
BA461822DA
BA4590994F
BA45091088
BA44818887
BA43FA014B
BA43727AD5
BA42EAF523
BA42637037
BA41DBEC10
BA415468AE
BA40CCE611
BA40456439
BA3FBDE327
BA3F3662DA
BA3EAEE352
BA3E27648F
BA3D9FE691
BA3D186958
BA3C90ECE5
BA3C097137
BA3B81F64D
BA3AFA7C29
BA3A7302CA
BA39EB8A30
BA3964125B
BA38DC9B4C
BA38552501
BA37CDAF7B
BA37463ABB
BA36BEC6BF
BA36375389
BA35AFE118
BA35286F6B
BA34A0FE84
BA34198E62
BA33921F05
BA330AB06C
BA32834299
BA31FBD58B
BA31746942
BA30ECFDBE
BA306592FE
BA2FDE2904
BA2F56BFCF
BA2ECF575E
BA2E47EFB3
BA2DC088CD
BA2D3922AB
BA2CB1BD4F
BA2C2A58B7
BA2BA2F4E4
BA2B1B91D7
BA2A942F8E
BA2A0CCE0A
BA29856D4B
BA28FE0D50
BA2876AE1B
BA27EF4FAB
BA2767F1FF
BA26E09519
BA265938F7
BA25D1DD9A
BA254A8302
BA24C3292E
BA243BD020
BA23B477D6
BA232D2051
BA22A5C991
BA221E7396
BA21971E60
BA210FC9EE
BA20887641
BA20012359
BA1F79D136
BA1EF27FD8
BA1E6B2F3E
BA1DE3DF69
BA1D5C9059
BA1CD5420D
BA1C4DF486
BA1BC6A7C4
BA1B3F5BC7
BA1AB8108E
BA1A30C61A
BA19A97C6B
BA19223381
BA189AEB5B
BA1813A3FA
BA178C5D5D
BA17051785
BA167DD272
BA15F68E24
BA156F4A9A
BA14E807D5
BA1460C5D4
BA13D98498
BA13524421
BA12CB046E
BA1243C580
BA11BC8757
BA113549F2
BA10AE0D52
BA1026D176
BA0F9F965F
BA0F185C0C
BA0E91227E
BA0E09E9B5
BA0D82B1B0
BA0CFB7A6F
BA0C7443F4
BA0BED0E3C
BA0B65D94A
BA0ADEA51B
BA0A5771B2
BA09D03F0C
BA09490D2C
BA08C1DC0F
BA083AABB8
BA07B37C24
BA072C4D55
BA06A51F4B
BA061DF205
BA0596C584
BA050F99C7
BA04886ECE
BA0401449A
BA037A1B2A
BA02F2F27F
BA026BCA98
BA01E4A376
BA015D7D18
BA00D6577E
BA004F32A9
B9FFC80E98
B9FF40EB4B
B9FEB9C8C3
B9FE32A6FF
B9FDAB8600
B9FD2465C5
B9FC9D464E
B9FC16279C
B9FB8F09AE
B9FB07EC84
B9FA80D01E
B9F9F9B47D
B9F97299A0
B9F8EB7F88
B9F8646634
B9F7DD4DA4
B9F75635D8
B9F6CF1ED1
B9F648088D
B9F5C0F30E
B9F539DE54
B9F4B2CA5D
B9F42BB72B
B9F3A4A4BD
B9F31D9314
B9F296822E
B9F20F720D
B9F18862B0
B9F1015417
B9F07A4642
B9EFF33931
B9EF6C2CE5
B9EEE5215D
B9EE5E1699
B9EDD70C99
B9ED50035D
B9ECC8FAE6
B9EC41F332
B9EBBAEC43
B9EB33E618
B9EAACE0B1
B9EA25DC0E
B9E99ED82F
B9E917D514
B9E890D2BE
B9E809D12B
B9E782D05D
B9E6FBD052
B9E674D10C
B9E5EDD28A
B9E566D4CB
B9E4DFD7D1
B9E458DB9B
B9E3D1E029
B9E34AE57B
B9E2C3EB91
B9E23CF26B
B9E1B5FA09
B9E12F026B
B9E0A80B91
B9E021157B
B9DF9A2029
B9DF132B9B
B9DE8C37D1
B9DE0544CA
B9DD7E5288
B9DCF7610A
B9DC707050
B9DBE98059
B9DB629127
B9DADBA2B8
B9DA54B50E
B9D9CDC827
B9D946DC04
B9D8BFF0A6
B9D839060B
B9D7B21C33
B9D72B3320
B9D6A44AD1
B9D61D6345
B9D5967C7E
B9D50F967A
B9D488B13A
B9D401CCBE
B9D37AE906
B9D2F40611
B9D26D23E1
B9D1E64274
B9D15F61CB
B9D0D881E6
B9D051A2C4
B9CFCAC467
B9CF43E6CD
B9CEBD09F7
B9CE362DE4
B9CDAF5296
B9CD28780B
B9CCA19E44
B9CC1AC541
B9CB93ED01
B9CB0D1585
B9CA863ECD
B9C9FF68D9
B9C97893A8
B9C8F1BF3B
B9C86AEB92
B9C7E418AC
B9C75D468A
B9C6D6752C
B9C64FA492
B9C5C8D4BB
B9C54205A8
B9C4BB3758
B9C43469CC
B9C3AD9D04
B9C326D0FF
B9C2A005BE
B9C2193B41
B9C1927187
B9C10BA890
B9C084E05E
B9BFFE18EF
B9BF775243
B9BEF08C5B
B9BE69C737
B9BDE302D6
B9BD5C3F39
B9BCD57C60
B9BC4EBA4A
B9BBC7F8F7
B9BB413868
B9BABA789D
B9BA33B995
B9B9ACFB50
B9B9263DCF
B9B89F8112
B9B818C518
B9B79209E1
B9B70B4F6E
B9B68495BF
B9B5FDDCD3
B9B57724AA
B9B4F06D45
B9B469B6A4
B9B3E300C5
B9B35C4BAB
B9B2D59753
B9B24EE3BF
B9B1C830EF
B9B1417EE2
B9B0BACD98
B9B0341D12
B9AFAD6D4F
B9AF26BE4F
B9AEA01013
B9AE19629A
B9AD92B5E5
B9AD0C09F3
B9AC855EC4
B9ABFEB459
B9AB780AB1
B9AAF161CC
B9AA6AB9AB
B9A9E4124D
B9A95D6BB2
B9A8D6C5DB
B9A85020C7
B9A7C97C76
B9A742D8E8
B9A6BC361E
B9A6359417
B9A5AEF2D3
B9A5285253
B9A4A1B296
B9A41B139C
B9A3947565
B9A30DD7F1
B9A2873B41
B9A2009F54
B9A17A042A
B9A0F369C4
B9A06CD020
B99FE63740
B99F5F9F23
B99ED907C9
B99E527133
B99DCBDB5F
B99D45464F
B99CBEB202
B99C381E78
B99BB18BB1
B99B2AF9AD
B99AA4686C
B99A1DD7EF
B999974835
B99910B93D
B9988A2B09
B998039D98
B9977D10EA
B996F684FF
B9966FF9D8
B995E96F73
B99562E5D1
B994DC5CF3
B99455D4D7
B993CF4D7F
B99348C6E9
B992C24117
B9923BBC07
B991B537BB
B9912EB432
B990A8316B
B99021AF68
B98F9B2E28
B98F14ADAA
B98E8E2DF0
B98E07AEF9
B98D8130C4
B98CFAB353
B98C7436A4
B98BEDBAB9
B98B673F90
B98AE0C52A
B98A5A4B88
B989D3D2A8
B9894D5A8B
B988C6E331
B988406C9A
B987B9F6C6
B9873381B4
B986AD0D66
B9862699DB
B985A02712
B98519B50C
B9849343C9
B9840CD349
B98386638C
B982FFF491
B98279865A
B981F318E5
B9816CAC33
B980E64044
B9805FD518
B97FD96AAE
B97F530108
B97ECC9824
B97E463003
B97DBFC8A4
B97D396209
B97CB2FC30
B97C2C971A
B97BA632C7
B97B1FCF36
B97A996C68
B97A130A5D
B9798CA915
B97906488F
B9787FE8CC
B977F989CC
B977732B8E
B976ECCE14
B97666715B
B975E01566
B97559BA33
B974D35FC3
B9744D0615
B973C6AD2B
B973405502
B972B9FD9D
B97233A6FA
B971AD511A
B97126FBFC
B970A0A7A1
B9701A5409
B96F940133
B96F0DAF1F
B96E875DCF
B96E010D41
B96D7ABD75
B96CF46E6C
B96C6E2026
B96BE7D2A2
B96B6185E1
B96ADB39E2
B96A54EEA6
B969CEA42C
B969485A75
B968C21181
B9683BC94E
B967B581DF
B9672F3B32
B966A8F547
B96622B01F
B9659C6BB9
B965162816
B9648FE535
B96409A317
B9638361BB
B962FD2122
B96276E14B
B961F0A237
B9616A63E5
B960E42655
B9605DE988
B95FD7AD7D
B95F517235
B95ECB37AF
B95E44FDEB
B95DBEC4EA
B95D388CAB
B95CB2552E
B95C2C1E74
B95BA5E87C
B95B1FB347
B95A997ED4
B95A134B23
B9598D1835
B95906E609
B95880B49F
B957FA83F7
B957745412
B956EE24EF
B95667F68F
B955E1C8F1
B9555B9C15
B954D56FFB
B9544F44A3
B953C91A0E
B95342F03B
B952BCC72B
B952369EDC
B951B07750
B9512A5086
B950A42A7E
B9501E0539
B94F97E0B5
B94F11BCF4
B94E8B99F5
B94E0577B8
B94D7F563E
B94CF93585
B94C73158F
B94BECF65B
B94B66D7E9
B94AE0BA39
B94A5A9D4C
B949D48120
B9494E65B7
B948C84B0F
B94842312A
B947BC1807
B94735FFA6
B946AFE808
B94629D12B
B945A3BB10
B9451DA5B8
B944979121
B944117D4D
B9438B6A3B
B9430557EA
B9427F465C
B941F93590
B941732586
B940ED163D
B9406707B7
B93FE0F9F3
B93F5AECF1
B93ED4E0B1
B93E4ED533
B93DC8CA77
B93D42C07D
B93CBCB745
B93C36AECE
B93BB0A71A
B93B2AA028
B93AA499F8
B93A1E9489
B939988FDD
B939128BF2
B9388C88CA
B938068663
B9378084BE
B936FA83DC
B9367483BB
B935EE845C
B9356885BE
B934E287E3
B9345C8ACA
B933D68E72
B9335092DD
B932CA9809
B932449DF7
B931BEA4A7
B93138AC18
B930B2B44C
B9302CBD41
B92FA6C6F8
B92F20D171
B92E9ADCAC
B92E14E8A9
B92D8EF567
B92D0902E7
B92C831129
B92BFD202D
B92B772FF2
B92AF1407A
B92A6B51C3
B929E563CD
B9295F769A
B928D98A28
B928539E78
B927CDB38A
B92747C95D
B926C1DFF2
B9263BF749
B925B60F61
B92530283C
B924AA41D7
B924245C35
B9239E7754
B923189335
B92292AFD7
B9220CCD3C
B92186EB61
B921010A49
B9207B29F2
B91FF54A5C
B91F6F6B89
B91EE98D77
B91E63B026
B91DDDD397
B91D57F7CA
B91CD21CBE
B91C4C4274
B91BC668EC
B91B409025
B91ABAB81F
B91A34E0DB
B919AF0A59
B919293498
B918A35F99
B9181D8B5B
B91797B7DF
B91711E524
B9168C132B
B9160641F3
B91580717D
B914FAA1C8
B91474D2D5
B913EF04A4
B913693733
B912E36A84
B9125D9E97
B911D7D36B
B911520901
B910CC3F58
B910467670
B90FC0AE4A
B90F3AE6E5
B90EB52042
B90E2F5A60
B90DA9953F
B90D23D0E0
B90C9E0D43
B90C184A66
B90B92884B
B90B0CC6F2
B90A870659
B90A014682
B9097B876D
B908F5C919
B908700B86
B907EA4EB4
B9076492A4
B906DED755
B906591CC7
B905D362FB
B9054DA9F0
B904C7F1A6
B904423A1E
B903BC8357
B90336CD51
B902B1180C
B9022B6389
B901A5AFC7
B9011FFCC6
B9009A4A86
B900149908
B8FF8EE84B
B8FF09384F
B8FE838914
B8FDFDDA9B
B8FD782CE2
B8FCF27FEB
B8FC6CD3B5
B8FBE72841
B8FB617D8D
B8FADBD39B
B8FA562A69
B8F9D081F9
B8F94ADA4A
B8F8C5335D
B8F83F8D30
B8F7B9E7C4
B8F734431A
B8F6AE9F31
B8F628FC08
B8F5A359A1
B8F51DB7FB
B8F4981717
B8F41276F3
B8F38CD790
B8F30738EE
B8F2819B0E
B8F1FBFDEE
B8F1766190
B8F0F0C5F3
B8F06B2B16
B8EFE590FB
B8EF5FF7A1
B8EEDA5F07
B8EE54C72F
B8EDCF3018
B8ED4999C2
B8ECC4042C
B8EC3E6F58
B8EBB8DB45
B8EB3347F2
B8EAADB561
B8EA282391
B8E9A29281
B8E91D0233
B8E89772A5
B8E811E3D9
B8E78C55CD
B8E706C883
B8E6813BF9
B8E5FBB030
B8E5762528
B8E4F09AE1
B8E46B115B
B8E3E58895
B8E3600091
B8E2DA794E
B8E254F2CB
B8E1CF6D09
B8E149E808
B8E0C463C8
B8E03EE049
B8DFB95D8A
B8DF33DB8D
B8DEAE5A50
B8DE28D9D4
B8DDA35A19
B8DD1DDB1F
B8DC985CE5
B8DC12DF6D
B8DB8D62B5
B8DB07E6BE
B8DA826B87
B8D9FCF112
B8D977775D
B8D8F1FE69
B8D86C8635
B8D7E70EC3
B8D7619811
B8D6DC2220
B8D656ACEF
B8D5D13880
B8D54BC4D1
B8D4C651E2
B8D440DFB5
B8D3BB6E48
B8D335FD9C
B8D2B08DB0
B8D22B1E85
B8D1A5B01B
B8D1204272
B8D09AD589
B8D0156960
B8CF8FFDF9
B8CF0A9352
B8CE85296C
B8CDFFC046
B8CD7A57E1
B8CCF4F03C
B8CC6F8958
B8CBEA2335
B8CB64BDD2
B8CADF5930
B8CA59F54F
B8C9D4922E
B8C94F2FCD
B8C8C9CE2D
B8C8446D4E
B8C7BF0D2F
B8C739ADD1
B8C6B44F33
B8C62EF156
B8C5A9943A
B8C52437DD
B8C49EDC42
B8C4198167
B8C394274C
B8C30ECDF2
B8C2897558
B8C2041D7F
B8C17EC666
B8C0F9700E
B8C0741A76
B8BFEEC59F
B8BF697188
B8BEE41E32
B8BE5ECB9B
B8BDD979C6
B8BD5428B1
B8BCCED85C
B8BC4988C7
B8BBC439F3
B8BB3EEBE0
B8BAB99E8D
B8BA3451FA
B8B9AF0627
B8B929BB15
B8B8A470C4
B8B81F2732
B8B799DE61
B8B7149650
B8B68F4F00
B8B60A0870
B8B584C2A0
B8B4FF7D91
B8B47A3942
B8B3F4F5B3
B8B36FB2E5
B8B2EA70D6
B8B2652F88
B8B1DFEEFB
B8B15AAF2D
B8B0D57020
B8B05031D4
B8AFCAF447
B8AF45B77B
B8AEC07B6F
B8AE3B4023
B8ADB60597
B8AD30CBCC
B8ACAB92C0
B8AC265A75
B8ABA122EB
B8AB1BEC20
B8AA96B616
B8AA1180CB
B8A98C4C41
B8A9071877
B8A881E56E
B8A7FCB324
B8A777819B
B8A6F250D1
B8A66D20C8
B8A5E7F17F
B8A562C2F6
B8A4DD952E
B8A4586825
B8A3D33BDC
B8A34E1054
B8A2C8E58C
B8A243BB83
B8A1BE923B
B8A13969B3
B8A0B441EB
B8A02F1AE3
B89FA9F49B
B89F24CF13
B89E9FAA4C
B89E1A8644
B89D9562FC
B89D104074
B89C8B1EAD
B89C05FDA5
B89B80DD5D
B89AFBBDD5
B89A769F0E
B899F18106
B8996C63BE
B898E74736
B898622B6F
B897DD1067
B89757F61F
B896D2DC97
B8964DC3CF
B895C8ABC7
B89543947F
B894BE7DF7
B89439682E
B893B45326
B8932F3EDD
B892AA2B55
B89225188C
B891A00683
B8911AF53A
B89095E4B1
B89010D4E8
B88F8BC5DF
B88F06B795
B88E81AA0C
B88DFC9D42
B88D779138
B88CF285EE
B88C6D7B63
B88BE87199
B88B63688E
B88ADE6043
B88A5958B8
B889D451ED
B8894F4BE1
B888CA4696
B88845420A
B887C03E3D
B8873B3B31
B886B638E4
B886313757
B885AC368A
B88527367D
B884A2372F
B8841D38A1
B883983AD2
B883133DC4
B8828E4175
B8820945E6
B881844B16
B880FF5106
B8807A57B6
B87FF55F26
B87F706755
B87EEB7044
B87E6679F2
B87DE18460
B87D5C8F8E
B87CD79B7B
B87C52A828
B87BCDB595
B87B48C3C1
B87AC3D2AD
B87A3EE258
B879B9F2C3
B8793503EE
B878B015D8
B8782B2882
B877A63BEB
B877215014
B8769C64FD
B876177AA5
B87592910C
B8750DA833
B87488C01A
B87403D8C0
B8737EF226
B872FA0C4B
B87275272F
B871F042D4
B8716B5F37
B870E67C5A
B870619A3D
B86FDCB8DF
B86F57D841
B86ED2F862
B86E4E1942
B86DC93AE2
B86D445D41
B86CBF8060
B86C3AA43F
B86BB5C8DC
B86B30EE39
B86AAC1456
B86A273B32
B869A262CD
B8691D8B28
B86898B442
B86813DE1B
B8678F08B4
B8670A340C
B866856024
B866008CFB
B8657BBA91
B864F6E8E6
B8647217FB
B863ED47CF
B863687863
B862E3A9B6
B8625EDBC8
B861DA0E9A
B86155422A
B860D0767A
B8604BAB8A
B85FC6E158
B85F4217E6
B85EBD4F34
B85E388740
B85DB3C00C
B85D2EF997
B85CAA33E1
B85C256EEA
B85BA0AAB3
B85B1BE73B
B85A972482
B85A126288
B8598DA14E
B85908E0D2
B858842116
B857FF6219
B8577AA3DB
B856F5E65D
B85671299D
B855EC6D9D
B85567B25C
B854E2F7DA
B8545E3E17
B853D98513
B85354CCCF
B852D01549
B8524B5E83
B851C6A87C
B85141F334
B850BD3EAB
B850388AE1
B84FB3D7D6
B84F2F258A
B84EAA73FD
B84E25C32F
B84DA11321
B84D1C63D1
B84C97B541
B84C13076F
B84B8E5A5D
B84B09AE09
B84A850275
B84A0057A0
B8497BAD89
B848F70432
B848725B99
B847EDB3C0
B847690CA6
B846E4664A
B8465FC0AE
B845DB1BD0
B8455677B2
B844D1D452
B8444D31B1
B843C88FD0
B84343EEAD
B842BF4E49
B8423AAEA4
B841B60FBE
B841317197
B840ACD42F
B840283785
B83FA39B9B
B83F1F006F
B83E9A6603
B83E15CC55
B83D913366
B83D0C9B36
B83C8803C5
B83C036D12
B83B7ED71F
B83AFA41EA
B83A75AD74
B839F119BD
B8396C86C4
B838E7F48B
B838636310
B837DED254
B8375A4257
B836D5B319
B836512499
B835CC96D9
B8354809D7
B834C37D93
B8343EF20F
B833BA6749
B83335DD42
B832B153FA
B8322CCB70
B831A843A5
B83123BC99
B8309F364C
B8301AB0BD
B82F962BED
B82F11A7DB
B82E8D2489
B82E08A1F5
B82D84201F
B82CFF9F09
B82C7B1EB1
B82BF69F17
B82B72203D
B82AEDA220
B82A6924C3
B829E4A824
B829602C44
B828DBB122
B8285736BF
B827D2BD1B
B8274E4435
B826C9CC0E
B8264554A5
B825C0DDFB
B8253C680F
B824B7F2E2
B824337E74
B823AF0AC4
B8232A97D3
B822A625A0
B82221B42C
B8219D4376
B82118D37F
B820946446
B8200FF5CC
B81F8B8810
B81F071B13
B81E82AED4
B81DFE4354
B81D79D892
B81CF56E8F
B81C71054A
B81BEC9CC4
B81B6834FC
B81AE3CDF2
B81A5F67A7
B819DB021A
B819569D4C
B818D2393C
B8184DD5EB
B817C97358
B817451183
B816C0B06D
B8163C5015
B815B7F07C
B8153391A1
B814AF3384
B8142AD626
B813A67986
B813221DA4
B8129DC281
B81219681C
B811950E75
B81110B58D
B8108C5D63
B8100805F7
B80F83AF4A
B80EFF595B
B80E7B042A
B80DF6AFB7
B80D725C03
B80CEE090D
B80C69B6D6
B80BE5655C
B80B6114A1
B80ADCC4A4
B80A587565
B809D426E5
B8094FD923
B808CB8C1F
B808473FD9
B807C2F451
B8073EA988
B806BA5F7D
B806361630
B805B1CDA1
B8052D85D0
B804A93EBE
B80424F869
B803A0B2D3
B8031C6DFB
B8029829E1
B80213E686
B8018FA3E8
B8010B6209
B8008720E7
B80002E084
B7FF7EA0DF
B7FEFA61F8
B7FE7623CF
B7FDF1E665
B7FD6DA9B8
B7FCE96DC9
B7FC653299
B7FBE0F826
B7FB5CBE72
B7FAD8857B
B7FA544D43
B7F9D015C9
B7F94BDF0C
B7F8C7A90E
B7F84373CE
B7F7BF3F4C
B7F73B0B88
B7F6B6D882
B7F632A639
B7F5AE74AF
B7F52A43E3
B7F4A613D5
B7F421E484
B7F39DB5F2
B7F319881E
B7F2955B07
B7F2112EAF
B7F18D0315
B7F108D838
B7F084AE19
B7F00084B9
B7EF7C5C16
B7EEF83431
B7EE740D0A
B7EDEFE6A1
B7ED6BC0F6
B7ECE79C08
B7EC6377D9
B7EBDF5467
B7EB5B31B4
B7EAD70FBE
B7EA52EE86
B7E9CECE0C
B7E94AAE50
B7E8C68F51
B7E8427110
B7E7BE538E
B7E73A36C9
B7E6B61AC2
B7E631FF78
B7E5ADE4ED
B7E529CB1F
B7E4A5B20F
B7E42199BD
B7E39D8228
B7E3196B51
B7E2955539
B7E2113FDD
B7E18D2B40
B7E1091760
B7E085043E
B7E000F1DA
B7DF7CE034
B7DEF8CF4B
B7DE74BF20
B7DDF0AFB2
B7DD6CA103
B7DCE89311
B7DC6485DC
B7DBE07966
B7DB5C6DAD
B7DAD862B2
B7DA545874
B7D9D04EF4
B7D94C4632
B7D8C83E2D
B7D84436E6
B7D7C0305D
B7D73C2A91
B7D6B82583
B7D6342132
B7D5B01D9F
B7D52C1ACA
B7D4A818B2
B7D4241758
B7D3A016BB
B7D31C16DC
B7D29817BB
B7D2141957
B7D1901BB0
B7D10C1EC8
B7D088229C
B7D004272F
B7CF802C7E
B7CEFC328C
B7CE783957
B7CDF440DF
B7CD704925
B7CCEC5228
B7CC685BE9
B7CBE46667
B7CB6071A3
B7CADC7D9C
B7CA588A53
B7C9D497C7
B7C950A5F9
B7C8CCB4E8
B7C848C495
B7C7C4D4FF
B7C740E626
B7C6BCF80B
B7C6390AAD
B7C5B51E0D
B7C531322A
B7C4AD4704
B7C4295C9C
B7C3A572F1
B7C3218A04
B7C29DA1D4
B7C219BA61
B7C195D3AC
B7C111EDB4
B7C08E087A
B7C00A23FC
B7BF86403D
B7BF025D3A
B7BE7E7AF5
B7BDFA996D
B7BD76B8A2
B7BCF2D895
B7BC6EF945
B7BBEB1AB2
B7BB673CDD
B7BAE35FC5
B7BA5F836A
B7B9DBA7CC
B7B957CCEC
B7B8D3F2C9
B7B8501963
B7B7CC40BA
B7B74868CF
B7B6C491A1
B7B640BB30
B7B5BCE57C
B7B5391086
B7B4B53C4C
B7B43168D0
B7B3AD9612
B7B329C410
B7B2A5F2CB
B7B2222244
B7B19E527A
B7B11A836D
B7B096B51D
B7B012E78A
B7AF8F1AB5
B7AF0B4E9C
B7AE878341
B7AE03B8A3
B7AD7FEEC2
B7ACFC259E
B7AC785D37
B7ABF4958D
B7AB70CEA1
B7AAED0871
B7AA6942FF
B7A9E57E49
B7A961BA51
B7A8DDF716
B7A85A3497
B7A7D672D6
B7A752B1D2
B7A6CEF18B
B7A64B3201
B7A5C77334
B7A543B524
B7A4BFF7D1
B7A43C3B3B
B7A3B87F62
B7A334C446
B7A2B109E7
B7A22D5045
B7A1A99760
B7A125DF38
B7A0A227CD
B7A01E711F
B79F9ABB2E
B79F1705F9
B79E935182
B79E0F9DC8
B79D8BEACA
B79D08388A
B79C848706
B79C00D63F
B79B7D2635
B79AF976E9
B79A75C859
B799F21A85
B7996E6D6F
B798EAC116
B798671579
B797E36A99
B7975FC077
B796DC1711
B796586E68
B795D4C67B
B795511F4C
B794CD78D9
B79449D323
B793C62E2A
B7934289EE
B792BEE66F
B7923B43AC
B791B7A1A6
B79134005D
B790B05FD1
B7902CC001
B78FA920EE
B78F258298
B78EA1E4FF
B78E1E4822
B78D9AAC03
B78D17109F
B78C9375F9
B78C0FDC0F
B78B8C42E2
B78B08AA72
B78A8512BF
B78A017BC8
B7897DE58E
B788FA5010
B78876BB4F
B787F3274B
B7876F9404
B786EC0179
B786686FAB
B785E4DE99
B785614E44
B784DDBEAC
B7845A2FD0
B783D6A1B1
B78353144F
B782CF87A9
B7824BFBBF
B781C87093
B78144E623
B780C15C6F
B7803DD378
B77FBA4B3E
B77F36C3C0
B77EB33CFF
B77E2FB6FA
B77DAC31B2
B77D28AD27
B77CA52957
B77C21A645
B77B9E23EF
B77B1AA255
B77A972178
B77A13A158
B7799021F4
B7790CA34C
B778892561
B77805A833
B777822BC0
B776FEB00B
B7767B3512
B775F7BAD5
B775744154
B774F0C891
B7746D5089
B773E9D93E
B7736662B0
B772E2ECDD
B7725F77C8
B771DC036E
B771588FD1
B770D51CF1
B77051AACC
B76FCE3964
B76F4AC8B9
B76EC758CA
B76E43E997
B76DC07B21
B76D3D0D67
B76CB9A069
B76C363427
B76BB2C8A2
B76B2F5DDA
B76AABF3CD
B76A288A7D
B769A521E9
B76921BA12
B7689E52F6
B7681AEC97
B7679786F5
B76714220E
B76690BDE4
B7660D5A76
B76589F7C5
B7650695CF
B764833496
B763FFD419
B7637C7458
B762F91554
B76275B70C
B761F25980
B7616EFCB0
B760EBA09C
B760684545
B75FE4EAA9
B75F6190CA
B75EDE37A7
B75E5ADF41
B75DD78796
B75D5430A7
B75CD0DA75
B75C4D84FF
B75BCA3045
B75B46DC47
B75AC38905
B75A403680
B759BCE4B6
B7593993A8
B758B64357
B75832F3C2
B757AFA4E9
B7572C56CC
B756A9096A
B75625BCC6
B755A270DD
B7551F25B0
B7549BDB3F
B75418918A
B753954891
B753120055
B7528EB8D4
B7520B720F
B751882C07
B75104E6BA
B75081A229
B74FFE5E55
B74F7B1B3C
B74EF7D8DF
B74E74973F
B74DF1565A
B74D6E1631
B74CEAD6C4
B74C679813
B74BE45A1F
B74B611CE6
B74ADDE068
B74A5AA4A7
B749D769A2
B749542F59
B748D0F5CB
B7484DBCFA
B747CA84E4
B747474D8A
B746C416ED
B74640E10B
B745BDABE5
B7453A777A
B744B743CC
B7443410D9
B743B0DEA3
B7432DAD28
B742AA7C69
B742274C66
B741A41D1E
B74120EE93
B7409DC0C3
B7401A93AF
B73F976757
B73F143BBB
B73E9110DA
B73E0DE6B5
B73D8ABD4C
B73D07949F
B73C846CAD
B73C014578
B73B7E1EFE
B73AFAF93F
B73A77D43D
B739F4AFF6
B739718C6B
B738EE699B
B7386B4788
B737E82630
B737650594
B736E1E5B3
B7365EC68E
B735DBA825
B735588A77
B734D56D86
B73452514F
B733CF35D5
B7334C1B16
B732C90113
B73245E7CB
B731C2CF3F
B7313FB76F
B730BCA05A
B730398A01
B72FB67463
B72F335F81
B72EB04B5B
B72E2D37F0
B72DAA2541
B72D27134D
B72CA40215
B72C20F199
B72B9DE1D8
B72B1AD2D2
B72A97C489
B72A14B6FA
B72991AA27
B7290E9E10
B7288B92B5
B728088814
B727857E30
B727027506
B7267F6C99
B725FC64E6
B725795DF0
B724F657B4
B724735235
B723F04D70
B7236D4967
B722EA461A
B722674388
B721E441B2
B721614096
B720DE4037
B7205B4092
B71FD841AA
B71F55437C
B71ED2460A
B71E4F4954
B71DCC4D58
B71D495218
B71CC65794
B71C435DCB
B71BC064BD
B71B3D6C6B
B71ABA74D4
B71A377DF8
B719B487D8
B719319273
B718AE9DC9
B7182BA9DA
B717A8B6A7
B71725C430
B716A2D273
B7161FE172
B7159CF12C
B7151A01A2
B7149712D2
B7141424BE
B713913766
B7130E4AC8
B7128B5EE6
B7120873BF
B711858953
B711029FA3
B7107FB6AE
B70FFCCE73
B70F79E6F5
B70EF70031
B70E741A29
B70DF134DB
B70D6E5049
B70CEB6C73
B70C688957
B70BE5A6F6
B70B62C551
B70ADFE467
B70A5D0438
B709DA24C4
B70957460C
B708D4680E
B708518ACC
B707CEAE44
B7074BD278
B706C8F767
B706461D11
B705C34376
B705406A97
B704BD9272
B7043ABB08
B703B7E45A
B703350E66
B702B2392E
B7022F64B1
B701AC90EE
B70129BDE7
B700A6EB9B
B700241A0A
B6FFA14934
B6FF1E7919
B6FE9BA9B9
B6FE18DB14
B6FD960D2A
B6FD133FFB
B6FC907386
B6FC0DA7CD
B6FB8ADCCF
B6FB08128C
B6FA854904
B6FA028037
B6F97FB825
B6F8FCF0CD
B6F87A2A31
B6F7F76450
B6F7749F29
B6F6F1DABE
B6F66F170D
B6F5EC5417
B6F56991DC
B6F4E6D05C
B6F4640F97
B6F3E14F8D
B6F35E903E
B6F2DBD1AA
B6F25913D0
B6F1D656B1
B6F1539A4E
B6F0D0DEA5
B6F04E23B7
B6EFCB6983
B6EF48B00B
B6EEC5F74D
B6EE433F4B
B6EDC08803
B6ED3DD175
B6ECBB1BA3
B6EC38668C
B6EBB5B22F
B6EB32FE8D
B6EAB04BA6
B6EA2D9979
B6E9AAE807
B6E9283751
B6E8A58754
B6E822D813
B6E7A0298C
B6E71D7BC0
B6E69ACEAF
B6E6182259
B6E59576BD
B6E512CBDC
B6E49021B5
B6E40D784A
B6E38ACF99
B6E30827A3
B6E2858067
B6E202D9E6
B6E1803420
B6E0FD8F14
B6E07AEAC3
B6DFF8472D
B6DF75A451
B6DEF30230
B6DE7060CA
B6DDEDC01E
B6DD6B202D
B6DCE880F7
B6DC65E27B
B6DBE344B9
B6DB60A7B3
B6DADE0B66
B6DA5B6FD5
B6D9D8D4FE
B6D9563AE2
B6D8D3A180
B6D85108D8
B6D7CE70EC
B6D74BD9B9
B6D6C94342
B6D646AD85
B6D5C41882
B6D541843A
B6D4BEF0AD
B6D43C5DD9
B6D3B9CBC1
B6D3373A63
B6D2B4A9BF
B6D23219D6
B6D1AF8AA8
B6D12CFC34
B6D0AA6E7A
B6D027E17B
B6CFA55536
B6CF22C9AC
B6CEA03EDC
B6CE1DB4C6
B6CD9B2B6C
B6CD18A2CB
B6CC961AE5
B6CC1393B9
B6CB910D48
B6CB0E8791
B6CA8C0294
B6CA097E52
B6C986FACA
B6C90477FD
B6C881F5EA
B6C7FF7491
B6C77CF3F3
B6C6FA740F
B6C677F4E6
B6C5F57676
B6C572F8C1
B6C4F07BC7
B6C46DFF86
B6C3EB8400
B6C3690935
B6C2E68F23
B6C26415CC
B6C1E19D30
B6C15F254D
B6C0DCAE25
B6C05A37B7
B6BFD7C203
B6BF554D0A
B6BED2D8CB
B6BE506546
B6BDCDF27B
B6BD4B806B
B6BCC90F14
B6BC469E79
B6BBC42E97
B6BB41BF6F
B6BABF5102
B6BA3CE34F
B6B9BA7656
B6B9380A17
B6B8B59E92
B6B83333C8
B6B7B0C9B8
B6B72E6062
B6B6ABF7C6
B6B6298FE4
B6B5A728BC
B6B524C24F
B6B4A25C9B
B6B41FF7A2
B6B39D9363
B6B31B2FDE
B6B298CD13
B6B2166B02
B6B19409AB
B6B111A90F
B6B08F492C
B6B00CEA04
B6AF8A8B95
B6AF082DE1
B6AE85D0E7
B6AE0374A7
B6AD811920
B6ACFEBE54
B6AC7C6442
B6ABFA0AEA
B6AB77B24C
B6AAF55A68
B6AA73033E
B6A9F0ACCE
B6A96E5718
B6A8EC021C
B6A869ADDA
B6A7E75A52
B6A7650784
B6A6E2B570
B6A6606415
B6A5DE1375
B6A55BC38F
B6A4D97463
B6A45725F0
B6A3D4D838
B6A3528B39
B6A2D03EF5
B6A24DF36A
B6A1CBA899
B6A1495E82
B6A0C71525
B6A044CC82
B69FC28499
B69F403D6A
B69EBDF6F4
B69E3BB139
B69DB96C37
B69D3727EF
B69CB4E461
B69C32A18D
B69BB05F72
B69B2E1E12
B69AABDD6B
B69A299D7E
B699A75E4B
B699251FD2
B698A2E212
B69820A50C
B6979E68C1
B6971C2D2E
B69699F256
B69617B837
B695957ED3
B695134627
B694910E36
B6940ED6FF
B6938CA081
B6930A6ABD
B6928835B2
B692060161
B69183CDCA
B691019AED
B6907F68CA
B68FFD3760
B68F7B06B0
B68EF8D6B9
B68E76A77C
B68DF478F9
B68D724B30
B68CF01E20
B68C6DF1CA
B68BEBC62D
B68B699B4A
B68AE77121
B68A6547B1
B689E31EFB
B68960F6FF
B688DECFBC
B6885CA933
B687DA8363
B687585E4D
B686D639F1
B68654164E
B685D1F365
B6854FD135
B684CDAFBF
B6844B8F02
B683C96EFF
B683474FB6
B682C53126
B68243134F
B681C0F633
B6813ED9CF
B680BCBE25
B6803AA335
B67FB888FE
B67F366F81
B67EB456BD
B67E323EB2
B67DB02762
B67D2E10CA
B67CABFAEC
B67C29E5C8
B67BA7D15D
B67B25BDAB
B67AA3AAB3
B67A219874
B6799F86EF
B6791D7623
B6789B6610
B6781956B7
B677974818
B677153A31
B676932D04
B676112091
B6758F14D7
B6750D09D6
B6748AFF8F
B67408F601
B67386ED2C
B67304E511
B67282DDAF
B67200D706
B6717ED117
B670FCCBE1
B6707AC764
B66FF8C3A1
B66F76C097
B66EF4BE46
B66E72BCAF
B66DF0BBD0
B66D6EBBAC
B66CECBC40
B66C6ABD8E
B66BE8BF95
B66B66C255
B66AE4C5CE
B66A62CA01
B669E0CEED
B6695ED492
B668DCDAF0
B6685AE208
B667D8E9D9
B66756F263
B666D4FBA6
B6665305A3
B665D11058
B6654F1BC7
B664CD27EF
B6644B34D0
B663C9426B
B6634750BE
B662C55FCB
B662436F91
B661C18010
B6613F9148
B660BDA339
B6603BB5E3
B65FB9C947
B65F37DD64
B65EB5F239
B65E3407C8
B65DB21E10
B65D303511
B65CAE4CCB
B65C2C653E
B65BAA7E6A
B65B289850
B65AA6B2EE
B65A24CE45
B659A2EA56
B65921071F
B6589F24A2
B6581D42DD
B6579B61D2
B657198180
B65697A1E6
B65615C306
B65593E4DE
B655120770
B654902ABB
B6540E4EBE
B6538C737B
B6530A98F0
B65288BF1F
B65206E606
B651850DA7
B651033600
B650815F12
B64FFF88DD
B64F7DB361
B64EFBDE9F
B64E7A0A94
B64DF83743
B64D7664AB
B64CF492CC
B64C72C1A5
B64BF0F138
B64B6F2183
B64AED5287
B64A6B8444
B649E9B6BA
B64967E9E9
B648E61DD1
B648645271
B647E287CA
B64760BDDD
B646DEF4A8
B6465D2C2B
B645DB6468
B645599D5D
B644D7D70B
B644561172
B643D44C92
B64352886B
B642D0C4FC
B6424F0246
B641CD4049
B6414B7F05
B640C9BE79
B64047FEA6
B63FC63F8C
B63F44812B
B63EC2C382
B63E410692
B63DBF4A5B
B63D3D8EDC
B63CBBD416
B63C3A1A09
B63BB860B5
B63B36A819
B63AB4F036
B63A33390C
B639B1829A
B6392FCCE1
B638AE17E0
B6382C6399
B637AAB00A
B63728FD33
B636A74B15
B6362599B0
B635A3E903
B63522390F
B634A089D4
B6341EDB51
B6339D2D87
B6331B8075
B63299D41C
B63218287C
B631967D94
B63114D365
B6309329EE
B630118130
B62F8FD92A
B62F0E31DD
B62E8C8B49
B62E0AE56C
B62D894049
B62D079BDE
B62C85F82B
B62C045532
B62B82B2F0
B62B011167
B62A7F7097
B629FDD07F
B6297C311F
B628FA9278
B62878F489
B627F75753
B62775BAD5
B626F41F10
B626728403
B625F0E9AF
B6256F5013
B624EDB72F
B6246C1F04
B623EA8792
B62368F0D7
B622E75AD5
B62265C58C
B621E430FB
B621629D22
B620E10A02
B6205F779A
B61FDDE5EA
B61F5C54F3
B61EDAC4B4
B61E59352D
B61DD7A65F
B61D561849
B61CD48AEB
B61C52FE46
B61BD17259
B61B4FE724
B61ACE5CA8
B61A4CD2E4
B619CB49D8
B61949C185
B618C839E9
B61846B306
B617C52CDC
B61743A769
B616C222AF
B616409EAD
B615BF1B63
B6153D98D2
B614BC16F9
B6143A95D8
B613B9156F
B6133795BE
B612B616C6
B612349886
B611B31AFE
B611319E2E
B610B02216
B6102EA6B7
B60FAD2C10
B60F2BB221
B60EAA38EA
B60E28C06B
B60DA748A4
B60D25D196
B60CA45B3F
B60C22E5A1
B60BA170BB
B60B1FFC8D
B60A9E8917
B60A1D1659
B6099BA453
B6091A3306
B60898C270
B608175293
B60795E36D
B607147500
B60693074B
B606119A4E
B605902E09
B6050EC27B
B6048D57A6
B6040BED89
B6038A8424
B603091B77
B60287B382
B602064C45
B60184E5C0
B601037FF3
B600821ADE
B60000B681
B5FF7F52DC
B5FEFDEFEF
B5FE7C8DBA
B5FDFB2C3D
B5FD79CB78
B5FCF86B6B
B5FC770C15
B5FBF5AD78
B5FB744F93
B5FAF2F265
B5FA7195F0
B5F9F03A32
B5F96EDF2C
B5F8ED84DE
B5F86C2B48
B5F7EAD26A
B5F7697A44
B5F6E822D6
B5F666CC1F
B5F5E57621
B5F56420DA
B5F4E2CC4B
B5F4617874
B5F3E02555
B5F35ED2ED
B5F2DD813E
B5F25C3046
B5F1DAE006
B5F159907E
B5F0D841AE
B5F056F395
B5EFD5A635
B5EF54598C
B5EED30D9B
B5EE51C261
B5EDD077E0
B5ED4F2E16
B5ECCDE504
B5EC4C9CA9
B5EBCB5507
B5EB4A0E1C
B5EAC8C7E9
B5EA47826E
B5E9C63DAA
B5E944F99E
B5E8C3B64A
B5E84273AD
B5E7C131C8
B5E73FF09B
B5E6BEB026
B5E63D7068
B5E5BC3162
B5E53AF313
B5E4B9B57D
B5E438789D
B5E3B73C76
B5E3360106
B5E2B4C64E
B5E2338C4D
B5E1B25304
B5E1311A73
B5E0AFE299
B5E02EAB77
B5DFAD750D
B5DF2C3F5A
B5DEAB0A5E
B5DE29D61B
B5DDA8A28F
B5DD276FBA
B5DCA63D9D
B5DC250C37
B5DBA3DB89
B5DB22AB93
B5DAA17C54
B5DA204DCD
B5D99F1FFD
B5D91DF2E5
B5D89CC684
B5D81B9ADB
B5D79A6FE9
B5D71945AF
B5D6981C2C
B5D616F361
B5D595CB4D
B5D514A3F1
B5D4937D4C
B5D412575F
B5D3913229
B5D3100DAB
B5D28EE9E4
B5D20DC6D4
B5D18CA47C
B5D10B82DB
B5D08A61F2
B5D00941C0
B5CF882246
B5CF070383
B5CE85E577
B5CE04C823
B5CD83AB86
B5CD028FA0
B5CC817472
B5CC0059FC
B5CB7F403C
B5CAFE2734
B5CA7D0EE3
B5C9FBF74A
B5C97AE068
B5C8F9CA3D
B5C878B4CA
B5C7F7A00E
B5C7768C09
B5C6F578BC
B5C6746626
B5C5F35447
B5C5724320
B5C4F132AF
B5C47022F6
B5C3EF13F5
B5C36E05AA
B5C2ECF817
B5C26BEB3B
B5C1EADF17
B5C169D3A9
B5C0E8C8F3
B5C067BEF4
B5BFE6B5AD
B5BF65AD1C
B5BEE4A543
B5BE639E21
B5BDE297B6
B5BD619202
B5BCE08D06
B5BC5F88C0
B5BBDE8532
B5BB5D825B
B5BADC803C
B5BA5B7ED3
B5B9DA7E22
B5B9597E27
B5B8D87EE4
B5B8578058
B5B7D68283
B5B7558565
B5B6D488FF
B5B6538D4F
B5B5D29257
B5B5519815
B5B4D09E8B
B5B44FA5B8
B5B3CEAD9C
B5B34DB637
B5B2CCBF89
B5B24BC992
B5B1CAD452
B5B149DFC9
B5B0C8EBF8
B5B047F8DD
B5AFC70679
B5AF4614CD
B5AEC523D7
B5AE443399
B5ADC34411
B5AD425540
B5ACC16727
B5AC4079C4
B5ABBF8D19
B5AB3EA124
B5AABDB5E6
B5AA3CCB60
B5A9BBE190
B5A93AF877
B5A8BA1016
B5A839286B
B5A7B84177
B5A7375B3A
B5A6B675B4
B5A63590E5
B5A5B4ACCD
B5A533C96B
B5A4B2E6C1
B5A43204CD
B5A3B12391
B5A330430B
B5A2AF633C
B5A22E8424
B5A1ADA5C3
B5A12CC819
B5A0ABEB26
B5A02B0EE9
B59FAA3363
B59F295895
B59EA87E7D
B59E27A51B
B59DA6CC71
B59D25F47D
B59CA51D41
B59C2446BB
B59BA370EC
B59B229BD3
B59AA1C772
B59A20F3C7
B599A020D3
B5991F4E96
B5989E7D0F
B5981DAC40
B5979CDC27
B5971C0CC4
B5969B3E19
B5961A7024
B59599A2E6
B59518D65F
B594980A8E
B594173F74
B593967511
B59315AB65
B59294E26F
B592141A30
B5919352A7
B591128BD5
B59091C5BA
B590110056
B58F903BA8
B58F0F77B1
B58E8EB470
B58E0DF1E7
B58D8D3013
B58D0C6EF7
B58C8BAE91
B58C0AEEE1
B58B8A2FE9
B58B0971A6
B58A88B41B
B58A07F746
B589873B27
B589067FC0
B58885C50E
B588050B14
B5878451D0
B587039942
B58682E16B
B586022A4B
B5858173E1
B58500BE2D
B584800930
B583FF54EA
B5837EA15A
B582FDEE81
B5827D3C5E
B581FC8AF1
B5817BDA3C
B580FB2A3C
B5807A7AF3
B57FF9CC61
B57F791E85
B57EF8715F
B57E77C4F0
B57DF71938
B57D766E36
B57CF5C3EA
B57C751A54
B57BF47176
B57B73C94D
B57AF321DB
B57A727B1F
B579F1D51A
B579712FCB
B578F08B33
B5786FE751
B577EF4425
B5776EA1B0
B576EDFFF1
B5766D5EE8
B575ECBE96
B5756C1EFA
B574EB8014
B5746AE1E5
B573EA446C
B57369A7AA
B572E90B9D
B572687047
B571E7D5A8
B571673BBE
B570E6A28B
B570660A0E
B56FE57248
B56F64DB38
B56EE444DE
B56E63AF3A
B56DE31A4D
B56D628615
B56CE1F295
B56C615FCA
B56BE0CDB5
B56B603C57
B56ADFABAF
B56A5F1BBD
B569DE8C82
B5695DFDFC
B568DD702D
B5685CE314
B567DC56B1
B5675BCB05
B566DB400E
B5665AB5CE
B565DA2C44
B56559A370
B564D91B52
B5645893EB
B563D80D39
B56357873E
B562D701F8
B562567D69
B561D5F990
B56155766D
B560D4F401
B56054724A
B55FD3F149
B55F5370FF
B55ED2F16A
B55E52728C
B55DD1F464
B55D5176F1
B55CD0FA35
B55C507E2F
B55BD002DF
B55B4F8845
B55ACF0E61
B55A4E9533
B559CE1CBB
B5594DA4F9
B558CD2DED
B5584CB797
B557CC41F7
B5574BCD0D
B556CB58D9
B5564AE55B
B555CA7293
B5554A0081
B554C98F25
B554491E7F
B553C8AE8F
B553483F55
B552C7D0D0
B552476302
B551C6F5E9
B551468987
B550C61DDA
B55045B2E4
B54FC548A3
B54F44DF18
B54EC47643
B54E440E24
B54DC3A6BB
B54D434007
B54CC2DA0A
B54C4274C2
B54BC21031
B54B41AC55
B54AC1492F
B54A40E6BE
B549C08504
B5494023FF
B548BFC3B1
B5483F6418
B547BF0535
B5473EA707
B546BE4990
B5463DECCE
B545BD90C2
B5453D356C
B544BCDACB
B5443C80E1
B543BC27AC
B5433BCF2D
B542BB7763
B5423B2050
B541BAC9F2
B5413A744A
B540BA1F57
B54039CB1B
B53FB97794
B53F3924C3
B53EB8D2A7
B53E388141
B53DB83091
B53D37E096
B53CB79152
B53C3742C2
B53BB6F4E9
B53B36A7C5
B53AB65B57
B53A360F9E
B539B5C49C
B539357A4E
B538B530B7
B53834E7D5
B537B49FA9
B537345832
B536B41171
B53633CB65
B535B3860F
B53533416F
B534B2FD84
B53432BA4F
B533B277CF
B533323605
B532B1F4F1
B53231B492
B531B174E9
B5313135F5
B530B0F7B7
B53030BA2E
B52FB07D5B
B52F30413D
B52EB005D5
B52E2FCB22
B52DAF9125
B52D2F57DD
B52CAF1F4B
B52C2EE76E
B52BAEB047
B52B2E79D5
B52AAE4419
B52A2E0F12
B529ADDAC1
B5292DA725
B528AD743F
B5282D420E
B527AD1092
B5272CDFCC
B526ACAFBB
B5262C8060
B525AC51BA
B5252C23C9
B524ABF68E
B5242BCA09
B523AB9E38
B5232B731D
B522AB48B8
B5222B1F07
B521AAF60D
B5212ACDC7
B520AAA637
B5202A7F5C
B51FAA5937
B51F2A33C7
B51EAA0F0C
B51E29EB06
B51DA9C7B6
B51D29A51B
B51CA98336
B51C296205
B51BA9418A
B51B2921C5
B51AA902B4
B51A28E459
B519A8C6B3
B51928A9C3
B518A88D87
B518287201
B517A85730
B517283D15
B516A823AE
B516280AFD
B515A7F301
B51527DBBB
B514A7C529
B51427AF4D
B513A79A26
B5132785B4
B512A771F7
B512275EF0
B511A74C9D
B511273B00
B510A72A18
B5102719E5
B50FA70A67
B50F26FB9F
B50EA6ED8B
B50E26E02D
B50DA6D384
B50D26C790
B50CA6BC51
B50C26B1C7
B50BA6A7F2
B50B269ED2
B50AA69668
B50A268EB2
B509A687B2
B509268167
B508A67BD0
B5082676EF
B507A672C3
B507266F4C
B506A66C8A
B506266A7D
B505A66925
B505266882
B504A66894
B50426695B
B503A66AD8
B503266D09
B502A66FEF
B50226738A
B501A677DA
B501267CDF
B500A68299
B500268908
B4FFA6902C
B4FF269805
B4FEA6A093
B4FE26A9D6
B4FDA6B3CE
B4FD26BE7A
B4FCA6C9DC
B4FC26D5F3
B4FBA6E2BE
B4FB26F03E
B4FAA6FE74
B4FA270D5E
B4F9A71CFD
B4F9272D51
B4F8A73E5A
B4F8275018
B4F7A7628A
B4F72775B2
B4F6A7898E
B4F6279E1F
B4F5A7B365
B4F527C960
B4F4A7E010
B4F427F774
B4F3A80F8E
B4F328285C
B4F2A841DF
B4F2285C17
B4F1A87703
B4F12892A4
B4F0A8AEFB
B4F028CC06
B4EFA8E9C5
B4EF29083A
B4EEA92763
B4EE294741
B4EDA967D4
B4ED29891B
B4ECA9AB18
B4EC29CDC9
B4EBA9F12E
B4EB2A1549
B4EAAA3A18
B4EA2A5F9C
B4E9AA85D4
B4E92AACC2
B4E8AAD464
B4E82AFCBA
B4E7AB25C6
B4E72B4F86
B4E6AB79FA
B4E62BA524
B4E5ABD102
B4E52BFD94
B4E4AC2ADC
B4E42C58D7
B4E3AC8788
B4E32CB6ED
B4E2ACE707
B4E22D17D6
B4E1AD4959
B4E12D7B90
B4E0ADAE7D
B4E02DE21D
B4DFAE1673
B4DF2E4B7D
B4DEAE813C
B4DE2EB7AF
B4DDAEEED6
B4DD2F26B3
B4DCAF5F44
B4DC2F9889
B4DBAFD283
B4DB300D32
B4DAB04895
B4DA3084AC
B4D9B0C178
B4D930FEF9
B4D8B13D2E
B4D8317C17
B4D7B1BBB5
B4D731FC08
B4D6B23D0F
B4D6327ECB
B4D5B2C13B
B4D533045F
B4D4B34838
B4D4338CC5
B4D3B3D207
B4D33417FE
B4D2B45EA8
B4D234A607
B4D1B4EE1B
B4D13536E3
B4D0B5805F
B4D035CA90
B4CFB61575
B4CF36610F
B4CEB6AD5D
B4CE36FA5F
B4CDB74816
B4CD379681
B4CCB7E5A1
B4CC383575
B4CBB885FD
B4CB38D739
B4CAB9292A
B4CA397BD0
B4C9B9CF29
B4C93A2337
B4C8BA77F9
B4C83ACD70
B4C7BB239B
B4C73B7A7A
B4C6BBD20D
B4C63C2A55
B4C5BC8351
B4C53CDD01
B4C4BD3766
B4C43D927F
B4C3BDEE4C
B4C33E4ACD
B4C2BEA803
B4C23F05ED
B4C1BF648B
B4C13FC3DD
B4C0C023E4
B4C040849F
B4BFC0E60E
B4BF414831
B4BEC1AB08
B4BE420E94
B4BDC272D4
B4BD42D7C8
B4BCC33D70
B4BC43A3CC
B4BBC40ADD
B4BB4472A1
B4BAC4DB1A
B4BA454447
B4B9C5AE28
B4B94618BE
B4B8C68407
B4B846F005
B4B7C75CB6
B4B747CA1C
B4B6C83836
B4B648A704
B4B5C91686
B4B54986BC
B4B4C9F7A6
B4B44A6945
B4B3CADB97
B4B34B4E9E
B4B2CBC258
B4B24C36C7
B4B1CCABE9
B4B14D21C0
B4B0CD984B
B4B04E0F8A
B4AFCE877D
B4AF4F0023
B4AECF797E
B4AE4FF38D
B4ADD06E50
B4AD50E9C7
B4ACD165F2
B4AC51E2D1
B4ABD26063
B4AB52DEAA
B4AAD35DA5
B4AA53DD54
B4A9D45DB7
B4A954DECD
B4A8D56098
B4A855E316
B4A7D66649
B4A756EA2F
B4A6D76ECA
B4A657F418
B4A5D87A1A
B4A55900D0
B4A4D9883A
B4A45A1058
B4A3DA992A
B4A35B22B0
B4A2DBACE9
B4A25C37D7
B4A1DCC378
B4A15D4FCD
B4A0DDDCD6
B4A05E6A93
B49FDEF903
B49F5F8828
B49EE01800
B49E60A88D
B49DE139CD
B49D61CBC0
B49CE25E68
B49C62F1C3
B49BE385D3
B49B641A96
B49AE4B00C
B49A654637
B499E5DD15
B4996674A7
B498E70CED
B49867A5E7
B497E83F94
B49768D9F6
B496E9750A
B4966A10D3
B495EAAD4F
B4956B4A7F
B494EBE863
B4946C86FB
B493ED2646
B4936DC645
B492EE66F7
B4926F085E
B491EFAA77
B491704D45
B490F0F0C6
B4907194FB
B48FF239E4
B48F72DF80
B48EF385D0
B48E742CD4
B48DF4D48B
B48D757CF6
B48CF62614
B48C76CFE6
B48BF77A6C
B48B7825A5
B48AF8D192
B48A797E32
B489FA2B86
B4897AD98E
B488FB8849
B4887C37B8
B487FCE7DA
B4877D98B0
B486FE4A3A
B4867EFC77
B485FFAF67
B48580630B
B485011763
B48481CC6E
B48402822D
B48383389F
B48303EFC4
B48284A79E
B48205602A
B48186196A
B48106D35E
B480878E05
B480084960
B47F89056E
B47F09C22F
B47E8A7FA4
B47E0B3DCD
B47D8BFCA8
B47D0CBC38
B47C8D7C7A
B47C0E3D71
B47B8EFF1A
B47B0FC177
B47A908488
B47A11484B
B479920CC3
B47912D1ED
B4789397CB
B478145E5C
B4779525A1
B47715ED99
B47696B645
B476177FA3
B4759849B6
B47519147B
B47499DFF4
B4741AAC20
B4739B7900
B4731C4692
B4729D14D9
B4721DE3D2
B4719EB37F
B4711F83DF
B470A054F2
B4702126B9
B46FA1F933
B46F22CC60
B46EA3A040
B46E2474D4
B46DA54A1B
B46D262015
B46CA6F6C3
B46C27CE23
B46BA8A637
B46B297EFF
B46AAA5879
B46A2B32A7
B469AC0D87
B4692CE91B
B468ADC563
B4682EA25D
B467AF800B
B467305E6B
B466B13D7F
B466321D47
B465B2FDC1
B46533DEEE
B464B4C0CF
B46435A363
B463B686AA
B463376AA4
B462B84F51
B4623934B1
B461BA1AC5
B4613B018B
B460BBE905
B4603CD132
B45FBDBA11
B45F3EA3A4
B45EBF8DEA
B45E4078E3
B45DC16490
B45D4250EF
B45CC33E01
B45C442BC7
B45BC51A3F
B45B46096A
B45AC6F949
B45A47E9DA
B459C8DB1F
B45949CD17
B458CABFC1
B4584BB31F
B457CCA72F
B4574D9BF3
B456CE9169
B4564F8793
B455D07E70
B4555175FF
B454D26E42
B454536737
B453D460DF
B453555B3B
B452D65649
B45257520A
B451D84E7F
B451594BA6
B450DA4980
B4505B480D
B44FDC474D
B44F5D473F
B44EDE47E5
B44E5F493E
B44DE04B49
B44D614E07
B44CE25179
B44C63559D
B44BE45A74
B44B655FFD
B44AE6663A
B44A676D2A
B449E874CC
B449697D21
B448EA8629
B4486B8FE4
B447EC9A52
B4476DA572
B446EEB145
B4466FBDCC
B445F0CB04
B44571D8F0
B444F2E78F
B44473F6E0
B443F506E4
B44376179B
B442F72904
B442783B20
B441F94DEF
B4417A6171
B440FB75A6
B4407C8A8D
B43FFDA027
B43F7EB674
B43EFFCD73
B43E80E525
B43E01FD8A
B43D8316A2
B43D04306C
B43C854AE9
B43C066618
B43B8781FB
B43B089E8F
B43A89BBD7
B43A0AD9D1
B4398BF87E
B4390D17DE
B4388E37F0
B4380F58B5
B437907A2C
B437119C56
B43692BF33
B43613E2C2
B435950704
B435162BF9
B4349751A0
B4341877FA
B433999F06
B4331AC6C5
B4329BEF36
B4321D185A
B4319E4231
B4311F6CBA
B430A097F5
B43021C3E4
B42FA2F084
B42F241DD8
B42EA54BDD
B42E267A96
B42DA7AA01
B42D28DA1E
B42CAA0AEE
B42C2B3C70
B42BAC6EA5
B42B2DA18C
B42AAED526
B42A300972
B429B13E71
B429327422
B428B3AA86
B42834E19C
B427B61964
B4273751DF
B426B88B0D
B42639C4ED
B425BAFF7F
B4253C3AC4
B424BD76BB
B4243EB364
B423BFF0C0
B423412ECE
B422C26D8F
B42243AD02
B421C4ED28
B421462DFF
B420C76F8A
B42048B1C6
B41FC9F4B5
B41F4B3856
B41ECC7CAA
B41E4DC1B0
B41DCF0768
B41D504DD2
B41CD194EF
B41C52DCBE
B41BD42540
B41B556E74
B41AD6B85A
B41A5802F2
B419D94E3D
B4195A9A3A
B418DBE6E9
B4185D344B
B417DE825E
B4175FD124
B416E1209D
B4166270C7
B415E3C1A4
B415651333
B414E66574
B41467B867
B413E90C0D
B4136A6065
B412EBB56F
B4126D0B2B
B411EE6199
B4116FB8BA
B410F1108D
B410726912
B40FF3C249
B40F751C32
B40EF676CE
B40E77D21B
B40DF92E1B
B40D7A8ACD
B40CFBE831
B40C7D4647
B40BFEA50F
B40B80048A
B40B0164B6
B40A82C595
B40A042726
B409858969
B40906EC5D
B408885004
B40809B45E
B4078B1969
B4070C7F26
B4068DE595
B4060F4CB6
B40590B48A
B405121D0F
B404938647
B40414F030
B403965ACC
B40317C619
B402993219
B4021A9ECA
B4019C0C2E
B4011D7A43
B4009EE90B
B400205884
B3FFA1C8B0
B3FF23398D
B3FEA4AB1D
B3FE261D5E
B3FDA79052
B3FD2903F7
B3FCAA784E
B3FC2BED57
B3FBAD6312
B3FB2ED980
B3FAB0509F
B3FA31C86F
B3F9B340F2
B3F934BA27
B3F8B6340E
B3F837AEA6
B3F7B929F1
B3F73AA5ED
B3F6BC229B
B3F63D9FFB
B3F5BF1E0D
B3F5409CD1
B3F4C21C46
B3F4439C6E
B3F3C51D47
B3F3469ED2
B3F2C8210F
B3F249A3FE
B3F1CB279F
B3F14CABF1
B3F0CE30F5
B3F04FB6AB
B3EFD13D13
B3EF52C42D
B3EED44BF8
B3EE55D475
B3EDD75DA4
B3ED58E785
B3ECDA7218
B3EC5BFD5C
B3EBDD8952
B3EB5F15FA
B3EAE0A353
B3EA62315E
B3E9E3C01B
B3E9654F8A
B3E8E6DFAA
B3E868707C
B3E7EA0200
B3E76B9436
B3E6ED271D
B3E66EBAB6
B3E5F04F00
B3E571E3FD
B3E4F379AB
B3E475100A
B3E3F6A71B
B3E3783EDE
B3E2F9D753
B3E27B7079
B3E1FD0A51
B3E17EA4DA
B3E1004015
B3E081DC02
B3E00378A0
B3DF8515F0
B3DF06B3F2
B3DE8852A5
B3DE09F20A
B3DD8B9220
B3DD0D32E8
B3DC8ED461
B3DC10768C
B3DB921969
B3DB13BCF7
B3DA956137
B3DA170628
B3D998ABCB
B3D91A521F
B3D89BF925
B3D81DA0DC
B3D79F4945
B3D720F260
B3D6A29C2C
B3D62446A9
B3D5A5F1D8
B3D5279DB8
B3D4A94A4A
B3D42AF78D
B3D3ACA582
B3D32E5428
B3D2B00380
B3D231B389
B3D1B36444
B3D13515B0
B3D0B6C7CE
B3D0387A9D
B3CFBA2E1D
B3CF3BE24F
B3CEBD9732
B3CE3F4CC7
B3CDC1030D
B3CD42BA04
B3CCC471AD
B3CC462A07
B3CBC7E313
B3CB499CCF
B3CACB573E
B3CA4D125D
B3C9CECE2E
B3C9508AB1
B3C8D247E5
B3C85405CA
B3C7D5C460
B3C75783A8
B3C6D943A1
B3C65B044B
B3C5DCC5A7
B3C55E87B4
B3C4E04A72
B3C4620DE2
B3C3E3D203
B3C36596D5
B3C2E75C58
B3C269228D
B3C1EAE973
B3C16CB10A
B3C0EE7953
B3C070424C
B3BFF20BF7
B3BF73D654
B3BEF5A161
B3BE776D20
B3BDF93990
B3BD7B06B1
B3BCFCD483
B3BC7EA306
B3BC00723B
B3BB824221
B3BB0412B8
B3BA85E400
B3BA07B5FA
B3B98988A4
B3B90B5C00
B3B88D300D
B3B80F04CB
B3B790DA3B
B3B712B05B
B3B694872C
B3B6165EAF
B3B59836E3
B3B51A0FC8
B3B49BE95E
B3B41DC3A5
B3B39F9E9D
B3B3217A46
B3B2A356A1
B3B22533AC
B3B1A71169
B3B128EFD6
B3B0AACEF5
B3B02CAEC5
B3AFAE8F46
B3AF307077
B3AEB2525A
B3AE3434EE
B3ADB61833
B3AD37FC29
B3ACB9E0D0
B3AC3BC628
B3ABBDAC31
B3AB3F92EB
B3AAC17A56
B3AA436272
B3A9C54B3F
B3A94734BD
B3A8C91EEC
B3A84B09CC
B3A7CCF55D
B3A74EE19F
B3A6D0CE92
B3A652BC36
B3A5D4AA8A
B3A5569990
B3A4D88947
B3A45A79AE
B3A3DC6AC7
B3A35E5C90
B3A2E04F0A
B3A2624235
B3A1E43611
B3A1662A9E
B3A0E81FDC
B3A06A15CB
B39FEC0C6A
B39F6E03BB
B39EEFFBBC
B39E71F46E
B39DF3EDD1
B39D75E7E5
B39CF7E2AA
B39C79DE1F
B39BFBDA46
B39B7DD71D
B39AFFD4A5
B39A81D2DD
B39A03D1C7
B39985D161
B39907D1AD
B39889D2A9
B3980BD455
B3978DD6B3
B3970FD9C1
B39691DD80
B39613E1F0
B39595E711
B39517ECE2
B39499F364
B3941BFA97
B3939E027B
B393200B0F
B392A21454
B392241E4A
B391A628F0
B391283447
B390AA404F
B3902C4D07
B38FAE5A71
B38F30688A
B38EB27755
B38E3486D0
B38DB696FC
B38D38A7D9
B38CBAB966
B38C3CCBA4
B38BBEDE92
B38B40F231
B38AC30681
B38A451B81
B389C73132
B389494794
B388CB5EA6
B3884D7669
B387CF8EDC
B38751A800
B386D3C1D5
B38655DC5A
B385D7F790
B3855A1376
B384DC300D
B3845E4D54
B383E06B4C
B3836289F5
B382E4A94E
B38266C957
B381E8EA11
B3816B0B7C
B380ED2D97
B3806F5063
B37FF173DF
B37F73980C
B37EF5BCE9
B37E77E276
B37DFA08B5
B37D7C2FA3
B37CFE5742
B37C807F92
B37C02A892
B37B84D242
B37B06FCA3
B37A8927B4
B37A0B5376
B3798D7FE8
B3790FAD0B
B37891DADE
B378140961
B377963895
B37718687A
B3769A990E
B3761CCA53
B3759EFC49
B375212EEF
B374A36245
B37425964B
B373A7CB02
B3732A0069
B372AC3681
B3722E6D49
B371B0A4C1
B37132DCEA
B370B515C3
B370374F4C
B36FB98986
B36F3BC470
B36EBE000A
B36E403C55
B36DC2794F
B36D44B6FB
B36CC6F556
B36C493462
B36BCB741E
B36B4DB48A
B36ACFF5A6
B36A523773
B369D479F0
B36956BD1D
B368D900FB
B3685B4589
B367DD8AC6
B3675FD0B5
B366E21753
B366645EA2
B365E6A6A0
B36568EF4F
B364EB38AF
B3646D82BE
B363EFCD7D
B3637218ED
B362F4650D
B36276B1DD
B361F8FF5D
B3617B4D8E
B360FD9C6E
B3607FEBFF
B360023C40
B35F848D31
B35F06DED2
B35E893123
B35E0B8424
B35D8DD7D6
B35D102C37
B35C928149
B35C14D70A
B35B972D7C
B35B19849E
B35A9BDC70
B35A1E34F2
B359A08E24
B35922E806
B358A54298
B358279DDB
B357A9F9CD
B3572C566F
B356AEB3C1
B3563111C4
B355B37076
B35535CFD9
B354B82FEB
B3543A90AD
B353BCF220
B3533F5442
B352C1B714
B352441A97
B351C67EC9
B35148E3AB
B350CB493E
B3504DAF80
B34FD01672
B34F527E14
B34ED4E666
B34E574F68
B34DD9B91A
B34D5C237C
B34CDE8E8D
B34C60FA4F
B34BE366C1
B34B65D3E2
B34AE841B3
B34A6AB035
B349ED1F66
B3496F8F47
B348F1FFD8
B348747118
B347F6E309
B3477955A9
B346FBC8FA
B3467E3CFA
B34600B1AA
B34583270A
B345059D19
B3448813D9
B3440A8B48
B3438D0367
B3430F7C36
B34291F5B4
B342146FE3
B34196EAC1
B34119664F
B3409BE28D
B3401E5F7B
B33FA0DD18
B33F235B65
B33EA5DA62
B33E285A0F
B33DAADA6B
B33D2D5B77
B33CAFDD33
B33C325F9E
B33BB4E2BA
B33B376685
B33AB9EAFF
B33A3C702A
B339BEF604
B339417C8E
B338C403C7
B338468BB0
B337C91449
B3374B9D91
B336CE278A
B33650B231
B335D33D89
B33555C990
B334D85647
B3345AE3AD
B333DD71C3
B333600089
B332E28FFE
B332652023
B331E7B0F7
B3316A427B
B330ECD4AF
B3306F6792
B32FF1FB25
B32F748F67
B32EF72459
B32E79B9FB
B32DFC504C
B32D7EE74D
B32D017EFD
B32C84175D
B32C06B06C
B32B894A2B
B32B0BE499
B32A8E7FB7
B32A111B85
B32993B801
B32916552E
B32898F30A
B3281B9195
B3279E30D0
B32720D0BB
B326A37154
B32626129E
B325A8B497
B3252B573F
B324ADFA97
B324309E9E
B323B34354
B32335E8BA
B322B88ED0
B3223B3595
B321BDDD09
B32140852D
B320C32E00
B32045D783
B31FC881B5
B31F4B2C96
B31ECDD827
B31E508467
B31DD33156
B31D55DEF5
B31CD88D43
B31C5B3C41
B31BDDEBEE
B31B609C4A
B31AE34D56
B31A65FF11
B319E8B17B
B3196B6495
B318EE185E
B31870CCD6
B317F381FE
B3177637D4
B316F8EE5B
B3167BA590
B315FE5D75
B315811609
B31503CF4C
B31486893F
B3140943E1
B3138BFF32
B3130EBB32
B3129177E2
B312143540
B31196F34F
B31119B20C
B3109C7178
B3101F3194
B30FA1F25F
B30F24B3D9
B30EA77603
B30E2A38DB
B30DACFC63
B30D2FC09A
B30CB28580
B30C354B15
B30BB8115A
B30B3AD84E
B30ABD9FF0
B30A406842
B309C33143
B30945FAF4
B308C8C553
B3084B9061
B307CE5C1F
B30751288C
B306D3F5A8
B30656C373
B305D991ED
B3055C6116
B304DF30EE
B304620175
B303E4D2AC
B30367A491
B302EA7726
B3026D4A69
B301F01E5C
B30172F2FE
B300F5C84F
B300789E4E
B2FFFB74FD
B2FF7E4C5B
B2FF012468
B2FE83FD24
B2FE06D68F
B2FD89B0A9
B2FD0C8B72
B2FC8F66EA
B2FC124311
B2FB951FE6
B2FB17FD6B
B2FA9ADB9F
B2FA1DBA82
B2F9A09A14
B2F9237A54
B2F8A65B44
B2F8293CE3
B2F7AC1F30
B2F72F022D
B2F6B1E5D8
B2F634CA33
B2F5B7AF3C
B2F53A94F4
B2F4BD7B5B
B2F4406271
B2F3C34A36
B2F34632AA
B2F2C91BCC
B2F24C059E
B2F1CEF01E
B2F151DB4D
B2F0D4C72C
B2F057B3B9
B2EFDAA0F4
B2EF5D8EDF
B2EEE07D79
B2EE636CC1
B2EDE65CB8
B2ED694D5E
B2ECEC3EB3
B2EC6F30B6
B2EBF22369
B2EB7516CA
B2EAF80ADA
B2EA7AFF99
B2E9FDF506
B2E980EB23
B2E903E1EE
B2E886D968
B2E809D190
B2E78CCA68
B2E70FC3EE
B2E692BE23
B2E615B907
B2E598B499
B2E51BB0DA
B2E49EADCA
B2E421AB68
B2E3A4A9B6
B2E327A8B1
B2E2AAA85C
B2E22DA8B5
B2E1B0A9BD
B2E133AB74
B2E0B6ADDA
B2E039B0EE
B2DFBCB4B0
B2DF3FB922
B2DEC2BE42
B2DE45C410
B2DDC8CA8E
B2DD4BD1BA
B2DCCED994
B2DC51E21D
B2DBD4EB55
B2DB57F53C
B2DADAFFD1
B2DA5E0B14
B2D9E11707
B2D96423A7
B2D8E730F7
B2D86A3EF5
B2D7ED4DA2
B2D7705CFD
B2D6F36D06
B2D6767DBF
B2D5F98F26
B2D57CA13B
B2D4FFB3FF
B2D482C771
B2D405DB92
B2D388F062
B2D30C05E0
B2D28F1C0C
B2D21232E7
B2D1954A71
B2D11862A9
B2D09B7B90
B2D01E9525
B2CFA1AF68
B2CF24CA5A
B2CEA7E5FB
B2CE2B024A
B2CDAE1F47
B2CD313CF3
B2CCB45B4D
B2CC377A56
B2CBBA9A0D
B2CB3DBA72
B2CAC0DB87
B2CA43FD49
B2C9C71FBA
B2C94A42D9
B2C8CD66A7
B2C8508B23
B2C7D3B04D
B2C756D626
B2C6D9FCAD
B2C65D23E3
B2C5E04BC7
B2C5637459
B2C4E69D9A
B2C469C789
B2C3ECF226
B2C3701D72
B2C2F3496C
B2C2767614
B2C1F9A36B
B2C17CD170
B2C1000023
B2C0832F85
B2C0065F95
B2BF899053
B2BF0CC1C0
B2BE8FF3DB
B2BE1326A4
B2BD965A1B
B2BD198E41
B2BC9CC315
B2BC1FF897
B2BBA32EC7
B2BB2665A6
B2BAA99D33
B2BA2CD56E
B2B9B00E57
B2B93347EF
B2B8B68235
B2B839BD29
B2B7BCF8CB
B2B740351B
B2B6C3721A
B2B646AFC7
B2B5C9EE22
B2B54D2D2B
B2B4D06CE2
B2B453AD48
B2B3D6EE5C
B2B35A301E
B2B2DD728E
B2B260B5AC
B2B1E3F978
B2B1673DF2
B2B0EA831B
B2B06DC8F2
B2AFF10F76
B2AF7456A9
B2AEF79E8A
B2AE7AE71A
B2ADFE3057
B2AD817A42
B2AD04C4DB
B2AC881023
B2AC0B5C18
B2AB8EA8BC
B2AB11F60E
B2AA95440D
B2AA1892BB
B2A99BE217
B2A91F3221
B2A8A282D9
B2A825D43F
B2A7A92653
B2A72C7915
B2A6AFCC85
B2A63320A3
B2A5B6756F
B2A539CAE9
B2A4BD2111
B2A44077E7
B2A3C3CF6B
B2A347279D
B2A2CA807C
B2A24DDA0A
B2A1D13446
B2A1548F30
B2A0D7EAC8
B2A05B470D
B29FDEA401
B29F6201A2
B29EE55FF2
B29E68BEEF
B29DEC1E9A
B29D6F7EF4
B29CF2DFFB
B29C7641B0
B29BF9A413
B29B7D0723
B29B006AE2
B29A83CF4E
B29A073469
B2998A9A31
B2990E00A7
B2989167CB
B29814CF9D
B29798381D
B2971BA14A
B2969F0B25
B2962275AE
B295A5E0E5
B295294CCA
B294ACB95D
B29430269D
B293B3948B
B293370327
B292BA7271
B2923DE268
B291C1530E
B29144C461
B290C83662
B2904BA910
B28FCF1C6C
B28F529077
B28ED6052E
B28E597A94
B28DDCF0A7
B28D606768
B28CE3DED7
B28C6756F3
B28BEACFBD
B28B6E4935
B28AF1C35B
B28A753E2E
B289F8B9AF
B2897C35DE
B288FFB2BA
B288833044
B28806AE7B
B2878A2D61
B2870DACF4
B286912D34
B28614AE22
B285982FBE
B2851BB208
B2849F34FF
B28422B8A3
B283A63CF6
B28329C1F6
B282AD47A3
B28230CDFE
B281B45507
B28137DCBD
B280BB6521
B2803EEE33
B27FC277F2
B27F46025E
B27EC98D78
B27E4D1940
B27DD0A5B5
B27D5432D8
B27CD7C0A8
B27C5B4F26
B27BDEDE52
B27B626E2B
B27AE5FEB1
B27A698FE5
B279ED21C6
B27970B455
B278F44792
B27877DB7C
B277FB7013
B2777F0558
B277029B4A
B2768631EA
B27609C937
B2758D6132
B27510F9DA
B274949330
B274182D33
B2739BC7E3
B2731F6341
B272A2FF4C
B272269C05
B271AA396B
B2712DD77E
B270B1763F
B2703515AE
B26FB8B5C9
B26F3C5692
B26EBFF809
B26E439A2D
B26DC73CFE
B26D4AE07C
B26CCE84A8
B26C522982
B26BD5CF08
B26B59753C
B26ADD1C1D
B26A60C3AC
B269E46BE8
B2696814D1
B268EBBE67
B2686F68AB
B267F3139C
B26776BF3B
B266FA6B86
B2667E187F
B26601C626
B265857479
B26509237A
B2648CD328
B264108383
B26394348C
B26317E642
B2629B98A5
B2621F4BB5
B261A2FF72
B26126B3DD
B260AA68F5
B2602E1EBA
B25FB1D52D
B25F358C4C
B25EB94419
B25E3CFC93
B25DC0B5BA
B25D446F8E
B25CC82A0F
B25C4BE53E
B25BCFA11A
B25B535DA3
B25AD71AD9
B25A5AD8BC
B259DE974C
B25962568A
B258E61674
B25869D70C
B257ED9851
B257715A43
B256F51CE2
B25678E02E
B255FCA427
B2558068CE
B255042E21
B25487F422
B2540BBACF
B2538F822A
B253134A32
B2529712E6
B2521ADC48
B2519EA657
B251227113
B250A63C7C
B2502A0892
B24FADD555
B24F31A2C5
B24EB570E2
B24E393FAC
B24DBD0F22
B24D40DF46
B24CC4B017
B24C488195
B24BCC53C0
B24B502698
B24AD3FA1D
B24A57CE4F
B249DBA32E
B2495F78B9
B248E34EF2
B2486725D8
B247EAFD6A
B2476ED5AA
B246F2AE96
B24676882F
B245FA6276
B2457E3D69
B245021909
B24485F556
B24409D250
B2438DAFF6
B243118E4A
B242956D4A
B242194CF8
B2419D2D52
B241210E59
B240A4F00D
B24028D26D
B23FACB57B
B23F309935
B23EB47D9D
B23E3862B1
B23DBC4872
B23D402EDF
B23CC415FA
B23C47FDC1
B23BCBE635
B23B4FCF56
B23AD3B924
B23A57A39E
B239DB8EC5
B2395F7A99
B238E3671A
B238675448
B237EB4222
B2376F30A9
B236F31FDD
B236770FBD
B235FB004A
B2357EF184
B23502E36B
B23486D5FE
B2340AC93E
B2338EBD2B
B23312B1C5
B23296A70B
B2321A9CFE
B2319E939D
B231228AE9
B230A682E2
B2302A7B88
B22FAE74DA
B22F326ED9
B22EB66984
B22E3A64DC
B22DBE60E1
B22D425D92
B22CC65AF0
B22C4A58FB
B22BCE57B2
B22B525716
B22AD65727
B22A5A57E4
B229DE594D
B229625B64
B228E65E26
B2286A6196
B227EE65B2
B227726A7A
B226F66FEF
B2267A7611
B225FE7CDF
B22582845A
B225068C81
B2248A9555
B2240E9ED5
B22392A902
B22316B3DC
B2229ABF62
B2221ECB94
B221A2D873
B22126E5FE
B220AAF436
B2202F031A
B21FB312AB
B21F3722E8
B21EBB33D2
B21E3F4568
B21DC357AB
B21D476A9A
B21CCB7E36
B21C4F927E
B21BD3A772
B21B57BD13
B21ADBD360
B21A5FEA5A
B219E40200
B219681A53
B218EC3352
B218704CFD
B217F46755
B217788259
B216FC9E09
B21680BA66
B21604D76F
B21588F525
B2150D1387
B214913295
B21415524F
B2139972B6
B2131D93CA
B212A1B589
B21225D7F5
B211A9FB0D
B2112E1ED2
B210B24343
B210366860
B20FBA8E29
B20F3EB49F
B20EC2DBC1
B20E470390
B20DCB2C0A
B20D4F5531
B20CD37F04
B20C57A983
B20BDBD4AF
B20B600087
B20AE42D0B
B20A685A3B
B209EC8818
B20970B6A1
B208F4E5D6
B2087915B7
B207FD4644
B20781777E
B20705A964
B20689DBF6
B2060E0F34
B20592431F
B2051677B5
B2049AACF8
B2041EE2E7
B203A31982
B2032750C9
B202AB88BC
B2022FC15C
B201B3FAA8
B20138349F
B200BC6F43
B20040AA93
B1FFC4E68F
B1FF492338
B1FECD608C
B1FE519E8C
B1FDD5DD39
B1FD5A1C92
B1FCDE5C96
B1FC629D47
B1FBE6DEA4
B1FB6B20AD
B1FAEF6362
B1FA73A6C3
B1F9F7EAD0
B1F97C2F89
B1F90074EE
B1F884BAFF
B1F80901BD
B1F78D4926
B1F711913B
B1F695D9FC
B1F61A236A
B1F59E6D83
B1F522B848
B1F4A703B9
B1F42B4FD7
B1F3AF9CA0
B1F333EA15
B1F2B83836
B1F23C8703
B1F1C0D67C
B1F14526A1
B1F0C97772
B1F04DC8EF
B1EFD21B18
B1EF566DED
B1EEDAC16D
B1EE5F159A
B1EDE36A73
B1ED67BFF7
B1ECEC1627
B1EC706D04
B1EBF4C48C
B1EB791CC0
B1EAFD75A0
B1EA81CF2B
B1EA062963
B1E98A8446
B1E90EDFD6
B1E8933C11
B1E81798F8
B1E79BF68B
B1E72054C9
B1E6A4B3B4
B1E629134A
B1E5AD738D
B1E531D47B
B1E4B63614
B1E43A985A
B1E3BEFB4B
B1E3435EE9
B1E2C7C332
B1E24C2826
B1E1D08DC7
B1E154F413
B1E0D95B0B
B1E05DC2AF
B1DFE22AFF
B1DF6693FA
B1DEEAFDA1
B1DE6F67F4
B1DDF3D2F2
B1DD783E9D
B1DCFCAAF3
B1DC8117F4
B1DC0585A2
B1DB89F3FB
B1DB0E6300
B1DA92D2B0
B1DA17430C
B1D99BB414
B1D92025C8
B1D8A49827
B1D8290B32
B1D7AD7EE8
B1D731F34B
B1D6B66859
B1D63ADE12
B1D5BF5477
B1D543CB88
B1D4C84344
B1D44CBBAC
B1D3D134C0
B1D355AE7F
B1D2DA28EA
B1D25EA401
B1D1E31FC3
B1D1679C30
B1D0EC1949
B1D070970E
B1CFF5157F
B1CF79949B
B1CEFE1462
B1CE8294D5
B1CE0715F4
B1CD8B97BE
B1CD101A34
B1CC949D55
B1CC192122
B1CB9DA59A
B1CB222ABE
B1CAA6B08D
B1CA2B3708
B1C9AFBE2E
B1C9344600
B1C8B8CE7D
B1C83D57A6
B1C7C1E17B
B1C7466BFA
B1C6CAF726
B1C64F82FC
B1C5D40F7E
B1C5589CAC
B1C4DD2A85
B1C461B90A
B1C3E6483A
B1C36AD815
B1C2EF689C
B1C273F9CE
B1C1F88BAC
B1C17D1E35
B1C101B169
B1C0864549
B1C00AD9D4
B1BF8F6F0B
B1BF1404ED
B1BE989B7A
B1BE1D32B3
B1BDA1CA97
B1BD266326
B1BCAAFC61
B1BC2F9647
B1BBB430D9
B1BB38CC16
B1BABD67FE
B1BA420492
B1B9C6A1D0
B1B94B3FBB
B1B8CFDE50
B1B8547D91
B1B7D91D7D
B1B75DBE14
B1B6E25F57
B1B6670145
B1B5EBA3DE
B1B5704723
B1B4F4EB13
B1B4798FAE
B1B3FE34F4
B1B382DAE5
B1B3078182
B1B28C28CA
B1B210D0BE
B1B195795C
B1B11A22A6
B1B09ECC9B
B1B023773B
B1AFA82286
B1AF2CCE7D
B1AEB17B1F
B1AE36286C
B1ADBAD664
B1AD3F8507
B1ACC43456
B1AC48E44F
B1ABCD94F4
B1AB524644
B1AAD6F83F
B1AA5BAAE6
B1A9E05E37
B1A9651234
B1A8E9C6DB
B1A86E7C2E
B1A7F3322C
B1A777E8D5
B1A6FCA029
B1A6815829
B1A60610D3
B1A58ACA29
B1A50F8429
B1A4943ED5
B1A418FA2B
B1A39DB62D
B1A32272DA
B1A2A73032
B1A22BEE35
B1A1B0ACE3
B1A1356C3C
B1A0BA2C40
B1A03EECF0
B19FC3AE4A
B19F48704F
B19ECD32FF
B19E51F65A
B19DD6BA61
B19D5B7F12
B19CE0446E
B19C650A75
B19BE9D128
B19B6E9885
B19AF3608D
B19A782940
B199FCF29E
B19981BCA7
B19906875B
B1988B52BA
B198101EC4
B19794EB79
B19719B8D9
B1969E86E4
B196235599
B195A824FA
B1952CF505
B194B1C5BC
B19436971D
B193BB6929
B193403BE0
B192C50F42
B19249E34F
B191CEB806
B191538D69
B190D86376
B1905D3A2F
B18FE21192
B18F66E9A0
B18EEBC258
B18E709BBC
B18DF575CA
B18D7A5084
B18CFF2BE8
B18C8407F7
B18C08E4B0
B18B8DC215
B18B12A024
B18A977EDE
B18A1C5E43
B189A13E53
B189261F0D
B188AB0072
B1882FE282
B187B4C53D
B18739A8A3
B186BE8CB3
B18643716E
B185C856D3
B1854D3CE4
B184D2239F
B184570B05
B183DBF315
B18360DBD1
B182E5C537
B1826AAF47
B181EF9A03
B181748569
B180F9717A
B1807E5E35
B180034B9B
B17F8839AC
B17F0D2867
B17E9217CD
B17E1707DE
B17D9BF899
B17D20E9FF
B17CA5DC10
B17C2ACECB
B17BAFC231
B17B34B642
B17AB9AAFD
B17A3EA063
B179C39673
B179488D2E
B178CD8493
B178527CA3
B177D7755E
B1775C6EC3
B176E168D3
B17666638E
B175EB5EF3
B175705B02
B174F557BC
B1747A5521
B173FF5330
B1738451E9
B17309514E
B1728E515C
B172135215
B171985379
B1711D5587
B170A25840
B170275BA3
B16FAC5FB1
B16F316469
B16EB669CC
B16E3B6FD9
B16DC07690
B16D457DF2
B16CCA85FF
B16C4F8EB6
B16BD49817
B16B59A223
B16ADEACD9
B16A63B83A
B169E8C445
B1696DD0FB
B168F2DE5B
B16877EC65
B167FCFB1A
B167820A79
B167071A82
B1668C2B36
B166113C94
B165964E9D
B1651B6150
B164A074AE
B1642588B5
B163AA9D67
B1632FB2C4
B162B4C8CB
B16239DF7C
B161BEF6D7
B161440EDD
B160C9278D
B1604E40E7
B15FD35AEC
B15F58759B
B15EDD90F4
B15E62ACF8
B15DE7C9A6
B15D6CE6FE
B15CF20501
B15C7723AD
B15BFC4304
B15B816306
B15B0683B1
B15A8BA507
B15A10C707
B15995E9B1
B1591B0D05
B158A03104
B1582555AD
B157AA7B00
B1572FA0FE
B156B4C7A5
B15639EEF7
B155BF16F3
B155443F99
B154C968E9
B1544E92E4
B153D3BD88
B15358E8D7
B152DE14D0
B152634173
B151E86EC1
B1516D9CB8
B150F2CB5A
B15077FAA5
B14FFD2A9B
B14F825B3B
B14F078C85
B14E8CBE7A
B14E11F118
B14D972460
B14D1C5853
B14CA18CF0
B14C26C236
B14BABF827
B14B312EC2
B14AB66607
B14A3B9DF6
B149C0D68F
B149460FD2
B148CB49BF
B148508456
B147D5BF98
B1475AFB83
B146E03818
B146657558
B145EAB341
B1456FF1D4
B144F53112
B1447A70F9
B143FFB18A
B14384F2C6
B1430A34AB
B1428F773A
B14214BA74
B14199FE57
B1411F42E4
B140A4881B
B14029CDFD
B13FAF1488
B13F345BBD
B13EB9A39C
B13E3EEC25
B13DC43557
B13D497F34
B13CCEC9BB
B13C5414EB
B13BD960C6
B13B5EAD4A
B13AE3FA78
B13A694851
B139EE96D3
B13973E5FE
B138F935D4
B1387E8654
B13803D77D
B137892951
B1370E7BCE
B13693CEF5
B1361922C6
B1359E7741
B13523CC65
B134A92234
B1342E78AC
B133B3CFCE
B13339279A
B132BE800F
B13243D92F
B131C932F8
B1314E8D6B
B130D3E888
B13059444E
B12FDEA0BE
B12F63FDD9
B12EE95B9C
B12E6EBA0A
B12DF41921
B12D7978E2
B12CFED94D
B12C843A62
B12C099C20
B12B8EFE88
B12B14619A
B12A99C555
B12A1F29BA
B129A48EC9
B12929F482
B128AF5AE4
B12834C1F0
B127BA29A5
B1273F9204
B126C4FB0D
B1264A64C0
B125CFCF1C
B125553A22
B124DAA5D2
B12460122B
B123E57F2E
B1236AECDA
B122F05B30
B12275CA30
B121FB39D9
B12180AA2C
B121061B28
B1208B8CCE
B12010FF1E
B11F967217
B11F1BE5BA
B11EA15A07
B11E26CEFD
B11DAC449C
B11D31BAE5
B11CB731D8
B11C3CA974
B11BC221BA
B11B479AA9
B11ACD1442
B11A528E85
B119D80971
B1195D8506
B118E30145
B118687E2D
B117EDFBBF
B1177379FB
B116F8F8E0
B1167E786E
B11603F8A6
B115897987
B1150EFB12
B114947D46
B1141A0024
B1139F83AB
B1132507DC
B112AA8CB6
B112301239
B111B59866
B1113B1F3D
B110C0A6BD
B110462EE6
B10FCBB7B8
B10F514134
B10ED6CB5A
B10E5C5629
B10DE1E1A1
B10D676DC2
B10CECFA8D
B10C728802
B10BF8161F
B10B7DA4E7
B10B033457
B10A88C471
B10A0E5534
B10993E6A0
B1091978B6
B1089F0B75
B108249EDE
B107AA32EF
B1072FC7AA
B106B55D0F
B1063AF31D
B105C089D3
B105462134
B104CBB93D
B1045151F0
B103D6EB4C
B1035C8552
B102E22000
B10267BB58
B101ED5759
B10172F404
B100F89157
B1007E2F54
B10003CDFA
B0FF896D4A
B0FF0F0D42
B0FE94ADE4
B0FE1A4F2F
B0FD9FF123
B0FD2593C1
B0FCAB3707
B0FC30DAF7
B0FBB67F90
B0FB3C24D2
B0FAC1CABE
B0FA477152
B0F9CD1890
B0F952C077
B0F8D86907
B0F85E1240
B0F7E3BC22
B0F76966AD
B0F6EF11E2
B0F674BDC0
B0F5FA6A46
B0F5801776
B0F505C54F
B0F48B73D1
B0F41122FD
B0F396D2D1
B0F31C834E
B0F2A23475
B0F227E644
B0F1AD98BD
B0F1334BDE
B0F0B8FFA9
B0F03EB41D
B0EFC4693A
B0EF4A1F00
B0EECFD56F
B0EE558C87
B0EDDB4448
B0ED60FCB2
B0ECE6B5C5
B0EC6C6F81
B0EBF229E6
B0EB77E4F4
B0EAFDA0AB
B0EA835D0B
B0EA091A14
B0E98ED7C6
B0E9149621
B0E89A5525
B0E82014D2
B0E7A5D528
B0E72B9627
B0E6B157CE
B0E6371A1F
B0E5BCDD19
B0E542A0BB
B0E4C86507
B0E44E29FB
B0E3D3EF99
B0E359B5DF
B0E2DF7CCE
B0E2654466
B0E1EB0CA7
B0E170D591
B0E0F69F24
B0E07C6960
B0E0023444
B0DF87FFD2
B0DF0DCC08
B0DE9398E7
B0DE19666F
B0DD9F34A0
B0DD250379
B0DCAAD2FC
B0DC30A327
B0DBB673FB
B0DB3C4578
B0DAC2179E
B0DA47EA6D
B0D9CDBDE4
B0D9539204
B0D8D966CD
B0D85F3C3F
B0D7E5125A
B0D76AE91D
B0D6F0C089
B0D676989E
B0D5FC715C
B0D5824AC2
B0D50824D1
B0D48DFF89
B0D413DAEA
B0D399B6F3
B0D31F93A5
B0D2A57100
B0D22B4F04
B0D1B12DB0
B0D1370D05
B0D0BCED02
B0D042CDA9
B0CFC8AEF8
B0CF4E90F0
B0CED47390
B0CE5A56D9
B0CDE03ACB
B0CD661F65
B0CCEC04A9
B0CC71EA94
B0CBF7D129
B0CB7DB866
B0CB03A04C
B0CA8988DA
B0CA0F7211
B0C9955BF0
B0C91B4679
B0C8A131A9
B0C8271D83
B0C7AD0A05
B0C732F730
B0C6B8E503
B0C63ED37F
B0C5C4C2A3
B0C54AB270
B0C4D0A2E5
B0C4569403
B0C3DC85CA
B0C3627839
B0C2E86B51
B0C26E5F11
B0C1F4537A
B0C17A488C
B0C1003E46
B0C08634A8
B0C00C2BB3
B0BF922366
B0BF181BC2
B0BE9E14C7
B0BE240E74
B0BDAA08C9
B0BD3003C7
B0BCB5FF6D
B0BC3BFBBC
B0BBC1F8B4
B0BB47F654
B0BACDF49C
B0BA53F38C
B0B9D9F326
B0B95FF367
B0B8E5F451
B0B86BF5E4
B0B7F1F81F
B0B777FB02
B0B6FDFE8E
B0B68402C2
B0B60A079F
B0B5900D23
B0B5161351
B0B49C1A27
B0B42221A5
B0B3A829CB
B0B32E329A
B0B2B43C11
B0B23A4631
B0B1C050F9
B0B1465C69
B0B0CC6882
B0B0527543
B0AFD882AC
B0AF5E90BE
B0AEE49F78
B0AE6AAEDA
B0ADF0BEE5
B0AD76CF98
B0ACFCE0F3
B0AC82F2F7
B0AC0905A2
B0AB8F18F7
B0AB152CF3
B0AA9B4198
B0AA2156E5
B0A9A76CDA
B0A92D8377
B0A8B39ABD
B0A839B2AB
B0A7BFCB41
B0A745E480
B0A6CBFE67
B0A65218F6
B0A5D8342D
B0A55E500C
B0A4E46C94
B0A46A89C3
B0A3F0A79B
B0A376C61C
B0A2FCE544
B0A2830515
B0A209258D
B0A18F46AE
B0A1156878
B0A09B8AE9
B0A021AE02
B09FA7D1C4
B09F2DF62E
B09EB41B40
B09E3A40FA
B09DC0675C
B09D468E66
B09CCCB618
B09C52DE73
B09BD90776
B09B5F3120
B09AE55B73
B09A6B866E
B099F1B211
B09977DE5C
B098FE0B50
B0988438EB
B0980A672E
B09790961A
B09716C5AD
B0969CF5E9
B0962326CC
B095A95858
B0952F8A8C
B094B5BD67
B0943BF0EB
B093C22517
B0934859EB
B092CE8F66
B09254C58A
B091DAFC56
B0916133CA
B090E76BE6
B0906DA4A9
B08FF3DE15
B08F7A1829
B08F0052E5
B08E868E48
B08E0CCA54
B08D930707
B08D194463
B08C9F8266
B08C25C112
B08BAC0065
B08B324060
B08AB88103
B08A3EC24F
B089C50442
B0894B46DD
B088D18A1F
B08857CE0A
B087DE129D
B0876457D7
B086EA9DB9
B08670E444
B085F72B76
B0857D7350
B08503BBD2
B0848A04FB
B084104ECD
B083969946
B0831CE467
B082A33030
B082297CA1
B081AFC9BA
B08136177A
B080BC65E3
B08042B4F3
B07FC904AB
B07F4F550B
B07ED5A612
B07E5BF7C1
B07DE24A18
B07D689D17
B07CEEF0BE
B07C75450C
B07BFB9A02
B07B81EFA0
B07B0845E6
B07A8E9CD3
B07A14F468
B0799B4CA5
B07921A58A
B078A7FF16
B0782E594A
B077B4B426
B0773B0FA9
B076C16BD4
B07647C8A7
B075CE2621
B075548444
B074DAE30D
B07461427F
B073E7A298
B0736E0359
B072F464C2
B0727AC6D2
B07201298A
B071878CE9
B0710DF0F0
B07094559F
B0701ABAF5
B06FA120F3
B06F278799
B06EADEEE6
B06E3456DB
B06DBABF77
B06D4128BB
B06CC792A7
B06C4DFD3A
B06BD46875
B06B5AD457
B06AE140E1
B06A67AE12
B069EE1BEB
B069748A6C
B068FAF994
B068816963
B06807D9DB
B0678E4AF9
B06714BCBF
B0669B2F2D
B06621A242
B065A815FF
B0652E8A63
B064B4FF6F
B0643B7522
B063C1EB7D
B06348627F
B062CEDA29
B06255527A
B061DBCB73
B061624513
B060E8BF5B
B0606F3A4A
B05FF5B5E0
B05F7C321E
B05F02AF03
B05E892C90
B05E0FAAC4
B05D9629A0
B05D1CA923
B05CA3294D
B05C29AA1F
B05BB02B98
B05B36ADB9
B05ABD3081
B05A43B3F0
B059CA3807
B05950BCC5
B058D7422B
B0585DC838
B057E44EEC
B0576AD648
B056F15E4A
B05677E6F5
B055FE7046
B05584FA3F
B0550B84DF
B054921027
B054189C16
B0539F28AC
B05325B5EA
B052AC43CE
B05232D25A
B051B9618E
B0513FF168
B050C681EA
B0504D1314
B04FD3A4E4
B04F5A375C
B04EE0CA7B
B04E675E41
B04DEDF2AF
B04D7487C3
B04CFB1D7F
B04C81B3E2
B04C084AED
B04B8EE29E
B04B157AF7
B04A9C13F7
B04A22AD9F
B049A947ED
B0492FE2E3
B048B67E7F
B0483D1AC3
B047C3B7AF
B0474A5541
B046D0F37B
B04657925B
B045DE31E3
B04564D212
B044EB72E8
B044721465
B043F8B68A
B0437F5955
B04305FCC8
B0428CA0E2
B0421345A3
B04199EB0B
B04120911A
B040A737D0
B0402DDF2D
B03FB48732
B03F3B2FDD
B03EC1D930
B03E488329
B03DCF2DCA
B03D55D912
B03CDC8500
B03C633196
B03BE9DED3
B03B708CB7
B03AF73B42
B03A7DEA74
B03A049A4D
B0398B4ACD
B03911FBF4
B03898ADC2
B0381F6037
B037A61353
B0372CC716
B036B37B80
B0363A3091
B035C0E649
B035479CA8
B034CE53AE
B034550B5B
B033DBC3AF
B033627CAA
B032E9364C
B0326FF094
B031F6AB84
B0317D671A
B031042358
B0308AE03C
B030119DC8
B02F985BFA
B02F1F1AD3
B02EA5DA53
B02E2C9A7A
B02DB35B48
B02D3A1CBC
B02CC0DED8
B02C47A19A
B02BCE6503
B02B552914
B02ADBEDCB
B02A62B328
B029E9792D
B029703FD9
B028F7072B
B0287DCF24
B0280497C4
B0278B610B
B027122AF9
B02698F58D
B0261FC0C8
B025A68CAA
B0252D5933
B024B42663
B0243AF439
B023C1C2B7
B0234891DB
B022CF61A5
B022563217
B021DD032F
B02163D4EE
B020EAA754
B020717A60
B01FF84E14
B01F7F226D
B01F05F76E
B01E8CCD16
B01E13A364
B01D9A7A58
B01D2151F4
B01CA82A36
B01C2F031F
B01BB5DCAF
B01B3CB6E5
B01AC391C2
B01A4A6D46
B019D14970
B019582641
B018DF03B8
B01865E1D7
B017ECC09C
B01773A007
B016FA8019
B0168160D2
B016084232
B0158F2438
B0151606E4
B0149CEA38
B01423CE31
B013AAB2D2
B013319819
B012B87E07
B0123F649B
B011C64BD6
B0114D33B7
B010D41C3F
B0105B056E
B00FE1EF43
B00F68D9BE
B00EEFC4E1
B00E76B0A9
B00DFD9D18
B00D848A2E
B00D0B77EB
B00C92664D
B00C195557
B00BA04507
B00B27355D
B00AAE265A
B00A3517FD
B009BC0A47
B00942FD37
B008C9F0CE
B00850E50B
B007D7D9EF
B0075ECF79
B006E5C5AA
B0066CBC81
B005F3B3FF
B0057AAC23
B00501A4ED
B004889E5E
B0040F9875
B003969333
B0031D8E97
B002A48AA1
B0022B8752
B001B284AA
B0013982A7
B000C0814C
B000478096
AFFFCE8087
AFFF55811E
AFFEDC825C
AFFE638440
AFFDEA86CA
AFFD7189FB
AFFCF88DD2
AFFC7F924F
AFFC069773
AFFB8D9D3D
AFFB14A3AD
AFFA9BAAC4
AFFA22B281
AFF9A9BAE4
AFF930C3EE
AFF8B7CD9E
AFF83ED7F4
AFF7C5E2F1
AFF74CEE93
AFF6D3FADC
AFF65B07CC
AFF5E21561
AFF569239D
AFF4F0327F
AFF4774208
AFF3FE5236
AFF385630B
AFF30C7486
AFF29386A8
AFF21A996F
AFF1A1ACDD
AFF128C0F1
AFF0AFD5AB
AFF036EB0C
AFEFBE0112
AFEF4517BF
AFEECC2F12
AFEE53470B
AFEDDA5FAB
AFED6178F0
AFECE892DC
AFEC6FAD6E
AFEBF6C8A6
AFEB7DE484
AFEB050108
AFEA8C1E33
AFEA133C03
AFE99A5A7A
AFE9217997
AFE8A8995A
AFE82FB9C3
AFE7B6DAD2
AFE73DFC87
AFE6C51EE3
AFE64C41E4
AFE5D3658C
AFE55A89DA
AFE4E1AECE
AFE468D467
AFE3EFFAA7
AFE377218D
AFE2FE4919
AFE285714B
AFE20C9A24
AFE193C3A2
AFE11AEDC6
AFE0A21890
AFE0294401
AFDFB07017
AFDF379CD3
AFDEBECA35
AFDE45F83E
AFDDCD26EC
AFDD545641
AFDCDB863B
AFDC62B6DB
AFDBE9E821
AFDB711A0E
AFDAF84CA0
AFDA7F7FD8
AFDA06B3B6
AFD98DE83B
AFD9151D65
AFD89C5335
AFD82389AB
AFD7AAC0C6
AFD731F888
AFD6B930F0
AFD64069FE
AFD5C7A3B1
AFD54EDE0B
AFD4D6190A
AFD45D54AF
AFD3E490FB
AFD36BCDEC
AFD2F30B83
AFD27A49BF
AFD20188A2
AFD188C82B
AFD1100859
AFD097492D
AFD01E8AA8
AFCFA5CCC8
AFCF2D0F8D
AFCEB452F9
AFCE3B970A
AFCDC2DBC2
AFCD4A211F
AFCCD16722
AFCC58ADCB
AFCBDFF519
AFCB673D0D
AFCAEE85A8
AFCA75CEE7
AFC9FD18CD
AFC9846359
AFC90BAE8A
AFC892FA61
AFC81A46DE
AFC7A19400
AFC728E1C9
AFC6B03037
AFC6377F4A
AFC5BECF04
AFC5461F63
AFC4CD7068
AFC454C213
AFC3DC1463
AFC3636759
AFC2EABAF5
AFC2720F37
AFC1F9641E
AFC180B9AB
AFC1080FDD
AFC08F66B6
AFC016BE34
AFBF9E1657
AFBF256F20
AFBEACC88F
AFBE3422A4
AFBDBB7D5E
AFBD42D8BE
AFBCCA34C4
AFBC51916F
AFBBD8EEBF
AFBB604CB6
AFBAE7AB52
AFBA6F0A93
AFB9F66A7B
AFB97DCB08
AFB9052C3A
AFB88C8E12
AFB813F090
AFB79B53B3
AFB722B77B
AFB6AA1BEA
AFB63180FE
AFB5B8E6B7
AFB5404D16
AFB4C7B41B
AFB44F1BC5
AFB3D68414
AFB35DED09
AFB2E556A4
AFB26CC0E4
AFB1F42BCA
AFB17B9755
AFB1030386
AFB08A705C
AFB011DDD8
AFAF994BF9
AFAF20BAC0
AFAEA82A2C
AFAE2F9A3E
AFADB70AF5
AFAD3E7C51
AFACC5EE53
AFAC4D60FB
AFABD4D448
AFAB5C483A
AFAAE3BCD2
AFAA6B320F
AFA9F2A7F2
AFA97A1E7A
AFA90195A8
AFA8890D7B
AFA81085F3
AFA797FF11
AFA71F78D4
AFA6A6F33D
AFA62E6E4B
AFA5B5E9FE
AFA53D6657
AFA4C4E355
AFA44C60F8
AFA3D3DF41
AFA35B5E2F
AFA2E2DDC3
AFA26A5DFC
AFA1F1DEDA
AFA179605D
AFA100E286
AFA0886554
AFA00FE8C8
AF9F976CE1
AF9F1EF19F
AF9EA67702
AF9E2DFD0B
AF9DB583B9
AF9D3D0B0C
AF9CC49305
AF9C4C1BA3
AF9BD3A4E6
AF9B5B2ECE
AF9AE2B95C
AF9A6A448F
AF99F1D067
AF99795CE5
AF9900EA07
AF988877CF
AF9810063D
AF9797954F
AF971F2507
AF96A6B563
AF962E4665
AF95B5D80D
AF953D6A59
AF94C4FD4B
AF944C90E1
AF93D4251D
AF935BB9FF
AF92E34F85
AF926AE5B1
AF91F27C81
AF917A13F7
AF9101AC12
AF908944D2
AF9010DE38
AF8F987842
AF8F2012F2
AF8EA7AE46
AF8E2F4A40
AF8DB6E6DF
AF8D3E8423
AF8CC6220C
AF8C4DC09A
AF8BD55FCE
AF8B5CFFA6
AF8AE4A024
AF8A6C4146
AF89F3E30E
AF897B857B
AF8903288D
AF888ACC43
AF8812709F
AF879A15A0
AF8721BB46
AF86A96192
AF86310882
AF85B8B017
AF85405851
AF84C80130
AF844FAAB4
AF83D754DD
AF835EFFAC
AF82E6AB1F
AF826E5737
AF81F603F4
AF817DB156
AF81055F5E
AF808D0E0A
AF8014BD5B
AF7F9C6D51
AF7F241DEC
AF7EABCF2C
AF7E338111
AF7DBB339B
AF7D42E6C9
AF7CCA9A9D
AF7C524F16
AF7BDA0433
AF7B61B9F6
AF7AE9705D
AF7A712769
AF79F8DF1A
AF79809771
AF7908506C
AF78900A0B
AF7817C450
AF779F7F3A
AF77273AC8
AF76AEF6FC
AF7636B3D4
AF75BE7151
AF75462F73
AF74CDEE39
AF7455ADA5
AF73DD6DB5
AF73652E6B
AF72ECEFC5
AF7274B1C4
AF71FC7467
AF718437B0
AF710BFB9D
AF7093C02F
AF701B8566
AF6FA34B42
AF6F2B11C2
AF6EB2D8E7
AF6E3AA0B1
AF6DC26920
AF6D4A3234
AF6CD1FBEC
AF6C59C649
AF6BE1914B
AF6B695CF1
AF6AF1293D
AF6A78F62D
AF6A00C3C1
AF698891FB
AF691060D9
AF6898305C
AF68200083
AF67A7D14F
AF672FA2C0
AF66B774D6
AF663F4790
AF65C71AEF
AF654EEEF3
AF64D6C39B
AF645E98E8
AF63E66EDA
AF636E4570
AF62F61CAB
AF627DF48B
AF6205CD0F
AF618DA638
AF61158005
AF609D5A77
AF6025358E
AF5FAD1149
AF5F34EDA9
AF5EBCCAAE
AF5E44A857
AF5DCC86A5
AF5D546597
AF5CDC452E
AF5C642569
AF5BEC0649
AF5B73E7CE
AF5AFBC9F7
AF5A83ACC5
AF5A0B9037
AF5993744E
AF591B5909
AF58A33E69
AF582B246D
AF57B30B16
AF573AF264
AF56C2DA56
AF564AC2EC
AF55D2AC27
AF555A9606
AF54E2808A
AF546A6BB3
AF53F25780
AF537A43F1
AF53023107
AF528A1EC1
AF52120D20
AF5199FC23
AF5121EBCB
AF50A9DC17
AF5031CD08
AF4FB9BE9D
AF4F41B0D6
AF4EC9A3B4
AF4E519736
AF4DD98B5D
AF4D618028
AF4CE97598
AF4C716BAC
AF4BF96264
AF4B8159C1
AF4B0951C2
AF4A914A67
AF4A1943B1
AF49A13D9F
AF49293832
AF48B13369
AF48392F44
AF47C12BC3
AF474928E7
AF46D126B0
AF4659251C
AF45E1242D
AF456923E3
AF44F1243C
AF4479253A
AF440126DC
AF43892923
AF43112C0E
AF42992F9D
AF422133D0
AF41A938A8
AF41313E24
AF40B94444
AF40414B08
AF3FC95271
AF3F515A7E
AF3ED9632F
AF3E616C85
AF3DE9767E
AF3D71811C
AF3CF98C5F
AF3C819845
AF3C09A4D0
AF3B91B1FE
AF3B19BFD2
AF3AA1CE49
AF3A29DD64
AF39B1ED24
AF3939FD88
AF38C20E90
AF384A203C
AF37D2328C
AF375A4581
AF36E2591A
AF366A6D56
AF35F28237
AF357A97BD
AF3502ADE6
AF348AC4B3
AF3412DC25
AF339AF43A
AF33230CF4
AF32AB2652
AF32334054
AF31BB5AFA
AF31437645
AF30CB9233
AF3053AEC5
AF2FDBCBFC
AF2F63E9D6
AF2EEC0855
AF2E742778
AF2DFC473F
AF2D8467AA
AF2D0C88B8
AF2C94AA6B
AF2C1CCCC2
AF2BA4EFBD
AF2B2D135C
AF2AB537A0
AF2A3D5C87
AF29C58212
AF294DA841
AF28D5CF14
AF285DF68B
AF27E61EA7
AF276E4766
AF26F670C9
AF267E9AD0
AF2606C57B
AF258EF0CA
AF25171CBD
AF249F4954
AF2427768F
AF23AFA46E
AF2337D2F1
AF22C00218
AF224831E3
AF21D06251
AF21589364
AF20E0C51A
AF2068F775
AF1FF12A73
AF1F795E15
AF1F01925B
AF1E89C745
AF1E11FCD3
AF1D9A3305
AF1D2269DB
AF1CAAA155
AF1C32D972
AF1BBB1233
AF1B434B98
AF1ACB85A1
AF1A53C04E
AF19DBFB9F
AF19643794
AF18EC742C
AF1874B168
AF17FCEF48
AF17852DCC
AF170D6CF4
AF1695ACBF
AF161DED2E
AF15A62E42
AF152E6FF8
AF14B6B253
AF143EF551
AF13C738F4
AF134F7D3A
AF12D7C223
AF126007B1
AF11E84DE2
AF117094B7
AF10F8DC30
AF1081244C
AF10096D0D
AF0F91B671
AF0F1A0078
AF0EA24B24
AF0E2A9673
AF0DB2E266
AF0D3B2EFC
AF0CC37C37
AF0C4BCA15
AF0BD41896
AF0B5C67BB
AF0AE4B784
AF0A6D07F1
AF09F55902
AF097DAAB6
AF0905FD0D
AF088E5009
AF0816A3A7
AF079EF7EA
AF07274CD0
AF06AFA25A
AF0637F888
AF05C04F59
AF0548A6CE
AF04D0FEE6
AF045957A2
AF03E1B102
AF036A0B05
AF02F265AC
AF027AC0F6
AF02031CE4
AF018B7975
AF0113D6AA
AF009C3483
AF002492FF
AEFFACF21F
AEFF3551E2
AEFEBDB249
AEFE461354
AEFDCE7502
AEFD56D753
AEFCDF3A48
AEFC679DE1
AEFBF0021D
AEFB7866FC
AEFB00CC7F
AEFA8932A6
AEFA119970
AEF99A00DD
AEF92268EE
AEF8AAD1A3
AEF8333AFB
AEF7BBA4F6
AEF7440F95
AEF6CC7AD8
AEF654E6BE
AEF5DD5347
AEF565C074
AEF4EE2E44
AEF4769CB7
AEF3FF0BCE
AEF3877B89
AEF30FEBE7
AEF2985CE8
AEF220CE8D
AEF1A940D5
AEF131B3C0
AEF0BA274F
AEF0429B81
AEEFCB1057
AEEF5385D0
AEEEDBFBED
AEEE6472AC
AEEDECEA0F
AEED756216
AEECFDDAC0
AEEC86540D
AEEC0ECDFD
AEEB974891
AEEB1FC3C9
AEEAA83FA3
AEEA30BC21
AEE9B93942
AEE941B707
AEE8CA356E
AEE852B479
AEE7DB3428
AEE763B47A
AEE6EC356F
AEE674B707
AEE5FD3942
AEE585BC21
AEE50E3FA3
AEE496C3C8
AEE41F4891
AEE3A7CDFD
AEE330540C
AEE2B8DABE
AEE2416214
AEE1C9EA0C
AEE15272A8
AEE0DAFBE8
AEE06385CA
AEDFEC1050
AEDF749B79
AEDEFD2745
AEDE85B3B4
AEDE0E40C6
AEDD96CE7C
AEDD1F5CD5
AEDCA7EBD1
AEDC307B70
AEDBB90BB2
AEDB419C97
AEDACA2E20
AEDA52C04C
AED9DB531B
AED963E68D
AED8EC7AA2
AED8750F5A
AED7FDA4B6
AED7863AB4
AED70ED156
AED697689A
AED6200082
AED5A8990D
AED531323B
AED4B9CC0C
AED4426681
AED3CB0198
AED3539D52
AED2DC39B0
AED264D6B0
AED1ED7454
AED176129A
AED0FEB184
AED0875111
AED00FF140
AECF989213
AECF213389
AECEA9D5A2
AECE32785D
AECDBB1BBC
AECD43BFBE
AECCCC6463
AECC5509AB
AECBDDAF95
AECB665623
AECAEEFD54
AECA77A528
AECA004D9F
AEC988F6B8
AEC911A075
AEC89A4AD4
AEC822F5D7
AEC7ABA17C
AEC7344DC5
AEC6BCFAB0
AEC645A83E
AEC5CE5670
AEC5570544
AEC4DFB4BB
AEC46864D5
AEC3F11592
AEC379C6F1
AEC30278F4
AEC28B2B9A
AEC213DEE2
AEC19C92CD
AEC125475B
AEC0ADFC8D
AEC036B260
AEBFBF68D7
AEBF481FF1
AEBED0D7AD
AEBE59900D
AEBDE2490F
AEBD6B02B4
AEBCF3BCFB
AEBC7C77E6
AEBC053373
AEBB8DEFA4
AEBB16AC77
AEBA9F69ED
AEBA282805
AEB9B0E6C1
AEB939A61F
AEB8C26620
AEB84B26C4
AEB7D3E80A
AEB75CA9F4
AEB6E56C80
AEB66E2FAE
AEB5F6F380
AEB57FB7F4
AEB5087D0B
AEB49142C5
AEB41A0922
AEB3A2D021
AEB32B97C3
AEB2B46008
AEB23D28EF
AEB1C5F279
AEB14EBCA6
AEB0D78776
AEB06052E8
AEAFE91EFD
AEAF71EBB4
AEAEFAB90E
AEAE83870B
AEAE0C55AB
AEAD9524ED
AEAD1DF4D2
AEACA6C55A
AEAC2F9684
AEABB86851
AEAB413AC0
AEAACA0DD2
AEAA52E187
AEA9DBB5DE
AEA9648AD8
AEA8ED6075
AEA87636B4
AEA7FF0D96
AEA787E51A
AEA710BD41
AEA699960A
AEA6226F76
AEA5AB4985
AEA5342436
AEA4BCFF8A
AEA445DB80
AEA3CEB819
AEA3579555
AEA2E07333
AEA26951B3
AEA1F230D6
AEA17B109C
AEA103F104
AEA08CD20F
AEA015B3BC
AE9F9E960B
AE9F2778FE
AE9EB05C92
AE9E3940C9
AE9DC225A3
AE9D4B0B1F
AE9CD3F13E
AE9C5CD7FF
AE9BE5BF62
AE9B6EA768
AE9AF79011
AE9A80795C
AE9A096349
AE99924DD9
AE991B390B
AE98A424E0
AE982D1157
AE97B5FE70
AE973EEC2C
AE96C7DA8A
AE9650C98B
AE95D9B92E
AE9562A974
AE94EB9A5C
AE94748BE6
AE93FD7E12
AE938670E2
AE930F6453
AE92985867
AE92214D1D
AE91AA4275
AE91333870
AE90BC2F0D
AE9045264D
AE8FCE1E2F
AE8F5716B3
AE8EE00FD9
AE8E6909A2
AE8DF2040D
AE8D7AFF1B
AE8D03FACB
AE8C8CF71D
AE8C15F411
AE8B9EF1A8
AE8B27EFE1
AE8AB0EEBC
AE8A39EE39
AE89C2EE59
AE894BEF1B
AE88D4F07F
AE885DF286
AE87E6F52F
AE876FF87A
AE86F8FC67
AE868200F6
AE860B0628
AE85940BFC
AE851D1272
AE84A6198B
AE842F2145
AE83B829A2
AE834132A1
AE82CA3C42
AE82534686
AE81DC516B
AE81655CF3
AE80EE691D
AE807775E9
AE80008357
AE7F899167
AE7F12A01A
AE7E9BAF6F
AE7E24BF65
AE7DADCFFE
AE7D36E139
AE7CBFF317
AE7C490596
AE7BD218B7
AE7B5B2C7B
AE7AE440E1
AE7A6D55E8
AE79F66B92
AE797F81DE
AE790898CC
AE7891B05C
AE781AC88F
AE77A3E163
AE772CFAD9
AE76B614F2
AE763F2FAC
AE75C84B09
AE75516707
AE74DA83A8
AE7463A0EA
AE73ECBECF
AE7375DD56
AE72FEFC7F
AE72881C49
AE72113CB6
AE719A5DC5
AE71237F75
AE70ACA1C8
AE7035C4BD
AE6FBEE854
AE6F480C8C
AE6ED13167
AE6E5A56E4
AE6DE37D02
AE6D6CA3C3
AE6CF5CB25
AE6C7EF32A
AE6C081BD0
AE6B914519
AE6B1A6F03
AE6AA3998F
AE6A2CC4BD
AE69B5F08D
AE693F1CFF
AE68C84A13
AE685177C9
AE67DAA621
AE6763D51A
AE66ED04B6
AE667634F3
AE65FF65D2
AE65889753
AE6511C976
AE649AFC3B
AE64242FA2
AE63AD63AB
AE63369855
AE62BFCDA1
AE6249038F
AE61D23A1F
AE615B7151
AE60E4A925
AE606DE19A
AE5FF71AB1
AE5F80546A
AE5F098EC5
AE5E92C9C2
AE5E1C0560
AE5DA541A0
AE5D2E7E82
AE5CB7BC06
AE5C40FA2C
AE5BCA38F3
AE5B53785C
AE5ADCB867
AE5A65F913
AE59EF3A62
AE59787C52
AE5901BEE4
AE588B0217
AE581445EC
AE579D8A63
AE5726CF7C
AE56B01537
AE56395B93
AE55C2A291
AE554BEA30
AE54D53271
AE545E7B54
AE53E7C4D9
AE53710EFF
AE52FA59C7
AE5283A531
AE520CF13C
AE51963DE9
AE511F8B38
AE50A8D928
AE503227BA
AE4FBB76ED
AE4F44C6C2
AE4ECE1739
AE4E576851
AE4DE0BA0B
AE4D6A0C67
AE4CF35F64
AE4C7CB303
AE4C060744
AE4B8F5C26
AE4B18B1A9
AE4AA207CE
AE4A2B5E95
AE49B4B5FE
AE493E0E07
AE48C766B3
AE4850C000
AE47DA19EF
AE4763747F
AE46ECCFB0
AE46762B84
AE45FF87F8
AE4588E50F
AE451242C6
AE449BA120
AE4425001A
AE43AE5FB7
AE4337BFF5
AE42C120D4
AE424A8255
AE41D3E477
AE415D473B
AE40E6AAA0
AE40700EA7
AE3FF9734F
AE3F82D898
AE3F0C3E84
AE3E95A510
AE3E1F0C3E
AE3DA8740E
AE3D31DC7E
AE3CBB4591
AE3C44AF45
AE3BCE199A
AE3B578490
AE3AE0F028
AE3A6A5C62
AE39F3C93C
AE397D36B9
AE3906A4D6
AE38901395
AE381982F5
AE37A2F2F7
AE372C639A
AE36B5D4DF
AE363F46C4
AE35C8B94C
AE35522C74
AE34DBA03E
AE346514A9
AE33EE89B6
AE3377FF64
AE330175B3
AE328AECA3
AE32146435
AE319DDC68
AE3127553D
AE30B0CEB2
AE303A48CA
AE2FC3C382
AE2F4D3EDB
AE2ED6BAD6
AE2E603773
AE2DE9B4B0
AE2D73328F
AE2CFCB10F
AE2C863030
AE2C0FAFF2
AE2B993056
AE2B22B15B
AE2AAC3301
AE2A35B549
AE29BF3831
AE2948BBBB
AE28D23FE6
AE285BC4B2
AE27E54A20
AE276ED02F
AE26F856DF
AE2681DE30
AE260B6622
AE2594EEB5
AE251E77EA
AE24A801C0
AE24318C37
AE23BB174F
AE2344A308
AE22CE2F62
AE2257BC5E
AE21E149FB
AE216AD839
AE20F46717
AE207DF698
AE200786B9
AE1F91177B
AE1F1AA8DF
AE1EA43AE3
AE1E2DCD89
AE1DB760CF
AE1D40F4B7
AE1CCA8940
AE1C541E6A
AE1BDDB435
AE1B674AA1
AE1AF0E1AE
AE1A7A795D
AE1A0411AC
AE198DAA9C
AE1917442E
AE18A0DE60
AE182A7934
AE17B414A8
AE173DB0BE
AE16C74D74
AE1650EACC
AE15DA88C4
AE1564275E
AE14EDC698
AE14776674
AE140106F1
AE138AA80E
AE131449CD
AE129DEC2C
AE12278F2D
AE11B132CE
AE113AD710
AE10C47BF4
AE104E2178
AE0FD7C79D
AE0F616E63
AE0EEB15CA
AE0E74BDD2
AE0DFE667B
AE0D880FC5
AE0D11B9B0
AE0C9B643C
AE0C250F68
AE0BAEBB36
AE0B3867A4
AE0AC214B3
AE0A4BC264
AE09D570B5
AE095F1FA7
AE08E8CF39
AE08727F6D
AE07FC3042
AE0785E1B7
AE070F93CD
AE06994684
AE0622F9DC
AE05ACADD5
AE0536626E
AE04C017A9
AE0449CD84
AE03D38400
AE035D3B1D
AE02E6F2DA
AE0270AB39
AE01FA6438
AE01841DD8
AE010DD819
AE009792FA
AE00214E7D
ADFFAB0AA0
ADFF34C764
ADFEBE84C8
ADFE4842CE
ADFDD20174
ADFD5BC0BB
ADFCE580A2
ADFC6F412B
ADFBF90254
ADFB82C41D
ADFB0C8688
ADFA964993
ADFA200D3F
ADF9A9D18C
ADF9339679
ADF8BD5C07
ADF8472236
ADF7D0E905
ADF75AB075
ADF6E47886
ADF66E4138
ADF5F80A8A
ADF581D47C
ADF50B9F10
ADF4956A44
ADF41F3619
ADF3A9028E
ADF332CFA4
ADF2BC9D5B
ADF2466BB2
ADF1D03AAA
ADF15A0A42
ADF0E3DA7B
ADF06DAB55
ADEFF77CCF
ADEF814EEA
ADEF0B21A5
ADEE94F501
ADEE1EC8FE
ADEDA89D9B
ADED3272D9
ADECBC48B7
ADEC461F36
ADEBCFF656
ADEB59CE16
ADEAE3A676
ADEA6D7F77
ADE9F75919
ADE981335B
ADE90B0E3E
ADE894E9C1
ADE81EC5E4
ADE7A8A2A9
ADE732800D
ADE6BC5E13
ADE6463CB8
ADE5D01BFE
ADE559FBE5
ADE4E3DC6C
ADE46DBD94
ADE3F79F5C
ADE38181C4
ADE30B64CD
ADE2954877
ADE21F2CC1
ADE1A911AB
ADE132F736
ADE0BCDD61
ADE046C42D
ADDFD0AB99
ADDF5A93A5
ADDEE47C52
ADDE6E65A0
ADDDF84F8D
ADDD823A1C
ADDD0C254A
ADDC961119
ADDC1FFD88
ADDBA9EA98
ADDB33D848
ADDABDC698
ADDA47B589
ADD9D1A51A
ADD95B954C
ADD8E5861E
ADD86F7790
ADD7F969A2
ADD7835C55
ADD70D4FA8
ADD697439C
ADD6213830
ADD5AB2D64
ADD5352338
ADD4BF19AD
ADD44910C2
ADD3D30878
ADD35D00CD
ADD2E6F9C3
ADD270F359
ADD1FAED90
ADD184E867
ADD10EE3DE
ADD098DFF5
ADD022DCAD
ADCFACDA04
ADCF36D7FC
ADCEC0D695
ADCE4AD5CD
ADCDD4D5A6
ADCD5ED61F
ADCCE8D738
ADCC72D8F1
ADCBFCDB4B
ADCB86DE45
ADCB10E1DF
ADCA9AE619
ADCA24EAF3
ADC9AEF06E
ADC938F689
ADC8C2FD44
ADC84D049F
ADC7D70C9A
ADC7611535
ADC6EB1E71
ADC675284D
ADC5FF32C9
ADC5893DE5
ADC51349A1
ADC49D55FD
ADC42762F9
ADC3B17096
ADC33B7ED3
ADC2C58DAF
ADC24F9D2C
ADC1D9AD49
ADC163BE06
ADC0EDCF63
ADC077E161
ADC001F3FE
ADBF8C073B
ADBF161B19
ADBEA02F96
ADBE2A44B4
ADBDB45A72
ADBD3E70CF
ADBCC887CD
ADBC529F6B
ADBBDCB7A9
ADBB66D086
ADBAF0EA04
ADBA7B0422
ADBA051EE0
ADB98F3A3E
ADB919563C
ADB8A372DA
ADB82D9018
ADB7B7ADF6
ADB741CC74
ADB6CBEB91
ADB6560B4F
ADB5E02BAD
ADB56A4CAB
ADB4F46E49
ADB47E9086
ADB408B364
ADB392D6E2
ADB31CFAFF
ADB2A71FBD
ADB231451A
ADB1BB6B17
ADB14591B5
ADB0CFB8F2
ADB059E0CF
ADAFE4094C
ADAF6E3269
ADAEF85C26
ADAE828682
ADAE0CB17F
ADAD96DD1B
ADAD210958
ADACAB3634
ADAC3563B0
ADABBF91CC
ADAB49C088
ADAAD3EFE3
ADAA5E1FDF
ADA9E8507A
ADA97281B5
ADA8FCB390
ADA886E60B
ADA8111926
ADA79B4CE0
ADA725813A
ADA6AFB634
ADA639EBCE
ADA5C42208
ADA54E58E1
ADA4D8905B
ADA462C874
ADA3ED012D
ADA3773A85
ADA301747E
ADA28BAF16
ADA215EA4E
ADA1A02625
ADA12A629D
ADA0B49FB4
ADA03EDD6B
AD9FC91BC1
AD9F535AB7
AD9EDD9A4D
AD9E67DA83
AD9DF21B59
AD9D7C5CCE
AD9D069EE3
AD9C90E197
AD9C1B24EC
AD9BA568E0
AD9B2FAD73
AD9AB9F2A7
AD9A44387A
AD99CE7EEC
AD9958C5FF
AD98E30DB1
AD986D5602
AD97F79EF3
AD9781E884
AD970C32B5
AD96967D85
AD9620C8F5
AD95AB1505
AD953561B4
AD94BFAF02
AD9449FCF1
AD93D44B7E
AD935E9AAC
AD92E8EA79
AD92733AE6
AD91FD8BF2
AD9187DD9E
AD91122FE9
AD909C82D4
AD9026D65F
AD8FB12A89
AD8F3B7F53
AD8EC5D4BC
AD8E502AC5
AD8DDA816D
AD8D64D8B5
AD8CEF309C
AD8C798923
AD8C03E249
AD8B8E3C0F
AD8B189675
AD8AA2F17A
AD8A2D4D1E
AD89B7A962
AD89420646
AD88CC63C8
AD8856C1EB
AD87E120AD
AD876B800E
AD86F5E00F
AD868040AF
AD860AA1EF
AD859503CE
AD851F664D
AD84A9C96B
AD84342D28
AD83BE9185
AD8348F681
AD82D35C1D
AD825DC258
AD81E82933
AD817290AD
AD80FCF8C6
AD8087617F
AD8011CAD7
AD7F9C34CF
AD7F269F66
AD7EB10A9C
AD7E3B7672
AD7DC5E2E7
AD7D504FFB
AD7CDABDAF
AD7C652C02
AD7BEF9AF5
AD7B7A0A87
AD7B047AB8
AD7A8EEB88
AD7A195CF8
AD79A3CF07
AD792E41B6
AD78B8B504
AD784328F1
AD77CD9D7D
AD775812A9
AD76E28874
AD766CFEDE
AD75F775E8
AD7581ED90
AD750C65D8
AD7496DEC0
AD74215846
AD73ABD26C
AD73364D31
AD72C0C896
AD724B4499
AD71D5C13C
AD71603E7E
AD70EABC60
AD70753AE0
AD6FFFBA00
AD6F8A39BF
AD6F14BA1D
AD6E9F3B1B
AD6E29BCB7
AD6DB43EF3
AD6D3EC1CE
AD6CC94548
AD6C53C961
AD6BDE4E1A
AD6B68D372
AD6AF35968
AD6A7DDFFE
AD6A086734
AD6992EF08
AD691D777B
AD68A8008E
AD68328A40
AD67BD1490
AD67479F80
AD66D22B0F
AD665CB73E
AD65E7440B
AD6571D177
AD64FC5F83
AD6486EE2E
AD64117D77
AD639C0D60
AD63269DE8
AD62B12F0F
AD623BC0D5
AD61C6533A
AD6150E63E
AD60DB79E1
AD60660E23
AD5FF0A305
AD5F7B3885
AD5F05CEA4
AD5E906563
AD5E1AFCC0
AD5DA594BD
AD5D302D58
AD5CBAC693
AD5C45606C
AD5BCFFAE5
AD5B5A95FC
AD5AE531B3
AD5A6FCE08
AD59FA6AFC
AD59850890
AD590FA6C2
AD589A4594
AD5824E504
AD57AF8513
AD573A25C1
AD56C4C70E
AD564F68FB
AD55DA0B86
AD5564AEB0
AD54EF5279
AD5479F6E0
AD54049BE7
AD538F418D
AD5319E7D1
AD52A48EB5
AD522F3637
AD51B9DE58
AD51448718
AD50CF3078
AD5059DA75
AD4FE48512
AD4F6F304E
AD4EF9DC28
AD4E8488A2
AD4E0F35BA
AD4D99E371
AD4D2491C7
AD4CAF40BC
AD4C39F04F
AD4BC4A082
AD4B4F5153
AD4ADA02C3
AD4A64B4D2
AD49EF677F
AD497A1ACC
AD4904CEB7
AD488F8341
AD481A386A
AD47A4EE32
AD472FA498
AD46BA5B9D
AD46451341
AD45CFCB84
AD455A8466
AD44E53DE6
AD446FF805
AD43FAB2C3
AD43856E1F
AD43102A1A
AD429AE6B4
AD4225A3ED
AD41B061C4
AD413B203A
AD40C5DF4F
AD40509F03
AD3FDB5F55
AD3F662046
AD3EF0E1D6
AD3E7BA404
AD3E0666D1
AD3D912A3C
AD3D1BEE47
AD3CA6B2F0
AD3C317837
AD3BBC3E1E
AD3B4704A3
AD3AD1CBC6
AD3A5C9389
AD39E75BE9
AD397224E9
AD38FCEE87
AD3887B8C4
AD3812839F
AD379D4F19
AD37281B32
AD36B2E7E9
AD363DB53F
AD35C88333
AD355351C6
AD34DE20F8
AD3468F0C8
AD33F3C137
AD337E9244
AD330963F0
AD3294363A
AD321F0923
AD31A9DCAB
AD3134B0D1
AD30BF8595
AD304A5AF9
AD2FD530FA
AD2F60079A
AD2EEADED9
AD2E75B6B6
AD2E008F32
AD2D8B684C
AD2D164205
AD2CA11C5C
AD2C2BF752
AD2BB6D2E6
AD2B41AF19
AD2ACC8BEA
AD2A57695A
AD29E24768
AD296D2614
AD28F8055F
AD2882E549
AD280DC5D1
AD2798A6F7
AD272388BC
AD26AE6B1F
AD26394E21
AD25C431C1
AD254F15FF
AD24D9FADC
AD2464E057
AD23EFC671
AD237AAD29
AD2305947F
AD22907C74
AD221B6508
AD21A64E39
AD21313809
AD20BC2278
AD20470D84
AD1FD1F92F
AD1F5CE579
AD1EE7D261
AD1E72BFE7
AD1DFDAE0B
AD1D889CCE
AD1D138C2F
AD1C9E7C2E
AD1C296CCC
AD1BB45E08
AD1B3F4FE3
AD1ACA425B
AD1A553572
AD19E02928
AD196B1D7B
AD18F6126D
AD188107FD
AD180BFE2B
AD1796F4F8
AD1721EC63
AD16ACE46C
AD1637DD14
AD15C2D659
AD154DD03D
AD14D8CAC0
AD1463C5E0
AD13EEC19F
AD1379BDFB
AD1304BAF7
AD128FB890
AD121AB6C7
AD11A5B59D
AD1130B511
AD10BBB523
AD1046B5D3
AD0FD1B722
AD0F5CB90F
AD0EE7BB99
AD0E72BEC2
AD0DFDC28A
AD0D88C6EF
AD0D13CBF2
AD0C9ED194
AD0C29D7D4
AD0BB4DEB2
AD0B3FE62E
AD0ACAEE48
AD0A55F700
AD09E10057
AD096C0A4B
AD08F714DE
AD0882200F
AD080D2BDE
AD0798384B
AD07234556
AD06AE52FF
AD06396146
AD05C4702C
AD054F7FAF
AD04DA8FD1
AD0465A090
AD03F0B1EE
AD037BC3E9
AD0306D683
AD0291E9BB
AD021CFD91
AD01A81204
AD01332716
AD00BE3CC6
AD00495314
ACFFD46A00
ACFF5F818A
ACFEEA99B2
ACFE75B278
ACFE00CBDC
ACFD8BE5DD
ACFD17007D
ACFCA21BBB
ACFC2D3797
ACFBB85411
ACFB437129
ACFACE8EDE
ACFA59AD32
ACF9E4CC24
ACF96FEBB3
ACF8FB0BE1
ACF8862CAC
ACF8114E16
ACF79C701D
ACF72792C2
ACF6B2B605
ACF63DD9E7
ACF5C8FE66
ACF5542382
ACF4DF493D
ACF46A6F96
ACF3F5968C
ACF380BE21
ACF30BE653
ACF2970F23
ACF2223891
ACF1AD629D
ACF1388D47
ACF0C3B88F
ACF04EE474
ACEFDA10F8
ACEF653E19
ACEEF06BD8
ACEE7B9A35
ACEE06C92F
ACED91F8C8
ACED1D28FE
ACECA859D2
ACEC338B44
ACEBBEBD54
ACEB49F001
ACEAD5234D
ACEA605736
ACE9EB8BBC
ACE976C0E1
ACE901F6A4
ACE88D2D04
ACE8186402
ACE7A39B9D
ACE72ED3D7
ACE6BA0CAE
ACE6454623
ACE5D08035
ACE55BBAE6
ACE4E6F634
ACE4723220
ACE3FD6EA9
ACE388ABD1
ACE313E996
ACE29F27F8
ACE22A66F9
ACE1B5A697
ACE140E6D2
ACE0CC27AC
ACE0576923
ACDFE2AB38
ACDF6DEDEA
ACDEF9313A
ACDE847528
ACDE0FB9B3
ACDD9AFEDD
ACDD2644A3
ACDCB18B08
ACDC3CD20A
ACDBC819A9
ACDB5361E6
ACDADEAAC1
ACDA69F43A
ACD9F53E50
ACD9808904
ACD90BD455
ACD8972044
ACD8226CD0
ACD7ADB9FA
ACD73907C2
ACD6C45627
ACD64FA52A
ACD5DAF4CA
ACD5664508
ACD4F195E4
ACD47CE75D
ACD4083973
ACD3938C27
ACD31EDF79
ACD2AA3368
ACD23587F5
ACD1C0DD1F
ACD14C32E7
ACD0D7894C
ACD062E04F
ACCFEE37EF
ACCF79902D
ACCF04E908
ACCE904281
ACCE1B9C97
ACCDA6F74B
ACCD32529C
ACCCBDAE8A
ACCC490B17
ACCBD46840
ACCB5FC607
ACCAEB246C
ACCA76836D
ACCA01E30D
ACC98D434A
ACC918A424
ACC8A4059B
ACC82F67B0
ACC7BACA63
ACC7462DB3
ACC6D191A0
ACC65CF62B
ACC5E85B53
ACC573C118
ACC4FF277B
ACC48A8E7B
ACC415F619
ACC3A15E54
ACC32CC72C
ACC2B830A2
ACC2439AB5
ACC1CF0566
ACC15A70B3
ACC0E5DC9E
ACC0714927
ACBFFCB64D
ACBF882410
ACBF139270
ACBE9F016E
ACBE2A7109
ACBDB5E141
ACBD415217
ACBCCCC38A
ACBC58359A
ACBBE3A848
ACBB6F1B93
ACBAFA8F7B
ACBA860400
ACBA117923
ACB99CEEE3
ACB9286540
ACB8B3DC3A
ACB83F53D2
ACB7CACC07
ACB75644D9
ACB6E1BE48
ACB66D3855
ACB5F8B2FF
ACB5842E46
ACB50FAA2A
ACB49B26AC
ACB426A3CA
ACB3B22186
ACB33D9FDF
ACB2C91ED6
ACB2549E69
ACB1E01E9A
ACB16B9F68
ACB0F720D3
ACB082A2DB
ACB00E2580
ACAF99A8C3
ACAF252CA2
ACAEB0B11F
ACAE3C3639
ACADC7BBF0
ACAD534244
ACACDEC936
ACAC6A50C4
ACABF5D8F0
ACAB8161B8
ACAB0CEB1E
ACAA987521
ACAA23FFC1
ACA9AF8AFE
ACA93B16D8
ACA8C6A350
ACA8523064
ACA7DDBE15
ACA7694C64
ACA6F4DB4F
ACA6806AD8
ACA60BFAFE
ACA5978BC0
ACA5231D20
ACA4AEAF1D
ACA43A41B7
ACA3C5D4EE
ACA35168C2
ACA2DCFD33
ACA2689241
ACA1F427EB
ACA17FBE33
ACA10B5518
ACA096EC9A
ACA02284B9
AC9FAE1D75
AC9F39B6CE
AC9EC550C4
AC9E50EB57
AC9DDC8687
AC9D682254
AC9CF3BEBD
AC9C7F5BC4
AC9C0AF968
AC9B9697A8
AC9B223686
AC9AADD600
AC9A397618
AC99C516CC
AC9950B81D
AC98DC5A0C
AC9867FC97
AC97F39FBF
AC977F4384
AC970AE7E5
AC96968CE4
AC96223280
AC95ADD8B8
AC95397F8D
AC94C526FF
AC9450CF0F
AC93DC77BA
AC93682103
AC92F3CAE9
AC927F756B
AC920B208B
AC9196CC47
AC912278A0
AC90AE2596
AC9039D328
AC8FC58158
AC8F513024
AC8EDCDF8D
AC8E688F93
AC8DF44036
AC8D7FF175
AC8D0BA351
AC8C9755CA
AC8C2308E0
AC8BAEBC93
AC8B3A70E2
AC8AC625CE
AC8A51DB57
AC89DD917D
AC8969483F
AC88F4FF9E
AC8880B79A
AC880C7033
AC87982968
AC8723E33A
AC86AF9DA9
AC863B58B5
AC85C7145D
AC8552D0A2
AC84DE8D83
AC846A4B02
AC83F6091D
AC8381C7D4
AC830D8729
AC8299471A
AC822507A8
AC81B0C8D2
AC813C8A99
AC80C84CFD
AC80540FFD
AC7FDFD39A
AC7F6B97D4
AC7EF75CAA
AC7E83221D
AC7E0EE82D
AC7D9AAED9
AC7D267622
AC7CB23E07
AC7C3E0689
AC7BC9CFA8
AC7B559963
AC7AE163BB
AC7A6D2EB0
AC79F8FA41
AC7984C66E
AC79109338
AC789C609F
AC78282EA2
AC77B3FD42
AC773FCC7F
AC76CB9C58
AC76576CCD
AC75E33DDF
AC756F0F8E
AC74FAE1D9
AC7486B4C1
AC74128845
AC739E5C66
AC732A3123
AC72B6067D
AC7241DC73
AC71CDB306
AC71598A35
AC70E56201
AC70713A69
AC6FFD136E
AC6F88ED0F
AC6F14C74D
AC6EA0A227
AC6E2C7D9D
AC6DB859B0
AC6D443660
AC6CD013AC
AC6C5BF194
AC6BE7D019
AC6B73AF3A
AC6AFF8EF8
AC6A8B6F52
AC6A175048
AC69A331DB
AC692F140B
AC68BAF6D6
AC6846DA3E
AC67D2BE43
AC675EA2E4
AC66EA8821
AC66766DFB
AC66025471
AC658E3B83
AC651A2332
AC64A60B7D
AC6431F465
AC63BDDDE8
AC6349C809
AC62D5B2C5
AC62619E1E
AC61ED8A13
AC617976A5
AC610563D2
AC6091519D
AC601D4003
AC5FA92F06
AC5F351EA5
AC5EC10EE0
AC5E4CFFB8
AC5DD8F12C
AC5D64E33C
AC5CF0D5E9
AC5C7CC931
AC5C08BD16
AC5B94B198
AC5B20A6B5
AC5AAC9C6F
AC5A3892C5
AC59C489B7
AC59508146
AC58DC7971
AC58687238
AC57F46B9B
AC5780659A
AC570C6036
AC56985B6E
AC56245742
AC55B053B2
AC553C50BF
AC54C84E67
AC54544CAC
AC53E04B8D
AC536C4B0B
AC52F84B24
AC52844BD9
AC52104D2B
AC519C4F19
AC512851A3
AC50B454C9
AC5040588C
AC4FCC5CEA
AC4F5861E5
AC4EE4677B
AC4E706DAE
AC4DFC747D
AC4D887BE8
AC4D1483EF
AC4CA08C93
AC4C2C95D2
AC4BB89FAD
AC4B44AA25
AC4AD0B539
AC4A5CC0E8
AC49E8CD34
AC4974DA1C
AC4900E7A0
AC488CF5C0
AC4819047C
AC47A513D4
AC473123C8
AC46BD3458
AC46494585
AC45D5574D
AC456169B1
AC44ED7CB1
AC4479904E
AC4405A486
AC4391B95A
AC431DCECB
AC42A9E4D7
AC4235FB80
AC41C212C4
AC414E2AA4
AC40DA4320
AC40665C39
AC3FF275ED
AC3F7E903D
AC3F0AAB29
AC3E96C6B1
AC3E22E2D6
AC3DAEFF96
AC3D3B1CF1
AC3CC73AE9
AC3C53597D
AC3BDF78AD
AC3B6B9879
AC3AF7B8E0
AC3A83D9E4
AC3A0FFB83
AC399C1DBE
AC39284096
AC38B46409
AC38408818
AC37CCACC3
AC3758D209
AC36E4F7EC
AC36711E6A
AC35FD4585
AC35896D3B
AC3515958D
AC34A1BE7B
AC342DE805
AC33BA122A
AC33463CEC
AC32D26849
AC325E9442
AC31EAC0D7
AC3176EE08
AC31031BD4
AC308F4A3D
AC301B7941
AC2FA7A8E1
AC2F33D91C
AC2EC009F4
AC2E4C3B67
AC2DD86D76
AC2D64A021
AC2CF0D368
AC2C7D074A
AC2C093BC8
AC2B9570E2
AC2B21A698
AC2AADDCE9
AC2A3A13D6
AC29C64B5F
AC29528384
AC28DEBC44
AC286AF5A0
AC27F72F98
AC27836A2B
AC270FA55A
AC269BE125
AC26281D8C
AC25B45A8E
AC2540982C
AC24CCD666
AC2459153B
AC23E554AC
AC237194B9
AC22FDD561
AC228A16A5
AC22165884
AC21A29B00
AC212EDE17
AC20BB21C9
AC20476617
AC1FD3AB01
AC1F5FF087
AC1EEC36A8
AC1E787D64
AC1E04C4BD
AC1D910CB0
AC1D1D5540
AC1CA99E6B
AC1C35E832
AC1BC23294
AC1B4E7D92
AC1ADAC92B
AC1A671560
AC19F36231
AC197FAF9D
AC190BFDA4
AC18984C48
AC18249B86
AC17B0EB61
AC173D3BD6
AC16C98CE8
AC1655DE95
AC15E230DD
AC156E83C1
AC14FAD741
AC14872B5C
AC14138012
AC139FD564
AC132C2B51
AC12B881DA
AC1244D8FF
AC11D130BF
AC115D891A
AC10E9E211
AC10763BA3
AC100295D1
AC0F8EF09A
AC0F1B4BFF
AC0EA7A7FF
AC0E34049B
AC0DC061D2
AC0D4CBFA4
AC0CD91E12
AC0C657D1C
AC0BF1DCC0
AC0B7E3D00
AC0B0A9DDC
AC0A96FF53
AC0A236165
AC09AFC413
AC093C275C
AC08C88B41
AC0854EFC1
AC07E154DC
AC076DBA93
AC06FA20E5
AC068687D2
AC0612EF5B
AC059F577F
AC052BC03E
AC04B82999
AC0444938F
AC03D0FE21
AC035D694D
AC02E9D515
AC02764179
AC0202AE78
AC018F1C12
AC011B8A47
AC00A7F918
AC00346884
ABFFC0D88B
ABFF4D492D
ABFED9BA6B
ABFE662C44
ABFDF29EB8
ABFD7F11C8
ABFD0B8573
ABFC97F9B9
ABFC246E9A
ABFBB0E417
ABFB3D5A2F
ABFAC9D0E2
ABFA564830
ABF9E2C01A
ABF96F389F
ABF8FBB1BF
ABF8882B7A
ABF814A5D0
ABF7A120C2
ABF72D9C4F
ABF6BA1877
ABF646953A
ABF5D31298
ABF55F9092
ABF4EC0F26
ABF4788E56
ABF4050E21
ABF3918E88
ABF31E0F89
ABF2AA9126
ABF237135D
ABF1C39630
ABF150199E
ABF0DC9DA7
ABF069224B
ABEFF5A78B
ABEF822D65
ABEF0EB3DB
ABEE9B3AEB
ABEE27C297
ABEDB44ADE
ABED40D3C0
ABECCD5D3D
ABEC59E755
ABEBE67208
ABEB72FD57
ABEAFF8940
ABEA8C15C4
ABEA18A2E4
ABE9A5309E
ABE931BEF4
ABE8BE4DE5
ABE84ADD70
ABE7D76D97
ABE763FE59
ABE6F08FB6
ABE67D21AD
ABE609B440
ABE596476E
ABE522DB37
ABE4AF6F9B
ABE43C049A
ABE3C89A33
ABE3553068
ABE2E1C738
ABE26E5EA3
ABE1FAF6A9
ABE1878F49
ABE1142885
ABE0A0C25C
ABE02D5CCD
ABDFB9F7DA
ABDF469381
ABDED32FC4
ABDE5FCCA1
ABDDEC6A1A
ABDD79082D
ABDD05A6DB
ABDC924624
ABDC1EE608
ABDBAB8687
ABDB3827A1
ABDAC4C956
ABDA516BA5
ABD9DE0E90
ABD96AB215
ABD8F75635
ABD883FAF0
ABD810A046
ABD79D4637
ABD729ECC3
ABD6B693E9
ABD6433BAB
ABD5CFE407
ABD55C8CFE
ABD4E93690
ABD475E0BD
ABD4028B85
ABD38F36E7
ABD31BE2E4
ABD2A88F7C
ABD2353CAF
ABD1C1EA7D
ABD14E98E5
ABD0DB47E9
ABD067F787
ABCFF4A7C0
ABCF815893
ABCF0E0A02
ABCE9ABC0B
ABCE276EAF
ABCDB421ED
ABCD40D5C7
ABCCCD8A3B
ABCC5A3F4A
ABCBE6F4F4
ABCB73AB38
ABCB006217
ABCA8D1991
ABCA19D1A6
ABC9A68A55
ABC933439F
ABC8BFFD84
ABC84CB803
ABC7D9731D
ABC7662ED2
ABC6F2EB22
ABC67FA80C
ABC60C6591
ABC59923B0
ABC525E26B
ABC4B2A1BF
ABC43F61AF
ABC3CC2239
ABC358E35E
ABC2E5A51E
ABC2726778
ABC1FF2A6C
ABC18BEDFC
ABC118B226
ABC0A576EB
ABC0323C4A
ABBFBF0244
ABBF4BC8D8
ABBED89007
ABBE6557D1
ABBDF22035
ABBD7EE934
ABBD0BB2CE
ABBC987D02
ABBC2547D1
ABBBB2133A
ABBB3EDF3D
ABBACBABDC
ABBA587915
ABB9E546E8
ABB9721556
ABB8FEE45F
ABB88BB402
ABB818843F
ABB7A55517
ABB732268A
ABB6BEF897
ABB64BCB3F
ABB5D89E81
ABB565725E
ABB4F246D5
ABB47F1BE7
ABB40BF193
ABB398C7D9
ABB3259EBB
ABB2B27636
ABB23F4E4C
ABB1CC26FD
ABB1590048
ABB0E5DA2D
ABB072B4AD
ABAFFF8FC8
ABAF8C6B7C
ABAF1947CC
ABAEA624B5
ABAE330239
ABADBFE058
ABAD4CBF11
ABACD99E64
ABAC667E52
ABABF35EDA
ABAB803FFD
ABAB0D21BA
ABAA9A0411
ABAA26E703
ABA9B3CA8F
ABA940AEB6
ABA8CD9376
ABA85A78D2
ABA7E75EC7
ABA7744557
ABA7012C82
ABA68E1446
ABA61AFCA5
ABA5A7E59F
ABA534CF32
ABA4C1B960
ABA44EA429
ABA3DB8F8B
ABA3687B88
ABA2F5681F
ABA2825551
ABA20F431D
ABA19C3183
ABA1292083
ABA0B6101E
ABA0430053
AB9FCFF123
AB9F5CE28C
AB9EE9D490
AB9E76C72E
AB9E03BA66
AB9D90AE39
AB9D1DA2A6
AB9CAA97AD
AB9C378D4E
AB9BC4838A
AB9B517A60
AB9ADE71D0
AB9A6B69DA
AB99F8627E
AB99855BBD
AB99125596
AB989F5009
AB982C4B16
AB97B946BE
AB974642FF
AB96D33FDB
AB96603D51
AB95ED3B61
AB957A3A0C
AB95073950
AB9494392F
AB942139A8
AB93AE3ABB
AB933B3C68
AB92C83EAF
AB92554191
AB91E2450C
AB916F4922
AB90FC4DD2
AB9089531B
AB901658FF
AB8FA35F7D
AB8F306696
AB8EBD6E48
AB8E4A7694
AB8DD77F7B
AB8D6488FB
AB8CF19316
AB8C7E9DCB
AB8C0BA91A
AB8B98B502
AB8B25C185
AB8AB2CEA2
AB8A3FDC59
AB89CCEAAA
AB8959F995
AB88E7091A
AB8874193A
AB880129F3
AB878E3B46
AB871B4D33
AB86A85FBA
AB863572DC
AB85C28697
AB854F9AEC
AB84DCAFDB
AB8469C565
AB83F6DB88
AB8383F245
AB8311099C
AB829E218D
AB822B3A18
AB81B8533D
AB81456CFC
AB80D28755
AB805FA248
AB7FECBDD5
AB7F79D9FC
AB7F06F6BD
AB7E941417
AB7E21320C
AB7DAE509A
AB7D3B6FC3
AB7CC88F85
AB7C55AFE1
AB7BE2D0D7
AB7B6FF267
AB7AFD1491
AB7A8A3755
AB7A175AB2
AB79A47EAA
AB7931A33B
AB78BEC866
AB784BEE2C
AB77D9148B
AB77663B83
AB76F36316
AB76808B43
AB760DB409
AB759ADD69
AB75280763
AB74B531F7
AB74425D24
AB73CF88EC
AB735CB54D
AB72E9E248
AB72770FDD
AB72043E0C
AB71916CD4
AB711E9C36
AB70ABCC32
AB7038FCC8
AB6FC62DF8
AB6F535FC1
AB6EE09224
AB6E6DC521
AB6DFAF8B8
AB6D882CE8
AB6D1561B2
AB6CA29716
AB6C2FCD13
AB6BBD03AB
AB6B4A3ADC
AB6AD772A6
AB6A64AB0B
AB69F1E409
AB697F1DA1
AB690C57D2
AB6899929E
AB6826CE03
AB67B40A01
AB6741469A
AB66CE83CC
AB665BC197
AB65E8FFFD
AB65763EFC
AB65037E94
AB6490BEC7
AB641DFF92
AB63AB40F8
AB633882F7
AB62C5C590
AB625308C3
AB61E04C8F
AB616D90F5
AB60FAD5F4
AB60881B8D
AB601561BF
AB5FA2A88C
AB5F2FEFF1
AB5EBD37F1
AB5E4A808A
AB5DD7C9BC
AB5D651388
AB5CF25DEE
AB5C7FA8ED
AB5C0CF486
AB5B9A40B8
AB5B278D84
AB5AB4DAEA
AB5A4228E9
AB59CF7781
AB595CC6B3
AB58EA167F
AB587766E4
AB5804B7E3
AB5792097B
AB571F5BAD
AB56ACAE78
AB563A01DD
AB55C755DB
AB5554AA73
AB54E1FFA4
AB546F556F
AB53FCABD3
AB538A02D0
AB53175A67
AB52A4B298
AB52320B62
AB51BF64C5
AB514CBEC2
AB50DA1959
AB50677489
AB4FF4D052
AB4F822CB5
AB4F0F89B1
AB4E9CE746
AB4E2A4575
AB4DB7A43E
AB4D45039F
AB4CD2639A
AB4C5FC42F
AB4BED255D
AB4B7A8724
AB4B07E985
AB4A954C7F
AB4A22B013
AB49B01440
AB493D7906
AB48CADE66
AB4858445E
AB47E5AAF1
AB4773121C
AB470079E1
AB468DE240
AB461B4B37
AB45A8B4C8
AB45361EF3
AB44C389B6
AB4450F513
AB43DE610A
AB436BCD99
AB42F93AC2
AB4286A884
AB421416E0
AB41A185D4
AB412EF563
AB40BC658A
AB4049D64A
AB3FD747A4
AB3F64B997
AB3EF22C24
AB3E7F9F49
AB3E0D1308
AB3D9A8760
AB3D27FC52
AB3CB571DC
AB3C42E800
AB3BD05EBD
AB3B5DD613
AB3AEB4E03
AB3A78C68C
AB3A063FAD
AB3993B969
AB392133BD
AB38AEAEAA
AB383C2A31
AB37C9A651
AB3757230A
AB36E4A05C
AB36721E48
AB35FF9CCC
AB358D1BEA
AB351A9BA1
AB34A81BF1
AB34359CDA
AB33C31E5C
AB3350A078
AB32DE232C
AB326BA67A
AB31F92A61
AB3186AEE1
AB311433FA
AB30A1B9AC
AB302F3FF7
AB2FBCC6DB
AB2F4A4E59
AB2ED7D66F
AB2E655F1F
AB2DF2E868
AB2D807249
AB2D0DFCC4
AB2C9B87D8
AB2C291385
AB2BB69FCB
AB2B442CAA
AB2AD1BA22
AB2A5F4834
AB29ECD6DE
AB297A6621
AB2907F5FD
AB28958673
AB28231781
AB27B0A928
AB273E3B69
AB26CBCE42
AB265961B4
AB25E6F5C0
AB25748A64
AB25021FA1
AB248FB578
AB241D4BE7
AB23AAE2EF
AB23387A90
AB22C612CB
AB2253AB9E
AB21E1450A
AB216EDF0F
AB20FC79AD
AB208A14E4
AB2017B0B4
AB1FA54D1C
AB1F32EA1E
AB1EC087B9
AB1E4E25EC
AB1DDBC4B9
AB1D69641E
AB1CF7041C
AB1C84A4B4
AB1C1245E4
AB1B9FE7AD
AB1B2D8A0F
AB1ABB2D09
AB1A48D09D
AB19D674C9
AB1964198F
AB18F1BEED
AB187F64E4
AB180D0B74
AB179AB29C
AB17285A5E
AB16B602B8
AB1643ABAC
AB15D15538
AB155EFF5D
AB14ECAA1A
AB147A5571
AB14080160
AB1395ADE8
AB13235B09
AB12B108C3
AB123EB716
AB11CC6601
AB115A1585
AB10E7C5A2
AB10757657
AB100327A6
AB0F90D98D
AB0F1E8C0D
AB0EAC3F26
AB0E39F2D7
AB0DC7A721
AB0D555C04
AB0CE31180
AB0C70C794
AB0BFE7E41
AB0B8C3587
AB0B19ED66
AB0AA7A5DD
AB0A355EED
AB09C31895
AB0950D2D7
AB08DE8DB1
AB086C4923
AB07FA052F
AB0787C1D3
AB07157F10
AB06A33CE5
AB0630FB53
AB05BEBA5A
AB054C79F9
AB04DA3A31
AB0467FB02
AB03F5BC6B
AB03837E6D
AB03114108
AB029F043B
AB022CC807
AB01BA8C6B
AB01485169
AB00D616FE
AB0063DD2D
AAFFF1A3F3
AAFF7F6B53
AAFF0D334B
AAFE9AFBDC
AAFE28C505
AAFDB68EC7
AAFD445921
AAFCD22414
AAFC5FEF9F
AAFBEDBBC4
AAFB7B8880
AAFB0955D5
AAFA9723C3
AAFA24F249
AAF9B2C168
AAF940911F
AAF8CE616F
AAF85C3258
AAF7EA03D8
AAF777D5F2
AAF705A8A4
AAF6937BEE
AAF6214FD1
AAF5AF244C
AAF53CF960
AAF4CACF0C
AAF458A551
AAF3E67C2E
AAF37453A4
AAF3022BB2
AAF2900459
AAF21DDD98
AAF1ABB770
AAF13991E0
AAF0C76CE8
AAF0554889
AAEFE324C3
AAEF710194
AAEEFEDEFE
AAEE8CBD01
AAEE1A9B9C
AAEDA87ACF
AAED365A9B
AAECC43AFF
AAEC521BFC
AAEBDFFD91
AAEB6DDFBE
AAEAFBC284
AAEA89A5E2
AAEA1789D9
AAE9A56E68
AAE933538F
AAE8C1394E
AAE84F1FA6
AAE7DD0697
AAE76AEE1F
AAE6F8D640
AAE686BEF9
AAE614A84B
AAE5A29235
AAE5307CB7
AAE4BE67D2
AAE44C5385
AAE3DA3FD0
AAE3682CB3
AAE2F61A2F
AAE2840843
AAE211F6F0
AAE19FE634
AAE12DD611
AAE0BBC686
AAE049B794
AADFD7A93A
AADF659B78
AADEF38E4E
AADE8181BC
AADE0F75C3
AADD9D6A62
AADD2B5F99
AADCB95569
AADC474BD0
AADBD542D0
AADB633A68
AADAF13299
AADA7F2B61
AADA0D24C2
AAD99B1EBB
AAD929194C
AAD8B71475
AAD8451037
AAD7D30C90
AAD7610982
AAD6EF070C
AAD67D052E
AAD60B03E9
AAD599033B
AAD5270326
AAD4B503A8
AAD44304C3
AAD3D10676
AAD35F08C2
AAD2ED0BA5
AAD27B0F20
AAD2091334
AAD19717E0
AAD1251D23
AAD0B322FF
AAD0412973
AACFCF307F
AACF5D3824
AACEEB4060
AACE794934
AACE0752A1
AACD955CA5
AACD236742
AACCB17276
AACC3F7E43
AACBCD8AA8
AACB5B97A5
AACAE9A539
AACA77B366
AACA05C22B
AAC993D188
AAC921E17D
AAC8AFF20A
AAC83E032F
AAC7CC14EC
AAC75A2741
AAC6E83A2E
AAC6764DB3
AAC60461D0
AAC5927685
AAC5208BD2
AAC4AEA1B7
AAC43CB834
AAC3CACF49
AAC358E6F6
AAC2E6FF3B
AAC2751818
AAC203318C
AAC1914B99
AAC11F663E
AAC0AD817A
AAC03B9D4F
AABFC9B9BB
AABF57D6C0
AABEE5F45C
AABE741290
AABE02315C
AABD9050C0
AABD1E70BC
AABCAC9150
AABC3AB27C
AABBC8D43F
AABB56F69B
AABAE5198E
AABA733D19
AABA01613C
AAB98F85F7
AAB91DAB4A
AAB8ABD135
AAB839F7B7
AAB7C81ED2
AAB7564684
AAB6E46ECE
AAB67297B0
AAB600C129
AAB58EEB3B
AAB51D15E4
AAB4AB4125
AAB4396CFE
AAB3C7996F
AAB355C678
AAB2E3F418
AAB2722250
AAB2005120
AAB18E8088
AAB11CB087
AAB0AAE11E
AAB039124D
AAAFC74414
AAAF557673
AAAEE3A969
AAAE71DCF7
AAAE00111D
AAAD8E45DA
AAAD1C7B30
AAACAAB11D
AAAC38E7A1
AAABC71EBE
AAAB555672
AAAAE38EBE
AAAA71C7A1
AAAA00011C
AAA98E3B2F
AAA91C75DA
AAA8AAB11C
AAA838ECF6
AAA7C72968
AAA7556671
AAA6E3A412
AAA671E24B
AAA600211C
AAA58E6084
AAA51CA083
AAA4AAE11B
AAA4392249
AAA3C76410
AAA355A66E
AAA2E3E964
AAA2722CF2
AAA2007117
AAA18EB5D3
AAA11CFB28
AAA0AB4114
AAA0398797
AA9FC7CEB2
AA9F561665
AA9EE45EAF
AA9E72A791
AA9E00F10B
AA9D8F3B1C
AA9D1D85C4
AA9CABD104
AA9C3A1CDC
AA9BC8694B
AA9B56B652
AA9AE503F0
AA9A735226
AA9A01A0F4
AA998FF059
AA991E4055
AA98AC90E9
AA983AE215
AA97C933D8
AA97578632
AA96E5D924
AA96742CAE
AA960280CF
AA9590D587
AA951F2AD7
AA94AD80BF
AA943BD73E
AA93CA2E54
AA93588602
AA92E6DE47
AA92753724
AA92039098
AA9191EAA4
AA91204547
AA90AEA082
AA903CFC54
AA8FCB58BD
AA8F59B5BE
AA8EE81357
AA8E767186
AA8E04D04D
AA8D932FAC
AA8D218FA2
AA8CAFF02F
AA8C3E5154
AA8BCCB310
AA8B5B1563
AA8AE9784E
AA8A77DBD1
AA8A063FEA
AA8994A49B
AA892309E3
AA88B16FC3
AA883FD63A
AA87CE3D48
AA875CA4EE
AA86EB0D2B
AA86797600
AA8607DF6B
AA8596496E
AA8524B409
AA84B31F3A
AA84418B03
AA83CFF764
AA835E645B
AA82ECD1EA
AA827B4010
AA8209AECE
AA81981E22
AA81268E0E
AA80B4FE92
AA80436FAC
AA7FD1E15E
AA7F6053A7
AA7EEEC687
AA7E7D39FF
AA7E0BAE0E
AA7D9A22B4
AA7D2897F1
AA7CB70DC6
AA7C458431
AA7BD3FB34
AA7B6272CE
AA7AF0EB00
AA7A7F63C8
AA7A0DDD28
AA799C571F
AA792AD1AD
AA78B94CD3
AA7847C88F
AA77D644E3
AA7764C1CE
AA76F33F50
AA7681BD69
AA76103C1A
AA759EBB61
AA752D3B40
AA74BBBBB6
AA744A3CC3
AA73D8BE67
AA736740A2
AA72F5C375
AA728446DE
AA7212CADF
AA71A14F77
AA712FD4A6
AA70BE5A6C
AA704CE0C9
AA6FDB67BD
AA6F69EF48
AA6EF8776A
AA6E870024
AA6E158974
AA6DA4135C
AA6D329DDB
AA6CC128F0
AA6C4FB49D
AA6BDE40E1
AA6B6CCDBC
AA6AFB5B2E
AA6A89E937
AA6A1877D7
AA69A7070E
AA693596DC
AA68C42741
AA6852B83D
AA67E149D0
AA676FDBFA
AA66FE6EBC
AA668D0214
AA661B9603
AA65AA2A89
AA6538BFA6
AA64C7555A
AA6455EBA5
AA63E48287
AA63731A00
AA6301B210
AA62904AB7
AA621EE3F5
AA61AD7DCA
AA613C1836
AA60CAB339
AA60594ED2
AA5FE7EB03
AA5F7687CA
AA5F052529
AA5E93C31E
AA5E2261AA
AA5DB100CE
AA5D3FA088
AA5CCE40D9
AA5C5CE1C0
AA5BEB833F
AA5B7A2555
AA5B08C801
AA5A976B45
AA5A260F1F
AA59B4B390
AA59435898
AA58D1FE37
AA5860A46D
AA57EF4B39
AA577DF29D
AA570C9A97
AA569B4328
AA5629EC50
AA55B8960F
AA55474064
AA54D5EB51
AA546496D4
AA53F342EE
AA5381EF9F
AA53109CE6
AA529F4AC5
AA522DF93A
AA51BCA846
AA514B57E8
AA50DA0822
AA5068B8F2
AA4FF76A59
AA4F861C57
AA4F14CEEC
AA4EA38217
AA4E3235D9
AA4DC0EA32
AA4D4F9F21
AA4CDE54A8
AA4C6D0AC5
AA4BFBC178
AA4B8A78C3
AA4B1930A4
AA4AA7E91C
AA4A36A22A
AA49C55BD0
AA4954160C
AA48E2D0DE
AA48718C48
AA48004848
AA478F04DE
AA471DC20C
AA46AC7FD0
AA463B3E2B
AA45C9FD1C
AA4558BCA4
AA44E77CC3
AA44763D78
AA4404FEC4
AA4393C0A7
AA43228320
AA42B14630
AA424009D6
AA41CECE13
AA415D92E7
AA40EC5851
AA407B1E52
AA4009E4EA
AA3F98AC18
AA3F2773DD
AA3EB63C38
AA3E45052A
AA3DD3CEB2
AA3D6298D1
AA3CF16387
AA3C802ED3
AA3C0EFAB6
AA3B9DC72F
AA3B2C943F
AA3ABB61E5
AA3A4A3022
AA39D8FEF6
AA3967CE60
AA38F69E60
AA38856EF7
AA38144025
AA37A311E9
AA3731E444
AA36C0B735
AA364F8ABC
AA35DE5EDA
AA356D338F
AA34FC08DA
AA348ADEBC
AA3419B534
AA33A88C42
AA333763E7
AA32C63C22
AA325514F4
AA31E3EE5D
AA3172C85B
AA3101A2F1
AA30907E1C
AA301F59DE
AA2FAE3637
AA2F3D1326
AA2ECBF0AB
AA2E5ACEC7
AA2DE9AD79
AA2D788CC2
AA2D076CA1
AA2C964D16
AA2C252E22
AA2BB40FC4
AA2B42F1FD
AA2AD1D4CC
AA2A60B831
AA29EF9C2D
AA297E80BF
AA290D65E7
AA289C4BA6
AA282B31FB
AA27BA18E7
AA27490069
AA26D7E881
AA2666D12F
AA25F5BA74
AA2584A450
AA25138EC1
AA24A279C9
AA24316567
AA23C0519B
AA234F3E66
AA22DE2BC7
AA226D19BE
AA21FC084C
AA218AF770
AA2119E72A
AA20A8D77B
AA2037C861
AA1FC6B9DE
AA1F55ABF2
AA1EE49E9B
AA1E7391DB
AA1E0285B1
AA1D917A1D
AA1D206F20
AA1CAF64B8
AA1C3E5AE7
AA1BCD51AC
AA1B5C4908
AA1AEB40F9
AA1A7A3981
AA1A09329F
AA19982C54
AA1927269E
AA18B6217F
AA18451CF5
AA17D41902
AA176315A6
AA16F212DF
AA168110AF
AA16100F14
AA159F0E10
AA152E0DA2
AA14BD0DCA
AA144C0E89
AA13DB0FDD
AA136A11C8
AA12F91448
AA1288175F
AA12171B0C
AA11A61F4F
AA11352428
AA10C42998
AA10532F9D
AA0FE23639
AA0F713D6A
AA0F004532
AA0E8F4D90
AA0E1E5684
AA0DAD600E
AA0D3C6A2E
AA0CCB74E4
AA0C5A8030
AA0BE98C12
AA0B78988B
AA0B07A599
AA0A96B33D
AA0A25C178
AA09B4D048
AA0943DFAF
AA08D2EFAB
AA0862003E
AA07F11166
AA07802325
AA070F357A
AA069E4864
AA062D5BE5
AA05BC6FFB
AA054B84A8
AA04DA99EB
AA0469AFC3
AA03F8C632
AA0387DD36
AA0316F4D1
AA02A60D01
AA023525C8
AA01C43F24
AA01535916
AA00E2739F
AA00718EBD
AA0000AA71
A9FF8FC6BB
A9FF1EE39B
A9FEAE0111
A9FE3D1F1D
A9FDCC3DBF
A9FD5B5CF6
A9FCEA7CC4
A9FC799D27
A9FC08BE21
A9FB97DFB0
A9FB2701D5
A9FAB62490
A9FA4547E1
A9F9D46BC8
A9F9639045
A9F8F2B557
A9F881DAFF
A9F811013E
A9F7A02812
A9F72F4F7C
A9F6BE777B
A9F64DA011
A9F5DCC93D
A9F56BF2FE
A9F4FB1D55
A9F48A4842
A9F41973C5
A9F3A89FDD
A9F337CC8C
A9F2C6F9D0
A9F25627AA
A9F1E55619
A9F174851F
A9F103B4BA
A9F092E4EB
A9F02215B2
A9EFB1470F
A9EF407901
A9EECFAB89
A9EE5EDEA7
A9EDEE125B
A9ED7D46A4
A9ED0C7B83
A9EC9BB0F8
A9EC2AE703
A9EBBA1DA3
A9EB4954D9
A9EAD88CA5
A9EA67C507
A9E9F6FDFE
A9E986378B
A9E91571AD
A9E8A4AC66
A9E833E7B4
A9E7C32397
A9E7526011
A9E6E19D20
A9E670DAC5
A9E60018FF
A9E58F57CF
A9E51E9735
A9E4ADD730
A9E43D17C1
A9E3CC58E8
A9E35B9AA4
A9E2EADCF6
A9E27A1FDE
A9E209635B
A9E198A76E
A9E127EC16
A9E0B73154
A9E0467728
A9DFD5BD91
A9DF650490
A9DEF44C25
A9DE83944F
A9DE12DD0E
A9DDA22664
A9DD31704E
A9DCC0BACF
A9DC5005E5
A9DBDF5190
A9DB6E9DD1
A9DAFDEAA8
A9DA8D3814
A9DA1C8616
A9D9ABD4AD
A9D93B23DA
A9D8CA739C
A9D859C3F4
A9D7E914E2
A9D7786665
A9D707B87D
A9D6970B2B
A9D6265E6E
A9D5B5B247
A9D54506B6
A9D4D45BBA
A9D463B153
A9D3F30782
A9D3825E46
A9D311B5A0
A9D2A10D90
A9D2306614
A9D1BFBF2F
A9D14F18DE
A9D0DE7324
A9D06DCDFE
A9CFFD296E
A9CF8C8574
A9CF1BE20F
A9CEAB3F3F
A9CE3A9D05
A9CDC9FB60
A9CD595A50
A9CCE8B9D6
A9CC7819F2
A9CC077AA3
A9CB96DBE9
A9CB263DC5
A9CAB5A036
A9CA45033C
A9C9D466D8
A9C963CB09
A9C8F32FCF
A9C882952B
A9C811FB1C
A9C7A161A3
A9C730C8BF
A9C6C03070
A9C64F98B7
A9C5DF0193
A9C56E6B04
A9C4FDD50B
A9C48D3FA7
A9C41CAAD8
A9C3AC169E
A9C33B82FA
A9C2CAEFEB
A9C25A5D72
A9C1E9CB8E
A9C1793A3F
A9C108A985
A9C0981961
A9C02789D2
A9BFB6FAD8
A9BF466C73
A9BED5DEA4
A9BE65516A
A9BDF4C4C5
A9BD8438B6
A9BD13AD3C
A9BCA32257
A9BC329807
A9BBC20E4C
A9BB518527
A9BAE0FC97
A9BA70749C
A9B9FFED36
A9B98F6666
A9B91EE02B
A9B8AE5A85
A9B83DD574
A9B7CD50F8
A9B75CCD12
A9B6EC49C1
A9B67BC704
A9B60B44DE
A9B59AC34C
A9B52A424F
A9B4B9C1E8
A9B4494216
A9B3D8C2D8
A9B3684430
A9B2F7C61E
A9B28748A0
A9B216CBB7
A9B1A64F64
A9B135D3A6
A9B0C5587C
A9B054DDE8
A9AFE463E9
A9AF73EA80
A9AF0371AB
A9AE92F96B
A9AE2281C1
A9ADB20AAB
A9AD41942B
A9ACD11E40
A9AC60A8E9
A9ABF03428
A9AB7FBFFC
A9AB0F4C65
A9AA9ED963
A9AA2E66F6
A9A9BDF51E
A9A94D83DB
A9A8DD132E
A9A86CA315
A9A7FC3391
A9A78BC4A2
A9A71B5649
A9A6AAE884
A9A63A7B54
A9A5CA0EBA
A9A559A2B4
A9A4E93743
A9A478CC68
A9A4086221
A9A397F86F
A9A3278F53
A9A2B726CB
A9A246BED8
A9A1D6577B
A9A165F0B2
A9A0F58A7E
A9A08524DF
A9A014BFD5
A99FA45B60
A99F33F780
A99EC39435
A99E53317E
A99DE2CF5D
A99D726DD1
A99D020CD9
A99C91AC77
A99C214CA9
A99BB0ED70
A99B408ECD
A99AD030BE
A99A5FD344
A999EF765E
A9997F1A0E
A9990EBE53
A9989E632C
A9982E089A
A997BDAE9E
A9974D5536
A996DCFC63
A9966CA424
A995FC4C7B
A9958BF566
A9951B9EE7
A994AB48FC
A9943AF3A6
A993CA9EE4
A9935A4AB8
A992E9F720
A99279A41E
A9920951B0
A99198FFD6
A99128AE92
A990B85DE2
A990480DC7
A98FD7BE41
A98F676F50
A98EF720F4
A98E86D32C
A98E1685F9
A98DA6395B
A98D35ED51
A98CC5A1DC
A98C5556FC
A98BE50CB1
A98B74C2FB
A98B0479D9
A98A94314C
A98A23E954
A989B3A1F0
A989435B21
A988D314E7
A98862CF41
A987F28A31
A9878245B5
A9871201CD
A986A1BE7B
A986317BBD
A985C13993
A98550F7FF
A984E0B6FF
A984707693
A9840036BD
A9838FF77B
A9831FB8CD
A982AF7AB4
A9823F3D30
A981CF0041
A9815EC3E6
A980EE8820
A9807E4CEE
A9800E1251
A97F9DD849
A97F2D9ED5
A97EBD65F6
A97E4D2DAC
A97DDCF5F6
A97D6CBED4
A97CFC8848
A97C8C5250
A97C1C1CEC
A97BABE81D
A97B3BB3E3
A97ACB803D
A97A5B4D2B
A979EB1AAF
A9797AE8C6
A9790AB773
A9789A86B4
A9782A5689
A977BA26F3
A97749F7F2
A976D9C985
A976699BAC
A975F96E68
A9758941B9
A97519159E
A974A8EA17
A97438BF25
A973C894C8
A973586AFF
A972E841CB
A97278192B
A97207F11F
A97197C9A8
A97127A2C5
A970B77C77
A9704756BE
A96FD73198
A96F670D08
A96EF6E90B
A96E86C5A4
A96E16A2D0
A96DA68091
A96D365EE6
A96CC63DD0
A96C561D4F
A96BE5FD61
A96B75DE08
A96B05BF44
A96A95A114
A96A258378
A969B56671
A9694549FE
A968D52E1F
A9686512D5
A967F4F81F
A96784DDFD
A96714C470
A966A4AB78
A966349313
A965C47B43
A965546407
A964E44D60
A96474374D
A9640421CE
A963940CE4
A96323F88E
A962B3E4CC
A96243D19F
A961D3BF06
A96163AD01
A960F39B90
A960838AB4
A960137A6C
A95FA36AB9
A95F335B99
A95EC34D0E
A95E533F17
A95DE331B5
A95D7324E7
A95D0318AD
A95C930D07
A95C2301F5
A95BB2F778
A95B42ED8F
A95AD2E43A
A95A62DB7A
A959F2D34D
A95982CBB5
A95912C4B1
A958A2BE42
A95832B866
A957C2B31F
A95752AE6C
A956E2AA4D
A95672A6C3
A95602A3CC
A95592A16A
A955229F9C
A954B29E62
A954429DBC
A953D29DAA
A953629E2D
A952F29F44
A95282A0EE
A95212A32D
A951A2A601
A95132A968
A950C2AD63
A95052B1F3
A94FE2B717
A94F72BCCE
A94F02C31A
A94E92C9FA
A94E22D16E
A94DB2D977
A94D42E213
A94CD2EB43
A94C62F508
A94BF2FF60
A94B830A4D
A94B1315CE
A94AA321E3
A94A332E8C
A949C33BC9
A94953499A
A948E357FF
A9487366F8
A948037685
A9479386A6
A94723975B
A946B3A8A5
A94643BA82
A945D3CCF3
A94563DFF8
A944F3F392
A9448407BF
A944141C80
A943A431D6
A9433447BF
A942C45E3C
A94254754E
A941E48CF3
A94174A52C
A94104BDFA
A94094D75B
A94024F150
A93FB50BD9
A93F4526F6
A93ED542A7
A93E655EEC
A93DF57BC5
A93D859932
A93D15B733
A93CA5D5C7
A93C35F4F0
A93BC614AD
A93B5634FD
A93AE655E2
A93A76775A
A93A069966
A93996BC06
A93926DF3A
A938B70302
A93847275E
A937D74C4D
A9376771D1
A936F797E8
A93687BE93
A93617E5D2
A935A80DA5
A93538360C
A934C85F07
A934588895
A933E8B2B8
A93378DD6E
A9330908B8
A932993496
A932296107
A931B98E0D
A93149BBA6
A930D9E9D3
A9306A1894
A92FFA47E9
A92F8A77D1
A92F1AA84D
A92EAAD95D
A92E3B0B01
A92DCB3D39
A92D5B7004
A92CEBA363
A92C7BD756
A92C0C0BDD
A92B9C40F7
A92B2C76A5
A92ABCACE7
A92A4CE3BD
A929DD1B26
A9296D5323
A928FD8BB4
A9288DC4D8
A9281DFE91
A927AE38DD
A9273E73BC
A926CEAF30
A9265EEB37
A925EF27D2
A9257F6500
A9250FA2C2
A9249FE118
A924302002
A923C05F7F
A923509F90
A922E0E034
A92271216C
A922016338
A92191A598
A92121E88B
A920B22C11
A92042702C
A91FD2B4DA
A91F62FA1C
A91EF33FF1
A91E83865A
A91E13CD56
A91DA414E6
A91D345D0A
A91CC4A5C1
A91C54EF0C
A91BE538EB
A91B75835D
A91B05CE63
A91A9619FC
A91A266629
A919B6B2E9
A91947003D
A918D74E25
A918679CA0
A917F7EBAE
A917883B51
A917188B86
A916A8DC50
A916392DAC
A915C97F9D
A91559D221
A914EA2538
A9147A78E3
A9140ACD21
A9139B21F3
A9132B7759
A912BBCD52
A9124C23DE
A911DC7AFE
A9116CD2B1
A910FD2AF8
A9108D83D3
A9101DDD40
A90FAE3742
A90F3E91D6
A90ECEECFF
A90E5F48BA
A90DEFA509
A90D8001EC
A90D105F62
A90CA0BD6B
A90C311C08
A90BC17B39
A90B51DAFC
A90AE23B53
A90A729C3E
A90A02FDBC
A909935FCD
A90923C272
A908B425AA
A908448976
A907D4EDD5
A9076552C7
A906F5B84D
A906861E66
A906168512
A905A6EC52
A905375425
A904C7BC8C
A904582586
A903E88F13
A90378F933
A9030963E7
A90299CF2E
A9022A3B09
A901BAA777
A9014B1478
A900DB820D
A9006BF035
A8FFFC5EF0
A8FF8CCE3E
A8FF1D3E20
A8FEADAE95
A8FE3E1F9D
A8FDCE9139
A8FD5F0368
A8FCEF762A
A8FC7FE97F
A8FC105D68
A8FBA0D1E4
A8FB3146F3
A8FAC1BC96
A8FA5232CB
A8F9E2A994
A8F97320F1
A8F90398E0
A8F8941163
A8F8248A79
A8F7B50422
A8F7457E5E
A8F6D5F92E
A8F6667490
A8F5F6F086
A8F5876D0F
A8F517EA2C
A8F4A867DB
A8F438E61E
A8F3C964F4
A8F359E45D
A8F2EA6459
A8F27AE4E9
A8F20B660B
A8F19BE7C1
A8F12C6A0A
A8F0BCECE6
A8F04D7055
A8EFDDF458
A8EF6E78ED
A8EEFEFE16
A8EE8F83D2
A8EE200A21
A8EDB09103
A8ED411878
A8ECD1A080
A8EC62291B
A8EBF2B24A
A8EB833C0B
A8EB13C660
A8EAA45148
A8EA34DCC3
A8E9C568D0
A8E955F571
A8E8E682A5
A8E877106C
A8E8079EC7
A8E7982DB4
A8E728BD34
A8E6B94D47
A8E649DDEE
A8E5DA6F27
A8E56B00F4
A8E4FB9353
A8E48C2646
A8E41CB9CB
A8E3AD4DE4
A8E33DE28F
A8E2CE77CE
A8E25F0D9F
A8E1EFA404
A8E1803AFC
A8E110D286
A8E0A16AA4
A8E0320354
A8DFC29C98
A8DF53366E
A8DEE3D0D8
A8DE746BD4
A8DE050763
A8DD95A386
A8DD26403B
A8DCB6DD83
A8DC477B5E
A8DBD819CD
A8DB68B8CE
A8DAF95862
A8DA89F888
A8DA1A9942
A8D9AB3A8F
A8D93BDC6F
A8D8CC7EE1
A8D85D21E7
A8D7EDC57F
A8D77E69AA
A8D70F0E68
A8D69FB3B9
A8D630599D
A8D5C10014
A8D551A71E
A8D4E24EBA
A8D472F6EA
A8D4039FAC
A8D3944901
A8D324F2E9
A8D2B59D64
A8D2464871
A8D1D6F412
A8D167A045
A8D0F84D0B
A8D088FA64
A8D019A850
A8CFAA56CE
A8CF3B05E0
A8CECBB584
A8CE5C65BB
A8CDED1685
A8CD7DC7E1
A8CD0E79D1
A8CC9F2C53
A8CC2FDF68
A8CBC0930F
A8CB51474A
A8CAE1FC17
A8CA72B177
A8CA03676A
A8C9941DEF
A8C924D507
A8C8B58CB2
A8C84644F0
A8C7D6FDC1
A8C767B724
A8C6F8711A
A8C6892BA2
A8C619E6BE
A8C5AAA26C
A8C53B5EAD
A8C4CC1B80
A8C45CD8E6
A8C3ED96DF
A8C37E556B
A8C30F1489
A8C29FD43A
A8C230947D
A8C1C15554
A8C15216BD
A8C0E2D8B8
A8C0739B46
A8C0045E67
A8BF95221B
A8BF25E661
A8BEB6AB3A
A8BE4770A5
A8BDD836A4
A8BD68FD34
A8BCF9C458
A8BC8A8C0E
A8BC1B5456
A8BBAC1D32
A8BB3CE69F
A8BACDB0A0
A8BA5E7B33
A8B9EF4658
A8B9801211
A8B910DE5B
A8B8A1AB39
A8B83278A9
A8B7C346AB
A8B7541540
A8B6E4E468
A8B675B422
A8B606846F
A8B597554E
A8B52826C0
A8B4B8F8C4
A8B449CB5B
A8B3DA9E85
A8B36B7241
A8B2FC468F
A8B28D1B70
A8B21DF0E4
A8B1AEC6EA
A8B13F9D82
A8B0D074AD
A8B0614C6B
A8AFF224BB
A8AF82FD9D
A8AF13D712
A8AEA4B11A
A8AE358BB4
A8ADC666E0
A8AD57429F
A8ACE81EF0
A8AC78FBD4
A8AC09D94A
A8AB9AB753
A8AB2B95EE
A8AABC751C
A8AA4D54DC
A8A9DE352E
A8A96F1613
A8A8FFF78A
A8A890D994
A8A821BC30
A8A7B29F5E
A8A743831F
A8A6D46773
A8A6654C58
A8A5F631D0
A8A58717DB
A8A517FE78
A8A4A8E5A7
A8A439CD69
A8A3CAB5BD
A8A35B9EA3
A8A2EC881C
A8A27D7227
A8A20E5CC4
A8A19F47F4
A8A13033B6
A8A0C1200A
A8A0520CF1
A89FE2FA6A
A89F73E875
A89F04D713
A89E95C643
A89E26B606
A89DB7A65A
A89D489741
A89CD988BA
A89C6A7AC6
A89BFB6D64
A89B8C6094
A89B1D5456
A89AAE48AB
A89A3F3D92
A899D0330B
A899612916
A898F21FB4
A8988316E4
A898140EA6
A897A506FB
A89735FFE1
A896C6F95A
A89657F366
A895E8EE03
A89579E933
A8950AE4F4
A8949BE148
A8942CDE2F
A893BDDBA7
A8934ED9B2
A892DFD84F
A89270D77E
A89201D73F
A89192D792
A89123D878
A890B4D9F0
A89045DBF9
A88FD6DE96
A88F67E1C4
A88EF8E584
A88E89E9D7
A88E1AEEBB
A88DABF432
A88D3CFA3B
A88CCE00D6
A88C5F0804
A88BF00FC3
A88B811814
A88B1220F8
A88AA32A6E
A88A343476
A889C53F0F
A889564A3B
A888E755FA
A88878624A
A888096F2C
A8879A7CA0
A8872B8AA7
A886BC993F
A8864DA86A
A885DEB827
A8856FC875
A88500D956
A88491EAC9
A88422FCCE
A883B40F65
A88345228E
A882D63649
A882674A96
A881F85F75
A8818974E6
A8811A8AE9
A880ABA17E
A8803CB8A5
A87FCDD05E
A87F5EE8A9
A87EF00186
A87E811AF5
A87E1234F6
A87DA34F89
A87D346AAE
A87CC58665
A87C56A2AE
A87BE7BF89
A87B78DCF6
A87B09FAF4
A87A9B1985
A87A2C38A8
A879BD585C
A8794E78A3
A878DF997C
A87870BAE6
A87801DCE2
A87792FF71
A877242291
A876B54643
A876466A87
A875D78F5D
A87568B4C4
A874F9DABE
A8748B014A
A8741C2867
A873AD5016
A8733E7858
A872CFA12B
A87260CA90
A871F1F486
A871831F0F
A871144A2A
A870A575D6
A87036A214
A86FC7CEE4
A86F58FC46
A86EEA2A3A
A86E7B58BF
A86E0C87D6
A86D9DB780
A86D2EE7BB
A86CC01887
A86C5149E6
A86BE27BD6
A86B73AE58
A86B04E16C
A86A961512
A86A27494A
A869B87E13
A86949B36E
A868DAE95B
A8686C1FDA
A867FD56EA
A8678E8E8C
A8671FC6C0
A866B0FF86
A8664238DD
A865D372C6
A86564AD41
A864F5E84D
A8648723EC
A86418601C
A863A99CDD
A8633ADA31
A862CC1816
A8625D568D
A861EE9595
A8617FD530
A86111155C
A860A25619
A860339769
A85FC4D94A
A85F561BBC
A85EE75EC0
A85E78A256
A85E09E67E
A85D9B2B37
A85D2C7082
A85CBDB65F
A85C4EFCCD
A85BE043CD
A85B718B5E
A85B02D382
A85A941C36
A85A25657D
A859B6AF55
A85947F9BE
A858D944B9
A8586A9046
A857FBDC65
A8578D2915
A8571E7656
A856AFC429
A85641128E
A855D26184
A85563B10C
A854F50126
A8548651D1
A85417A30D
A853A8F4DC
A8533A473B
A852CB9A2C
A8525CEDAF
A851EE41C4
A8517F9669
A85110EBA1
A850A2416A
A8503397C4
A84FC4EEB0
A84F56462D
A84EE79E3C
A84E78F6DD
A84E0A500F
A84D9BA9D2
A84D2D0427
A84CBE5F0D
A84C4FBA85
A84BE1168F
A84B727329
A84B03D056
A84A952E13
A84A268C63
A849B7EB43
A849494AB5
A848DAAAB9
A8486C0B4E
A847FD6C74
A8478ECE2C
A847203075
A846B19350
A84642F6BC
A845D45ABA
A84565BF49
A844F72469
A844888A1B
A84419F05E
A843AB5732
A8433CBE98
A842CE2690
A8425F8F18
A841F0F832
A8418261DE
A84113CC1B
A840A536E9
A84036A248
A83FC80E39
A83F597ABB
A83EEAE7CF
A83E7C5574
A83E0DC3AA
A83D9F3272
A83D30A1CB
A83CC211B5
A83C538230
A83BE4F33D
A83B7664DB
A83B07D70B
A83A9949CB
A83A2ABD1D
A839BC3101
A8394DA575
A838DF1A7B
A838709012
A83802063B
A837937CF5
A83724F440
A836B66C1C
A83647E489
A835D95D88
A8356AD718
A834FC5139
A8348DCBEC
A8341F4730
A833B0C305
A833423F6B
A832D3BC62
A8326539EB
A831F6B805
A8318836B0
A83119B5EC
A830AB35B9
A8303CB618
A82FCE3708
A82F5FB889
A82EF13A9B
A82E82BD3E
A82E144073
A82DA5C439
A82D37488F
A82CC8CD77
A82C5A52F1
A82BEBD8FB
A82B7D5F96
A82B0EE6C3
A82AA06E81
A82A31F6D0
A829C37FB0
A829550921
A828E69323
A828781DB7
A82809A8DB
A8279B3491
A8272CC0D7
A826BE4DAF
A8264FDB18
A825E16912
A82572F79D
A8250486B9
A824961667
A82427A6A5
A823B93774
A8234AC8D5
A822DC5AC6
A8226DED49
A821FF805D
A821911401
A82122A837
A820B43CFE
A82045D255
A81FD7683E
A81F68FEB8
A81EFA95C3
A81E8C2D5F
A81E1DC58C
A81DAF5E4A
A81D40F798
A81CD29178
A81C642BE9
A81BF5C6EB
A81B87627E
A81B18FEA2
A81AAA9B57
A81A3C389C
A819CDD673
A8195F74DB
A818F113D3
A81882B35D
A818145378
A817A5F423
A817379560
A816C9372D
A8165AD98B
A815EC7C7B
A8157E1FFB
A8150FC40C
A814A168AE
A814330DE1
A813C4B3A5
A8135659FA
A812E800DF
A81279A856
A8120B505D
A8119CF8F6
A8112EA21F
A810C04BD9
A81051F624
A80FE3A100
A80F754C6C
A80F06F86A
A80E98A4F8
A80E2A5217
A80DBBFFC8
A80D4DAE09
A80CDF5CDA
A80C710C3D
A80C02BC30
A80B946CB5
A80B261DCA
A80AB7CF70
A80A4981A6
A809DB346E
A8096CE7C6
A808FE9BAF
A808905029
A808220534
A807B3BACF
A8074570FC
A806D727B9
A80668DF06
A805FA96E5
A8058C4F54
A8051E0854
A804AFC1E5
A804417C07
A803D336B9
A80364F1FC
A802F6ADD0
A802886A35
A8021A272A
A801ABE4B0
A8013DA2C7
A800CF616E
A8006120A6
A7FFF2E06F
A7FF84A0C9
A7FF1661B3
A7FEA8232E
A7FE39E53A
A7FDCBA7D6
A7FD5D6B03
A7FCEF2EC1
A7FC80F30F
A7FC12B7EE
A7FBA47D5E
A7FB36435E
A7FAC809EF
A7FA59D111
A7F9EB98C3
A7F97D6106
A7F90F29DA
A7F8A0F33E
A7F832BD33
A7F7C487B8
A7F75652CE
A7F6E81E75
A7F679EAAD
A7F60BB774
A7F59D84CD
A7F52F52B6
A7F4C12130
A7F452F03A
A7F3E4BFD5
A7F3769001
A7F30860BD
A7F29A3209
A7F22C03E6
A7F1BDD654
A7F14FA953
A7F0E17CE1
A7F0735101
A7F00525B1
A7EF96FAF1
A7EF28D0C2
A7EEBAA724
A7EE4C7E16
A7EDDE5599
A7ED702DAC
A7ED020650
A7EC93DF84
A7EC25B948
A7EBB7939E
A7EB496E83
A7EADB49FA
A7EA6D2600
A7E9FF0297
A7E990DFBF
A7E922BD77
A7E8B49BC0
A7E8467A99
A7E7D85A02
A7E76A39FC
A7E6FC1A87
A7E68DFBA2
A7E61FDD4D
A7E5B1BF89
A7E543A255
A7E4D585B2
A7E467699F
A7E3F94E1C
A7E38B332A
A7E31D18C9
A7E2AEFEF7
A7E240E5B6
A7E1D2CD06
A7E164B4E6
A7E0F69D56
A7E0888657
A7E01A6FE8
A7DFAC5A0A
A7DF3E44BC
A7DED02FFE
A7DE621BD1
A7DDF40834
A7DD85F527
A7DD17E2AB
A7DCA9D0BF
A7DC3BBF63
A7DBCDAE98
A7DB5F9E5D
A7DAF18EB2
A7DA837F98
A7DA15710E
A7D9A76315
A7D93955AB
A7D8CB48D2
A7D85D3C8A
A7D7EF30D1
A7D78125A9
A7D7131B12
A7D6A5110A
A7D6370793
A7D5C8FEAC
A7D55AF655
A7D4ECEE8F
A7D47EE759
A7D410E0B3
A7D3A2DA9E
A7D334D518
A7D2C6D023
A7D258CBBE
A7D1EAC7EA
A7D17CC4A5
A7D10EC1F1
A7D0A0BFCD
A7D032BE3A
A7CFC4BD36
A7CF56BCC3
A7CEE8BCE0
A7CE7ABD8D
A7CE0CBECB
A7CD9EC099
A7CD30C2F6
A7CCC2C5E4
A7CC54C963
A7CBE6CD71
A7CB78D20F
A7CB0AD73E
A7CA9CDCFD
A7CA2EE34C
A7C9C0EA2B
A7C952F19B
A7C8E4F99A
A7C877022A
A7C8090B4A
A7C79B14FA
A7C72D1F3A
A7C6BF2A0A
A7C651356A
A7C5E3415B
A7C5754DDC
A7C5075AEC
A7C499688D
A7C42B76BE
A7C3BD857F
A7C34F94D0
A7C2E1A4B1
A7C273B523
A7C205C624
A7C197D7B5
A7C129E9D7
A7C0BBFC89
A7C04E0FCA
A7BFE0239C
A7BF7237FE
A7BF044CF0
A7BE966271
A7BE287883
A7BDBA8F25
A7BD4CA657
A7BCDEBE19
A7BC70D66B
A7BC02EF4E
A7BB9508C0
A7BB2722C2
A7BAB93D54
A7BA4B5876
A7B9DD7428
A7B96F906A
A7B901AD3C
A7B893CA9E
A7B825E891
A7B7B80713
A7B74A2625
A7B6DC45C7
A7B66E65F9
A7B60086BB
A7B592A80D
A7B524C9EE
A7B4B6EC60
A7B4490F62
A7B3DB32F4
A7B36D5715
A7B2FF7BC7
A7B291A108
A7B223C6DA
A7B1B5ED3B
A7B148142C
A7B0DA3BAD
A7B06C63BE
A7AFFE8C5F
A7AF90B590
A7AF22DF51
A7AEB509A2
A7AE473482
A7ADD95FF2
A7AD6B8BF3
A7ACFDB883
A7AC8FE5A3
A7AC221353
A7ABB44193
A7AB467062
A7AAD89FC2
A7AA6ACFB1
A7A9FD0030
A7A98F313F
A7A92162DE
A7A8B3950C
A7A845C7CB
A7A7D7FB19
A7A76A2EF7
A7A6FC6365
A7A68E9863
A7A620CDF0
A7A5B3040D
A7A5453ABA
A7A4D771F7
A7A469A9C4
A7A3FBE220
A7A38E1B0D
A7A3205489
A7A2B28E94
A7A244C930
A7A1D7045B
A7A1694016
A7A0FB7C61
A7A08DB93C
A7A01FF6A6
A79FB234A0
A79F44732A
A79ED6B243
A79E68F1EC
A79DFB3225
A79D8D72EE
A79D1FB446
A79CB1F62E
A79C4438A6
A79BD67BAD
A79B68BF45
A79AFB036B
A79A8D4822
A79A1F8D68
A799B1D33E
A7994419A4
A798D66099
A79868A81E
A797FAF032
A7978D38D6
A7971F820A
A796B1CBCE
A796441621
A795D66104
A79568AC76
A794FAF878
A7948D450A
A7941F922B
A793B1DFDC
A793442E1D
A792D67CED
A79268CC4C
A791FB1C3C
A7918D6CBB
A7911FBDC9
A790B20F67
A790446195
A78FD6B452
A78F69079F
A78EFB5B7C
A78E8DAFE8
A78E2004E3
A78DB25A6E
A78D44B089
A78CD70733
A78C695E6D
A78BFBB636
A78B8E0E8F
A78B206777
A78AB2C0EF
A78A451AF7
A789D7758D
A78969D0B4
A788FC2C6A
A7888E88AF
A78820E584
A787B342E9
A78745A0DD
A786D7FF60
A7866A5E73
A785FCBE15
A7858F1E47
A785217F08
A784B3E059
A78446423A
A783D8A4A9
A7836B07A8
A782FD6B37
A7828FCF55
A782223403
A781B49940
A78146FF0C
A780D96568
A7806BCC53
A77FFE33CE
A77F909BD8
A77F230471
A77EB56D9A
A77E47D752
A77DDA419A
A77D6CAC71
A77CFF17D8
A77C9183CD
A77C23F053
A77BB65D67
A77B48CB0B
A77ADB393E
A77A6DA801
A77A001753
A779928735
A77924F7A5
A778B768A6
A77849DA35
A777DC4C54
A7776EBF02
A77701323F
A77693A60C
A776261A68
A775B88F54
A7754B04CE
A774DD7AD8
A7746FF172
A77402689A
A77394E052
A77327589A
A772B9D170
A7724C4AD6
A771DEC4CB
A771713F4F
A77103BA63
A770963606
A77028B238
A76FBB2EF9
A76F4DAC4A
A76EE02A2A
A76E72A899
A76E052797
A76D97A725
A76D2A2742
A76CBCA7EE
A76C4F2929
A76BE1AAF4
A76B742D4D
A76B06B036
A76A9933AE
A76A2BB7B6
A769BE3C4C
A76950C172
A768E34727
A76875CD6B
A76808543E
A7679ADBA1
A7672D6392
A766BFEC13
A766527523
A765E4FEC2
A7657788F0
A7650A13AE
A7649C9EFA
A7642F2AD6
A763C1B741
A76354443B
A762E6D1C4
A762795FDC
A7620BEE83
A7619E7DBA
A761310D7F
A760C39DD4
A760562EB8
A75FE8C02B
A75F7B522D
A75F0DE4BE
A75EA077DE
A75E330B8D
A75DC59FCB
A75D583499
A75CEAC9F5
A75C7D5FE0
A75C0FF65B
A75BA28D65
A75B3524FD
A75AC7BD25
A75A5A55DC
A759ECEF21
A7597F88F6
A75912235A
A758A4BE4D
A7583759CF
A757C9F5E0
A7575C9280
A756EF2FAF
A75681CD6C
A756146BB9
A755A70A95
A75539AA00
A754CC49FA
A7545EEA83
A753F18B9B
A753842D42
A75316CF77
A752A9723C
A7523C1590
A751CEB973
A751615DE4
A750F402E5
A75086A874
A750194E93
A74FABF540
A74F3E9C7C
A74ED14448
A74E63ECA2
A74DF6958B
A74D893F03
A74D1BE90A
A74CAE93A0
A74C413EC4
A74BD3EA78
A74B6696BA
A74AF9438C
A74A8BF0EC
A74A1E9EDB
A749B14D59
A74943FC66
A748D6AC02
A748695C2D
A747FC0CE6
A7478EBE2E
A747217006
A746B4226C
A74646D560
A745D988E4
A7456C3CF7
A744FEF198
A74491A6C8
A744245C87
A743B712D5
A74349C9B2
A742DC811D
A7426F3917
A74201F1A0
A74194AAB8
A74127645F
A740BA1E94
A7404CD959
A73FDF94AC
A73F72508D
A73F050CFE
A73E97C9FD
A73E2A878B
A73DBD45A8
A73D500453
A73CE2C38E
A73C758357
A73C0843AF
A73B9B0495
A73B2DC60A
A73AC0880E
A73A534AA1
A739E60DC2
A73978D172
A7390B95B1
A7389E5A7F
A738311FDB
A737C3E5C6
A73756AC40
A736E97348
A7367C3ADF
A7360F0305
A735A1CBB9
A7353494FC
A734C75ECE
A7345A292E
A733ECF41D
A7337FBF9A
A733128BA7
A732A55842
A73238256B
A731CAF324
A7315DC16A
A730F09040
A730835FA4
A730162F97
A72FA90018
A72F3BD128
A72ECEA2C6
A72E6174F4
A72DF447AF
A72D871AFA
A72D19EED3
A72CACC33A
A72C3F9830
A72BD26DB5
A72B6543C8
A72AF81A6A
A72A8AF19A
A72A1DC959
A729B0A1A7
A729437A83
A728D653ED
A728692DE6
A727FC086E
A7278EE384
A72721BF29
A726B49B5C
A72647781E
A725DA556E
A7256D334D
A7250011BA
A72492F0B6
A72425D041
A723B8B059
A7234B9101
A722DE7236
A7227153FB
A72204364D
A72197192F
A72129FC9E
A720BCE09D
A7204FC529
A71FE2AA44
A71F758FEE
A71F087626
A71E9B5CEC
A71E2E4441
A71DC12C24
A71D541496
A71CE6FD96
A71C79E725
A71C0CD142
A71B9FBBED
A71B32A727
A71AC592EF
A71A587F46
A719EB6C2B
A7197E599E
A7191147A0
A718A43630
A71837254F
A717CA14FC
A7175D0537
A716EFF601
A71682E759
A71615D93F
A715A8CBB4
A7153BBEB7
A714CEB249
A71461A668
A713F49B17
A713879053
A7131A861E
A712AD7C77
A71240735E
A711D36AD4
A7116662D8
A710F95B6B
A7108C548B
A7101F4E3A
A70FB24878
A70F454343
A70ED83E9D
A70E6B3A85
A70DFE36FC
A70D913400
A70D243193
A70CB72FB5
A70C4A2E64
A70BDD2DA2
A70B702D6E
A70B032DC8
A70A962EB1
A70A293027
A709BC322C
A7094F34C0
A708E237E1
A708753B91
A708083FCF
A7079B449B
A7072E49F5
A706C14FDD
A706545654
A705E75D59
A7057A64EC
A7050D6D0D
A704A075BD
A704337EFB
A703C688C6
A703599320
A702EC9E09
A7027FA97F
A70212B583
A701A5C216
A70138CF37
A700CBDCE6
A7005EEB23
A6FFF1F9EE
A6FF850947
A6FF18192F
A6FEAB29A5
A6FE3E3AA8
A6FDD14C3A
A6FD645E5A
A6FCF77108
A6FC8A8444
A6FC1D980F
A6FBB0AC67
A6FB43C14E
A6FAD6D6C2
A6FA69ECC5
A6F9FD0355
A6F9901A74
A6F9233221
A6F8B64A5C
A6F8496325
A6F7DC7C7C
A6F76F9661
A6F702B0D4
A6F695CBD6
A6F628E765
A6F5BC0382
A6F54F202D
A6F4E23D67
A6F4755B2E
A6F4087983
A6F39B9867
A6F32EB7D8
A6F2C1D7D8
A6F254F865
A6F1E81980
A6F17B3B2A
A6F10E5D61
A6F0A18027
A6F034A37A
A6EFC7C75B
A6EF5AEBCB
A6EEEE10C8
A6EE813653
A6EE145C6C
A6EDA78313
A6ED3AAA49
A6ECCDD20C
A6EC60FA5D
A6EBF4233C
A6EB874CA8
A6EB1A76A3
A6EAADA12C
A6EA40CC43
A6E9D3F7E7
A6E967241A
A6E8FA50DA
A6E88D7E28
A6E820AC05
A6E7B3DA6F
A6E7470967
A6E6DA38ED
A6E66D6900
A6E60099A2
A6E593CAD1
A6E526FC8F
A6E4BA2EDA
A6E44D61B3
A6E3E0951A
A6E373C90F
A6E306FD92
A6E29A32A2
A6E22D6841
A6E1C09E6D
A6E153D527
A6E0E70C6F
A6E07A4444
A6E00D7CA8
A6DFA0B599
A6DF33EF18
A6DEC72925
A6DE5A63C0
A6DDED9EE9
A6DD80DA9F
A6DD1416E3
A6DCA753B5
A6DC3A9115
A6DBCDCF02
A6DB610D7D
A6DAF44C86
A6DA878C1D
A6DA1ACC42
A6D9AE0CF4
A6D9414E34
A6D8D49002
A6D867D25D
A6D7FB1547
A6D78E58BE
A6D7219CC3
A6D6B4E155
A6D6482675
A6D5DB6C23
A6D56EB25F
A6D501F928
A6D495407F
A6D4288864
A6D3BBD0D6
A6D34F19D7
A6D2E26364
A6D275AD80
A6D208F829
A6D19C4360
A6D12F8F25
A6D0C2DB77
A6D0562857
A6CFE975C4
A6CF7CC3BF
A6CF101248
A6CEA3615F
A6CE36B103
A6CDCA0135
A6CD5D51F4
A6CCF0A341
A6CC83F51C
A6CC174784
A6CBAA9A7A
A6CB3DEDFE
A6CAD1420F
A6CA6496AD
A6C9F7EBDA
A6C98B4194
A6C91E97DB
A6C8B1EEB0
A6C8454613
A6C7D89E03
A6C76BF681
A6C6FF4F8D
A6C692A926
A6C626034C
A6C5B95E00
A6C54CB942
A6C4E01511
A6C473716E
A6C406CE58
A6C39A2BD0
A6C32D89D5
A6C2C0E868
A6C2544789
A6C1E7A737
A6C17B0772
A6C10E683B
A6C0A1C992
A6C0352B76
A6BFC88DE7
A6BF5BF0E6
A6BEEF5472
A6BE82B88C
A6BE161D34
A6BDA98269
A6BD3CE82B
A6BCD04E7B
A6BC63B558
A6BBF71CC3
A6BB8A84BB
A6BB1DED41
A6BAB15654
A6BA44BFF5
A6B9D82A23
A6B96B94DE
A6B8FF0027
A6B8926BFE
A6B825D861
A6B7B94552
A6B74CB2D1
A6B6E020DD
A6B6738F76
A6B606FE9D
A6B59A6E51
A6B52DDE93
A6B4C14F62
A6B454C0BE
A6B3E832A8
A6B37BA51F
A6B30F1824
A6B2A28BB6
A6B235FFD5
A6B1C97481
A6B15CE9BB
A6B0F05F83
A6B083D5D7
A6B0174CB9
A6AFAAC429
A6AF3E3C25
A6AED1B4AF
A6AE652DC7
A6ADF8A76B
A6AD8C219D
A6AD1F9C5C
A6ACB317A9
A6AC469383
A6ABDA0FEA
A6AB6D8CDF
A6AB010A60
A6AA94886F
A6AA28070C
A6A9BB8635
A6A94F05EC
A6A8E28631
A6A8760702
A6A8098861
A6A79D0A4D
A6A7308CC6
A6A6C40FCC
A6A6579360
A6A5EB1781
A6A57E9C2F
A6A512216B
A6A4A5A733
A6A4392D89
A6A3CCB46C
A6A3603BDD
A6A2F3C3DA
A6A2874C65
A6A21AD57D
A6A1AE5F22
A6A141E954
A6A0D57414
A6A068FF61
A69FFC8B3B
A69F9017A2
A69F23A496
A69EB73217
A69E4AC026
A69DDE4EC2
A69D71DDEB
A69D056DA1
A69C98FDE4
A69C2C8EB4
A69BC02012
A69B53B1FC
A69AE74474
A69A7AD779
A69A0E6B0B
A699A1FF2A
A6993593D7
A698C92910
A6985CBED6
A697F0552A
A69783EC0B
A697178378
A696AB1B73
A6963EB3FB
A695D24D10
A69565E6B2
A694F980E2
A6948D1B9E
A69420B6E7
A693B452BE
A69347EF21
A692DB8C12
A6926F298F
A69202C79A
A691966631
A6912A0556
A690BDA508
A690514547
A68FE4E612
A68F78876B
A68F0C2951
A68E9FCBC4
A68E336EC3
A68DC71250
A68D5AB66A
A68CEE5B11
A68C820045
A68C15A605
A68BA94C53
A68B3CF32E
A68AD09A96
A68A64428A
A689F7EB0C
A6898B941B
A6891F3DB6
A688B2E7DF
A688469294
A687DA3DD7
A6876DE9A6
A687019602
A6869542EB
A68628F061
A685BC9E65
A685504CF5
A684E3FC11
A68477ABBB
A6840B5BF2
A6839F0CB6
A68332BE06
A682C66FE3
A6825A224E
A681EDD545
A6818188C9
A681153CDA
A680A8F178
A6803CA6A2
A67FD05C5A
A67F64129E
A67EF7C970
A67E8B80CE
A67E1F38B9
A67DB2F130
A67D46AA35
A67CDA63C7
A67C6E1DE5
A67C01D890
A67B9593C8
A67B294F8D
A67ABD0BDE
A67A50C8BD
A679E48628
A679784420
A6790C02A5
A6789FC1B6
A678338155
A677C74180
A6775B0238
A676EEC37C
A67682854E
A6761647AC
A675AA0A97
A6753DCE0F
A674D19213
A6746556A5
A673F91BC3
A6738CE16E
A67320A7A5
A672B46E69
A6724835BA
A671DBFD98
A6716FC602
A671038EF9
A67097587D
A6702B228E
A66FBEED2B
A66F52B855
A66EE6840C
A66E7A504F
A66E0E1D1F
A66DA1EA7C
A66D35B865
A66CC986DB
A66C5D55DE
A66BF1256E
A66B84F58A
A66B18C632
A66AAC9768
A66A40692A
A669D43B78
A669680E54
A668FBE1BC
A6688FB5B0
A668238A32
A667B75F3F
A6674B34DA
A666DF0B01
A66672E1B5
A66606B8F5
A6659A90C2
A6652E691C
A664C24202
A664561B74
A663E9F574
A6637DD000
A66311AB18
A662A586BD
A6623962EF
A661CD3FAD
A661611CF8
A660F4FACF
A66088D933
A6601CB823
A65FB097A0
A65F4477AA
A65ED85840
A65E6C3962
A65E001B11
A65D93FD4D
A65D27E015
A65CBBC36A
A65C4FA74B
A65BE38BB8
A65B7770B3
A65B0B5639
A65A9F3C4C
A65A3322EC
A659C70A18
A6595AF1D1
A658EEDA16
A65882C2E8
A65816AC46
A657AA9630
A6573E80A7
A656D26BAA
A65666573A
A655FA4357
A6558E3000
A655221D35
A654B60AF6
A65449F944
A653DDE81F
A65371D786
A65305C779
A65299B7F9
A6522DA905
A651C19A9E
A651558CC3
A650E97F74
A6507D72B2
A65011667C
A64FA55AD3
A64F394FB6
A64ECD4525
A64E613B21
A64DF531A9
A64D8928BE
A64D1D205E
A64CB1188C
A64C451145
A64BD90A8B
A64B6D045D
A64B00FEBC
A64A94F9A7
A64A28F51E
A649BCF121
A64950EDB1
A648E4EACE
A64878E876
A6480CE6AB
A647A0E56C
A64734E4B9
A646C8E493
A6465CE4F9
A645F0E5EC
A64584E76A
A64518E975
A644ACEC0C
A64440EF30
A643D4F2DF
A64368F71B
A642FCFBE4
A642910138
A642250719
A641B90D86
A6414D147F
A640E11C05
A640752417
A640092CB4
A63F9D35DF
A63F313F95
A63EC549D8
A63E5954A7
A63DED6002
A63D816BE9
A63D15785C
A63CA9855C
A63C3D92E8
A63BD1A100
A63B65AFA4
A63AF9BED5
A63A8DCE91
A63A21DEDA
A639B5EFAF
A6394A0110
A638DE12FD
A638722577
A63806387D
A6379A4C0E
A6372E602C
A636C274D6
A636568A0C
A635EA9FCF
A6357EB61D
A63512CCF8
A634A6E45E
A6343AFC51
A633CF14D0
A633632DDB
A632F74772
A6328B6195
A6321F7C45
A631B39780
A63147B348
A630DBCF9B
A6306FEC7B
A6300409E6
A62F9827DE
A62F2C4662
A62EC06572
A62E54850E
A62DE8A536
A62D7CC5EA
A62D10E72A
A62CA508F6
A62C392B4F
A62BCD4E33
A62B6171A3
A62AF5959F
A62A89BA28
A62A1DDF3C
A629B204DC
A629462B09
A628DA51C1
A6286E7905
A62802A0D6
A62796C932
A6272AF21A
A626BF1B8F
A62653458F
A625E7701B
A6257B9B33
A6250FC6D8
A624A3F308
A624381FC4
A623CC4D0C
A623607AE0
A622F4A940
A62288D82C
A6221D07A4
A621B137A7
A621456837
A620D99953
A6206DCAFA
A62001FD2E
A61F962FED
A61F2A6338
A61EBE9710
A61E52CB73
A61DE70062
A61D7B35DD
A61D0F6BE3
A61CA3A276
A61C37D995
A61BCC113F
A61B604975
A61AF48237
A61A88BB85
A61A1CF55F
A619B12FC5
A619456AB6
A618D9A634
A6186DE23D
A618021ED2
A617965BF3
A6172A99A0
A616BED7D8
A61653169D
A615E755ED
A6157B95C9
A6150FD631
A614A41724
A6143858A4
A613CC9AAF
A61360DD46
A612F52069
A612896418
A6121DA852
A611B1ED18
A61146326A
A610DA7848
A6106EBEB1
A6100305A6
A60F974D27
A60F2B9534
A60EBFDDCC
A60E5426F1
A60DE870A1
A60D7CBADC
A60D1105A4
A60CA550F7
A60C399CD6
A60BCDE940
A60B623636
A60AF683B8
A60A8AD1C6
A60A1F205F
A609B36F84
A60947BF35
A608DC0F72
A60870603A
A60804B18E
A60799036D
A6072D55D8
A606C1A8CF
A60655FC52
A605EA5060
A6057EA4FA
A60512FA1F
A604A74FD0
A6043BA60D
A603CFFCD5
A603645429
A602F8AC09
A6028D0474
A602215D6B
A601B5B6EE
A6014A10FC
A600DE6B96
A60072C6BB
A60007226C
A5FF9B7EA8
A5FF2FDB71
A5FEC438C4
A5FE5896A4
A5FDECF50F
A5FD815405
A5FD15B387
A5FCAA1395
A5FC3E742E
A5FBD2D553
A5FB673703
A5FAFB993F
A5FA8FFC06
A5FA245F59
A5F9B8C337
A5F94D27A1
A5F8E18C97
A5F875F218
A5F80A5825
A5F79EBEBD
A5F73325E0
A5F6C78D8F
A5F65BF5CA
A5F5F05E90
A5F584C7E2
A5F51931BF
A5F4AD9C28
A5F442071C
A5F3D6729B
A5F36ADEA6
A5F2FF4B3D
A5F293B85F
A5F228260C
A5F1BC9445
A5F1510309
A5F0E57259
A5F079E235
A5F00E529B
A5EFA2C38D
A5EF37350B
A5EECBA714
A5EE6019A8
A5EDF48CC8
A5ED890074
A5ED1D74AA
A5ECB1E96C
A5EC465EBA
A5EBDAD493
A5EB6F4AF7
A5EB03C1E7
A5EA983962
A5EA2CB169
A5E9C129FA
A5E955A318
A5E8EA1CC0
A5E87E96F4
A5E81311B4
A5E7A78CFE
A5E73C08D4
A5E6D08536
A5E6650223
A5E5F97F9B
A5E58DFD9E
A5E5227C2D
A5E4B6FB47
A5E44B7AEC
A5E3DFFB1D
A5E3747BD9
A5E308FD21
A5E29D7EF3
A5E2320152
A5E1C6843B
A5E15B07AF
A5E0EF8BAF
A5E084103B
A5E0189551
A5DFAD1AF3
A5DF41A120
A5DED627D8
A5DE6AAF1C
A5DDFF36EB
A5DD93BF45
A5DD28482A
A5DCBCD19B
A5DC515B97
A5DBE5E61E
A5DB7A7130
A5DB0EFCCE
A5DAA388F7
A5DA3815AB
A5D9CCA2EA
A5D96130B5
A5D8F5BF0A
A5D88A4DEB
A5D81EDD58
A5D7B36D4F
A5D747FDD1
A5D6DC8EDF
A5D6712078
A5D605B29C
A5D59A454C
A5D52ED886
A5D4C36C4C
A5D458009D
A5D3EC9579
A5D3812AE0
A5D315C0D2
A5D2AA5750
A5D23EEE58
A5D1D385EC
A5D1681E0B
A5D0FCB6B5
A5D0914FEA
A5D025E9AB
A5CFBA83F6
A5CF4F1ECD
A5CEE3BA2E
A5CE78561B
A5CE0CF293
A5CDA18F96
A5CD362D24
A5CCCACB3D
A5CC5F69E2
A5CBF40911
A5CB88A8CB
A5CB1D4911
A5CAB1E9E2
A5CA468B3D
A5C9DB2D24
A5C96FCF96
A5C9047293
A5C899161B
A5C82DBA2E
A5C7C25ECC
A5C75703F5
A5C6EBA9A9
A5C6804FE8
A5C614F6B2
A5C5A99E08
A5C53E45E8
A5C4D2EE53
A5C4679749
A5C3FC40CB
A5C390EAD7
A5C325956E
A5C2BA4091
A5C24EEC3E
A5C1E39876
A5C1784539
A5C10CF288
A5C0A1A061
A5C0364EC5
A5BFCAFDB4
A5BF5FAD2E
A5BEF45D33
A5BE890DC4
A5BE1DBEDF
A5BDB27084
A5BD4722B5
A5BCDBD571
A5BC7088B8
A5BC053C8A
A5BB99F0E6
A5BB2EA5CE
A5BAC35B40
A5BA58113E
A5B9ECC7C6
A5B9817ED9
A5B9163677
A5B8AAEEA0
A5B83FA754
A5B7D46093
A5B7691A5D
A5B6FDD4B1
A5B6928F91
A5B6274AFB
A5B5BC06F0
A5B550C370
A5B4E5807B
A5B47A3E11
A5B40EFC31
A5B3A3BADD
A5B3387A13
A5B2CD39D4
A5B261FA20
A5B1F6BAF7
A5B18B7C59
A5B1203E45
A5B0B500BC
A5B049C3BF
A5AFDE874B
A5AF734B63
A5AF081006
A5AE9CD533
A5AE319AEB
A5ADC6612E
A5AD5B27FC
A5ACEFEF54
A5AC84B738
A5AC197FA6
A5ABAE489E
A5AB431222
A5AAD7DC30
A5AA6CA6CA
A5AA0171ED
A5A9963D9C
A5A92B09D5
A5A8BFD699
A5A854A3E8
A5A7E971C2
A5A77E4026
A5A7130F15
A5A6A7DE8F
A5A63CAE93
A5A5D17F23
A5A566503D
A5A4FB21E1
A5A48FF410
A5A424C6CA
A5A3B99A0F
A5A34E6DDF
A5A2E34239
A5A278171D
A5A20CEC8D
A5A1A1C287
A5A136990C
A5A0CB701B
A5A06047B5
A59FF51FDA
A59F89F889
A59F1ED1C3
A59EB3AB88
A59E4885D7
A59DDD60B1
A59D723C16
A59D071805
A59C9BF47F
A59C30D183
A59BC5AF13
A59B5A8D2C
A59AEF6BD1
A59A844AFF
A59A192AB9
A599AE0AFD
A59942EBCC
A598D7CD25
A5986CAF09
A598019177
A597967470
A5972B57F4
A596C03C02
A59655209B
A595EA05BE
A5957EEB6C
A59513D1A4
A594A8B867
A5943D9FB4
A593D2878C
A593676FEF
A592FC58DC
A592914254
A592262C56
A591BB16E2
A5915001F9
A590E4ED9B
A59079D9C7
A5900EC67E
A58FA3B3BF
A58F38A18B
A58ECD8FE1
A58E627EC1
A58DF76E2C
A58D8C5E22
A58D214EA2
A58CB63FAD
A58C4B3141
A58BE02361
A58B75160B
A58B0A093F
A58A9EFCFE
A58A33F147
A589C8E61B
A5895DDB79
A588F2D161
A58887C7D4
A5881CBED2
A587B1B659
A58746AE6C
A586DBA708
A58670A02F
A5860599E1
A5859A941C
A5852F8EE3
A584C48A33
A58459860E
A583EE8274
A583837F63
A583187CDE
A582AD7AE2
A582427971
A581D7788A
A5816C782E
A58101785C
A580967914
A5802B7A56
A57FC07C23
A57F557E7B
A57EEA815C
A57E7F84C8
A57E1488BF
A57DA98D3F
A57D3E924A
A57CD397DF
A57C689DFF
A57BFDA4A9
A57B92ABDD
A57B27B39B
A57ABCBBE4
A57A51C4B7
A579E6CE14
A5797BD7FC
A57910E26E
A578A5ED6A
A5783AF8F0
A577D00501
A57765119C
A576FA1EC1
A5768F2C70
A576243AAA
A575B9496E
A5754E58BC
A574E36894
A5747878F7
A5740D89E4
A573A29B5B
A57337AD5C
A572CCBFE7
A57261D2FD
A571F6E69D
A5718BFAC7
A571210F7B
A570B624BA
A5704B3A83
A56FE050D5
A56F7567B3
A56F0A7F1A
A56E9F970B
A56E34AF87
A56DC9C88C
A56D5EE21C
A56CF3FC36
A56C8916DB
A56C1E3209
A56BB34DC1
A56B486A04
A56ADD86D1
A56A72A428
A56A07C209
A5699CE074
A56931FF69
A568C71EE8
A5685C3EF2
A567F15F86
A5678680A3
A5671BA24B
A566B0C47D
A56645E739
A565DB0A7F
A565702E4F
A5650552A9
A5649A778E
A5642F9CFC
A563C4C2F5
A56359E977
A562EF1084
A56284381A
A56219603B
A561AE88E6
A56143B21A
A560D8DBD9
A5606E0622
A5600330F5
A55F985C52
A55F2D8839
A55EC2B4AA
A55E57E1A5
A55DED0F2A
A55D823D38
A55D176BD1
A55CAC9AF4
A55C41CAA1
A55BD6FAD8
A55B6C2B99
A55B015CE4
A55A968EB9
A55A2BC118
A559C0F401
A559562773
A558EB5B70
A558808FF7
A55815C508
A557AAFAA2
A5574030C7
A556D56775
A5566A9EAE
A555FFD670
A555950EBC
A5552A4792
A554BF80F3
A55454BADD
A553E9F551
A5537F304E
A553146BD6
A552A9A7E8
A5523EE483
A551D421A9
A551695F58
A550FE9D91
A55093DC55
A550291BA1
A54FBE5B78
A54F539BD9
A54EE8DCC4
A54E7E1E38
A54E136036
A54DA8A2BE
A54D3DE5D0
A54CD3296C
A54C686D92
A54BFDB241
A54B92F77B
A54B283D3E
A54ABD838B
A54A52CA62
A549E811C2
A5497D59AD
A54912A221
A548A7EB1F
A5483D34A7
A547D27EB8
A54767C954
A546FD1479
A546926028
A54627AC61
A545BCF923
A54552466F
A544E79446
A5447CE2A5
A54412318F
A543A78102
A5433CD0FF
A542D22186
A542677297
A541FCC431
A541921655
A541276903
A540BCBC3A
A540520FFB
A53FE76446
A53F7CB91B
A53F120E79
A53EA76461
A53E3CBAD3
A53DD211CE
A53D676954
A53CFCC162
A53C9219FB
A53C27731D
A53BBCCCC9
A53B5226FE
A53AE781BE
A53A7CDD07
A53A1238D9
A539A79535
A5393CF21B
A538D24F8A
A53867AD84
A537FD0C06
A537926B13
A53727CAA9
A536BD2AC8
A536528B72
A535E7ECA4
A5357D4E61
A53512B0A7
A534A81377
A5343D76D0
A533D2DAB3
A533683F1F
A532FDA416
A532930995
A532286F9F
A531BDD631
A531533D4E
A530E8A4F4
A5307E0D23
A5301375DC
A52FA8DF1F
A52F3E48EB
A52ED3B341
A52E691E20
A52DFE8989
A52D93F57C
A52D2961F8
A52CBECEFD
A52C543C8C
A52BE9AAA4
A52B7F1946
A52B148872
A52AA9F827
A52A3F6866
A529D4D92E
A5296A4A7F
A528FFBC5A
A528952EBF
A5282AA1AD
A527C01524
A527558925
A526EAFDB0
A5268072C3
A52615E861
A525AB5E88
A52540D538
A524D64C72
A5246BC435
A524013C81
A52396B558
A5232C2EB7
A522C1A8A0
A522572312
A521EC9E0E
A521821993
A5211795A2
A520AD123A
A520428F5B
A51FD80D06
A51F6D8B3A
A51F0309F8
A51E98893F
A51E2E090F
A51DC38969
A51D590A4C
A51CEE8BB9
A51C840DAF
A51C19902E
A51BAF1337
A51B4496C9
A51ADA1AE4
A51A6F9F89
A51A0524B7
A5199AAA6E
A5193030AF
A518C5B779
A5185B3ECD
A517F0C6A9
A517864F0F
A5171BD7FF
A516B16177
A51646EB79
A515DC7605
A515720119
A515078CB7
A5149D18DE
A51432A58F
A513C832C9
A5135DC08C
A512F34ED8
A51288DDAD
A5121E6D0C
A511B3FCF4
A511498D66
A510DF1E61
A51074AFE4
A5100A41F2
A50F9FD488
A50F3567A8
A50ECAFB50
A50E608F83
A50DF6243E
A50D8BB982
A50D214F50
A50CB6E5A7
A50C4C7C87
A50BE213F1
A50B77ABE3
A50B0D445F
A50AA2DD64
A50A3876F3
A509CE110A
A50963ABAB
A508F946D4
A5088EE287
A508247EC3
A507BA1B89
A5074FB8D7
A506E556AF
A5067AF50F
A5061093F9
A505A6336C
A5053BD369
A504D173EE
A5046714FC
A503FCB694
A5039258B5
A50327FB5F
A502BD9E92
A50253424E
A501E8E693
A5017E8B61
A5011430B9
A500A9D699
A5003F7D03
A4FFD523F5
A4FF6ACB71
A4FF007376
A4FE961C04
A4FE2BC51B
A4FDC16EBB
A4FD5718E4
A4FCECC397
A4FC826ED2
A4FC181A96
A4FBADC6E4
A4FB4373BA
A4FAD9211A
A4FA6ECF02
A4FA047D74
A4F99A2C6E
A4F92FDBF2
A4F8C58BFE
A4F85B3C94
A4F7F0EDB3
A4F7869F5A
A4F71C518B
A4F6B20445
A4F647B788
A4F5DD6B53
A4F5731FA8
A4F508D486
A4F49E89EC
A4F4343FDC
A4F3C9F654
A4F35FAD56
A4F2F564E0
A4F28B1CF4
A4F220D590
A4F1B68EB6
A4F14C4864
A4F0E2029B
A4F077BD5C
A4F00D78A5
A4EFA33477
A4EF38F0D2
A4EECEADB6
A4EE646B23
A4EDFA2919
A4ED8FE797
A4ED25A69F
A4ECBB6630
A4EC512649
A4EBE6E6EB
A4EB7CA817
A4EB1269CB
A4EAA82C08
A4EA3DEECD
A4E9D3B21C
A4E96975F4
A4E8FF3A54
A4E894FF3E
A4E82AC4B0
A4E7C08AAB
A4E756512F
A4E6EC183C
A4E681DFD1
A4E617A7F0
A4E5AD7097
A4E54339C7
A4E4D90380
A4E46ECDC2
A4E404988D
A4E39A63E0
A4E3302FBC
A4E2C5FC21
A4E25BC90F
A4E1F19686
A4E1876485
A4E11D330E
A4E0B3021F
A4E048D1B8
A4DFDEA1DB
A4DF747286
A4DF0A43BA
A4DEA01577
A4DE35E7BD
A4DDCBBA8B
A4DD618DE3
A4DCF761C3
A4DC8D362B
A4DC230B1D
A4DBB8E097
A4DB4EB69A
A4DAE48D25
A4DA7A643A
A4DA103BD7
A4D9A613FD
A4D93BECAB
A4D8D1C5E2
A4D8679FA2
A4D7FD79EB
A4D79354BC
A4D7293016
A4D6BF0BF9
A4D654E865
A4D5EAC559
A4D580A2D6
A4D51680DB
A4D4AC5F69
A4D4423E80
A4D3D81E1F
A4D36DFE47
A4D303DEF8
A4D299C032
A4D22FA1F4
A4D1C5843F
A4D15B6712
A4D0F14A6E
A4D0872E52
A4D01D12C0
A4CFB2F7B6
A4CF48DD34
A4CEDEC33B
A4CE74A9CB
A4CE0A90E3
A4CDA07884
A4CD3660AE
A4CCCC4960
A4CC62329B
A4CBF81C5E
A4CB8E06AA
A4CB23F17E
A4CAB9DCDB
A4CA4FC8C1
A4C9E5B52F
A4C97BA226
A4C9118FA5
A4C8A77DAD
A4C83D6C3D
A4C7D35B56
A4C7694AF8
A4C6FF3B22
A4C6952BD4
A4C62B1D0F
A4C5C10ED3
A4C557011F
A4C4ECF3F4
A4C482E751
A4C418DB37
A4C3AECFA5
A4C344C49C
A4C2DABA1B
A4C270B023
A4C206A6B3
A4C19C9DCB
A4C132956D
A4C0C88D96
A4C05E8648
A4BFF47F83
A4BF8A7946
A4BF207391
A4BEB66E65
A4BE4C69C2
A4BDE265A7
A4BD786214
A4BD0E5F0A
A4BCA45C88
A4BC3A5A8E
A4BBD0591E
A4BB665835
A4BAFC57D5
A4BA9257FD
A4BA2858AE
A4B9BE59E7
A4B9545BA9
A4B8EA5DF3
A4B88060C5
A4B8166420
A4B7AC6803
A4B7426C6E
A4B6D87162
A4B66E76DE
A4B6047CE3
A4B59A8370
A4B5308A86
A4B4C69223
A4B45C9A49
A4B3F2A2F8
A4B388AC2F
A4B31EB5EE
A4B2B4C035
A4B24ACB05
A4B1E0D65D
A4B176E23E
A4B10CEEA7
A4B0A2FB98
A4B0390911
A4AFCF1713
A4AF65259D
A4AEFB34AF
A4AE91444A
A4AE27546D
A4ADBD6518
A4AD53764C
A4ACE98808
A4AC7F9A4C
A4AC15AD18
A4ABABC06D
A4AB41D44A
A4AAD7E8AF
A4AA6DFD9D
A4AA041312
A4A99A2910
A4A9303F97
A4A8C656A5
A4A85C6E3C
A4A7F2865B
A4A7889F02
A4A71EB832
A4A6B4D1E9
A4A64AEC29
A4A5E106F1
A4A5772241
A4A50D3E1A
A4A4A35A7B
A4A4397764
A4A3CF94D5
A4A365B2CE
A4A2FBD150
A4A291F059
A4A2280FEB
A4A1BE3005
A4A15450A7
A4A0EA71D2
A4A0809384
A4A016B5BF
A49FACD882
A49F42FBCD
A49ED91FA0
A49E6F43FB
A49E0568DF
A49D9B8E4A
A49D31B43E
A49CC7DABA
A49C5E01BE
A49BF4294A
A49B8A515E
A49B2079FB
A49AB6A31F
A49A4CCCCC
A499E2F700
A4997921BD
A4990F4D02
A498A578CF
A4983BA524
A497D1D201
A49767FF66
A496FE2D53
A496945BC9
A4962A8AC6
A495C0BA4B
A49556EA59
A494ED1AEE
A494834C0C
A494197DB2
A493AFAFDF
A49345E295
A492DC15D3
A492724999
A492087DE6
A4919EB2BC
A49134E81A
A490CB1E00
A49061546E
A48FF78B64
A48F8DC2E2
A48F23FAE7
A48EBA3375
A48E506C8B
A48DE6A629
A48D7CE04F
A48D131AFD
A48CA95632
A48C3F91F0
A48BD5CE36
A48B6C0B03
A48B024859
A48A988637
A48A2EC49C
A489C5038A
A4895B42FF
A488F182FC
A48887C382
A4881E048F
A487B44624
A4874A8841
A486E0CAE6
A486770E13
A4860D51C8
A485A39604
A48539DAC9
A484D02015
A4846665EA
A483FCAC46
A48392F32A
A483293A96
A482BF828A
A48255CB06
A481EC140A
A481825D95
A48118A7A9
A480AEF244
A480453D67
A47FDB8912
A47F71D545
A47F0821FF
A47E9E6F42
A47E34BD0C
A47DCB0B5E
A47D615A38
A47CF7A99A
A47C8DF983
A47C2449F5
A47BBA9AEE
A47B50EC6F
A47AE73E78
A47A7D9108
A47A13E421
A479AA37C1
A479408BE9
A478D6E099
A4786D35D0
A478038B90
A47799E1D7
A4773038A6
A476C68FFC
A4765CE7DB
A475F34041
A47589992E
A4751FF2A4
A474B64CA1
A4744CA727
A473E30233
A473795DC8
A4730FB9E4
A472A61688
A4723C73B4
A471D2D167
A471692FA2
A470FF8E65
A47095EDB0
A4702C4D82
A46FC2ADDC
A46F590EBE
A46EEF7027
A46E85D218
A46E1C3491
A46DB29791
A46D48FB19
A46CDF5F29
A46C75C3C0
A46C0C28DF
A46BA28E86
A46B38F4B4
A46ACF5B6A
A46A65C2A7
A469FC2A6D
A4699292B9
A46928FB8E
A468BF64EA
A46855CECE
A467EC3939
A46782A42C
A467190FA7
A466AF7BA9
A46645E833
A465DC5544
A46572C2DD
A4650930FD
A4649F9FA6
A464360ED5
A463CC7E8D
A46362EECB
A462F95F92
A4628FD0E0
A4622642B5
A461BCB513
A4615327F7
A460E99B64
A460800F57
A4601683D3
A45FACF8D5
A45F436E60
A45ED9E472
A45E705B0B
A45E06D22C
A45D9D49D5
A45D33C205
A45CCA3ABC
A45C60B3FB
A45BF72DC2
A45B8DA810
A45B2422E5
A45ABA9E42
A45A511A27
A459E79693
A4597E1386
A459149101
A458AB0F03
A458418D8D
A457D80C9F
A4576E8C37
A457050C58
A4569B8CFF
A456320E2E
A455C88FE5
A4555F1223
A454F594E8
A4548C1835
A454229C0A
A453B92065
A4534FA548
A452E62AB3
A4527CB0A5
A45213371E
A451A9BE1F
A4514045A7
A450D6CDB7
A4506D564E
A45003DF6C
A44F9A6912
A44F30F33F
A44EC77DF3
A44E5E092F
A44DF494F2
A44D8B213D
A44D21AE0F
A44CB83B68
A44C4EC949
A44BE557B1
A44B7BE6A0
A44B127617
A44AA90615
A44A3F969A
A449D627A7
A4496CB93B
A449034B56
A44899DDF9
A448307123
A447C704D4
A4475D990C
A446F42DCC
A4468AC313
A4462158E2
A445B7EF37
A4454E8614
A444E51D79
A4447BB564
A444124DD7
A443A8E6D1
A4433F8052
A442D61A5B
A4426CB4EB
A442035002
A44199EBA0
A4413087C6
A440C72473
A4405DC1A7
A43FF45F62
A43F8AFDA5
A43F219C6E
A43EB83BBF
A43E4EDB98
A43DE57BF7
A43D7C1CDE
A43D12BE4B
A43CA96041
A43C4002BD
A43BD6A5C0
A43B6D494B
A43B03ED5C
A43A9A91F5
A43A313716
A439C7DCBD
A4395E82EB
A438F529A1
A4388BD0DE
A4382278A2
A437B920ED
A4374FC9BF
A436E67318
A4367D1CF9
A43613C761
A435AA724F
A435411DC5
A434D7C9C2
A4346E7647
A434052352
A4339BD0E4
A433327EFE
A432C92D9E
A4325FDCC6
A431F68C75
A4318D3CAB
A43123ED68
A430BA9EAC
A430515077
A42FE802C9
A42F7EB5A3
A42F156903
A42EAC1CEA
A42E42D159
A42DD9864E
A42D703BCB
A42D06F1CF
A42C9DA859
A42C345F6B
A42BCB1704
A42B61CF24
A42AF887CB
A42A8F40F9
A42A25FAAD
A429BCB4E9
A429536FAC
A428EA2AF6
A42880E6C7
A42817A31F
A427AE5FFE
A427451D64
A426DBDB51
A4267299C5
A4260958C0
A425A01841
A42536D84A
A424CD98DA
A4246459F1
A423FB1B8F
A42391DDB3
A42328A05F
A422BF6392
A42256274B
A421ECEB8C
A42183B053
A4211A75A1
A420B13B77
A4204801D3
A41FDEC8B6
A41F759020
A41F0C5811
A41EA32089
A41E39E988
A41DD0B30D
A41D677D1A
A41CFE47AD
A41C9512C8
A41C2BDE69
A41BC2AA91
A41B597740
A41AF04476
A41A871233
A41A1DE076
A419B4AF41
A4194B7E92
A418E24E6A
A418791EC9
A4180FEFAF
A417A6C11C
A4173D9310
A416D4658A
A4166B388B
A416020C13
A41598E022
A4152FB4B8
A414C689D5
A4145D5F78
A413F435A2
A4138B0C53
A41321E38B
A412B8BB49
A4124F938F
A411E66C5B
A4117D45AE
A411141F87
A410AAF9E8
A41041D4CF
A40FD8B03D
A40F6F8C32
A40F0668AD
A40E9D45B0
A40E342339
A40DCB0148
A40D61DFDF
A40CF8BEFC
A40C8F9EA0
A40C267ECB
A40BBD5F7C
A40B5440B5
A40AEB2274
A40A8204B9
A40A18E786
A409AFCAD9
A40946AEB2
A408DD9313
A4087477FA
A4080B5D68
A407A2435C
A4073929D8
A406D010D9
A40666F862
A405FDE071
A40594C907
A4052BB224
A404C29BC7
A4045985F1
A403F070A1
A403875BD9
A4031E4796
A402B533DB
A4024C20A6
A401E30DF8
A40179FBD0
A40110EA2F
A400A7D915
A4003EC881
A3FFD5B874
A3FF6CA8ED
A3FF0399EE
A3FE9A8B74
A3FE317D81
A3FDC87015
A3FD5F6330
A3FCF656D1
A3FC8D4AF9
A3FC243FA7
A3FBBB34DB
A3FB522A97
A3FAE920D9
A3FA8017A1
A3FA170EF0
A3F9AE06C6
A3F944FF22
A3F8DBF805
A3F872F16E
A3F809EB5E
A3F7A0E5D4
A3F737E0D1
A3F6CEDC54
A3F665D85E
A3F5FCD4EF
A3F593D205
A3F52ACFA3
A3F4C1CDC7
A3F458CC71
A3F3EFCBA2
A3F386CB5A
A3F31DCB98
A3F2B4CC5C
A3F24BCDA7
A3F1E2CF78
A3F179D1D0
A3F110D4AF
A3F0A7D813
A3F03EDBFF
A3EFD5E070
A3EF6CE568
A3EF03EAE7
A3EE9AF0EC
A3EE31F778
A3EDC8FE8A
A3ED600622
A3ECF70E41
A3EC8E16E6
A3EC252012
A3EBBC29C4
A3EB5333FC
A3EAEA3EBB
A3EA814A01
A3EA1855CC
A3E9AF621F
A3E9466EF7
A3E8DD7C56
A3E8748A3B
A3E80B98A7
A3E7A2A799
A3E739B712
A3E6D0C711
A3E667D796
A3E5FEE8A1
A3E595FA33
A3E52D0C4C
A3E4C41EEA
A3E45B320F
A3E3F245BB
A3E38959EC
A3E3206EA4
A3E2B783E3
A3E24E99A7
A3E1E5AFF2
A3E17CC6C4
A3E113DE1B
A3E0AAF5F9
A3E0420E5E
A3DFD92748
A3DF7040B9
A3DF075AB0
A3DE9E752E
A3DE359031
A3DDCCABBB
A3DD63C7CC
A3DCFAE462
A3DC92017F
A3DC291F22
A3DBC03D4C
A3DB575BFC
A3DAEE7B32
A3DA859AEE
A3DA1CBB30
A3D9B3DBF9
A3D94AFD48
A3D8E21F1D
A3D8794178
A3D810645A
A3D7A787C2
A3D73EABB0
A3D6D5D024
A3D66CF51F
A3D6041AA0
A3D59B40A7
A3D5326734
A3D4C98E47
A3D460B5E1
A3D3F7DE01
A3D38F06A6
A3D3262FD3
A3D2BD5985
A3D25483BD
A3D1EBAE7C
A3D182D9C1
A3D11A058C
A3D0B131DD
A3D0485EB4
A3CFDF8C12
A3CF76B9F5
A3CF0DE85F
A3CEA5174F
A3CE3C46C5
A3CDD376C1
A3CD6AA743
A3CD01D84C
A3CC9909DA
A3CC303BEF
A3CBC76E8A
A3CB5EA1AB
A3CAF5D552
A3CA8D097F
A3CA243E32
A3C9BB736B
A3C952A92B
A3C8E9DF70
A3C881163C
A3C8184D8D
A3C7AF8565
A3C746BDC3
A3C6DDF6A7
A3C6753010
A3C60C6A00
A3C5A3A476
A3C53ADF72
A3C4D21AF5
A3C46956FD
A3C400938B
A3C397D09F
A3C32F0E39
A3C2C64C5A
A3C25D8B00
A3C1F4CA2C
A3C18C09DF
A3C1234A17
A3C0BA8AD5
A3C051CC1A
A3BFE90DE4
A3BF805034
A3BF17930B
A3BEAED667
A3BE461A49
A3BDDD5EB2
A3BD74A3A0
A3BD0BE914
A3BCA32F0E
A3BC3A758F
A3BBD1BC95
A3BB690421
A3BB004C33
A3BA9794CB
A3BA2EDDE9
A3B9C6278D
A3B95D71B6
A3B8F4BC66
A3B88C079C
A3B8235357
A3B7BA9F99
A3B751EC60
A3B6E939AE
A3B6808781
A3B617D5DA
A3B5AF24B9
A3B546741E
A3B4DDC409
A3B475147A
A3B40C6571
A3B3A3B6ED
A3B33B08EF
A3B2D25B78
A3B269AE86
A3B201021A
A3B1985634
A3B12FAAD3
A3B0C6FFF9
A3B05E55A5
A3AFF5ABD6
A3AF8D028D
A3AF2459CA
A3AEBBB18D
A3AE5309D5
A3ADEA62A4
A3AD81BBF8
A3AD1915D2
A3ACB07032
A3AC47CB18
A3ABDF2683
A3AB768275
A3AB0DDEEC
A3AAA53BE9
A3AA3C996C
A3A9D3F774
A3A96B5602
A3A902B516
A3A89A14B0
A3A83174D0
A3A7C8D575
A3A76036A1
A3A6F79851
A3A68EFA88
A3A6265D45
A3A5BDC087
A3A555244F
A3A4EC889C
A3A483ED70
A3A41B52C9
A3A3B2B8A8
A3A34A1F0C
A3A2E185F7
A3A278ED67
A3A210555C
A3A1A7BDD8
A3A13F26D9
A3A0D69060
A3A06DFA6D
A3A00564FF
A39F9CD017
A39F343BB4
A39ECBA7D8
A39E631481
A39DFA81AF
A39D91EF64
A39D295D9E
A39CC0CC5D
A39C583BA3
A39BEFAB6E
A39B871BBE
A39B1E8C95
A39AB5FDF1
A39A4D6FD2
A399E4E239
A3997C5526
A39913C899
A398AB3C91
A39842B10E
A397DA2612
A397719B9B
A3970911A9
A396A0883D
A39637FF57
A395CF76F6
A39566EF1B
A394FE67C6
A39495E0F6
A3942D5AAC
A393C4D4E7
A3935C4FA8
A392F3CAEE
A3928B46BA
A39222C30C
A391BA3FE3
A39151BD3F
A390E93B22
A39080B989
A390183877
A38FAFB7E9
A38F4737E2
A38EDEB860
A38E763963
A38E0DBAEC
A38DA53CFA
A38D3CBF8E
A38CD442A8
A38C6BC647
A38C034A6B
A38B9ACF15
A38B325445
A38AC9D9FA
A38A616034
A389F8E6F4
A389906E3A
A38927F604
A388BF7E55
A38857072B
A387EE9086
A387861A67
A3871DA4CD
A386B52FB9
A3864CBB2A
A385E44720
A3857BD39C
A38513609E
A384AAEE25
A384427C31
A383DA0AC3
A3837199DA
A383092976
A382A0B998
A382384A40
A381CFDB6C
A381676D1F
A380FEFF56
A380969213
A3802E2555
A37FC5B91D
A37F5D4D6A
A37EF4E23D
A37E8C7795
A37E240D72
A37DBBA3D5
A37D533ABD
A37CEAD22A
A37C826A1D
A37C1A0295
A37BB19B92
A37B493515
A37AE0CF1D
A37A7869AA
A37A1004BD
A379A7A055
A3793F3C72
A378D6D915
A3786E763D
A3780613EA
A3779DB21D
A3773550D5
A376CCF012
A376648FD5
A375FC301D
A37593D0EA
A3752B723C
A374C31414
A3745AB671
A373F25953
A37389FCBB
A37321A0A7
A372B94519
A37250EA11
A371E88F8D
A37180358F
A37117DC16
A370AF8322
A370472AB4
A36FDED2CB
A36F767B67
A36F0E2488
A36EA5CE2E
A36E3D785A
A36DD5230B
A36D6CCE41
A36D0479FC
A36C9C263C
A36C33D302
A36BCB804D
A36B632E1D
A36AFADC72
A36A928B4D
A36A2A3AAC
A369C1EA91
A369599AFB
A368F14BEA
A36888FD5F
A36820AF58
A367B861D7
A3675014DA
A366E7C863
A3667F7C71
A366173104
A365AEE61D
A365469BBA
A364DE51DD
A364760885
A3640DBFB1
A363A57763
A3633D2F9A
A362D4E857
A3626CA198
A362045B5E
A3619C15AA
A36133D07A
A360CB8BD0
A3606347AB
A35FFB040A
A35F92C0EF
A35F2A7E59
A35EC23C48
A35E59FABC
A35DF1B9B6
A35D897934
A35D213937
A35CB8F9BF
A35C50BACD
A35BE87C5F
A35B803E77
A35B180113
A35AAFC435
A35A4787DB
A359DF4C07
A3597710B8
A3590ED5ED
A358A69BA8
A3583E61E7
A357D628AC
A3576DEFF6
A35705B7C4
A3569D8018
A3563548F1
A355CD124E
A35564DC31
A354FCA698
A354947185
A3542C3CF6
A353C408ED
A3535BD568
A352F3A269
A3528B6FEE
A352233DF8
A351BB0C88
A35152DB9C
A350EAAB35
A350827B53
A3501A4BF6
A34FB21D1E
A34F49EECB
A34EE1C0FC
A34E7993B3
A34E1166EF
A34DA93AAF
A34D410EF5
A34CD8E3BF
A34C70B90E
A34C088EE2
A34BA0653B
A34B383C19
A34AD0137C
A34A67EB63
A349FFC3D0
A349979CC1
A3492F7637
A348C75032
A3485F2AB2
A347F705B7
A3478EE141
A34726BD4F
A346BE99E2
A3465676FB
A345EE5498
A3458632B9
A3451E1160
A344B5F08B
A3444DD03C
A343E5B071
A3437D912B
A343157269
A342AD542D
A342453675
A341DD1942
A34174FC94
A3410CE06B
A340A4C4C6
A3403CA9A7
A33FD48F0C
A33F6C74F5
A33F045B64
A33E9C4257
A33E3429CF
A33DCC11CC
A33D63FA4E
A33CFBE354
A33C93CCDF
A33C2BB6EF
A33BC3A184
A33B5B8C9D
A33AF3783B
A33A8B645E
A33A235105
A339BB3E31
A339532BE2
A338EB1A18
A3388308D2
A3381AF811
A337B2E7D5
A3374AD81D
A336E2C8EA
A3367ABA3C
A33612AC13
A335AA9E6E
A33542914E
A334DA84B2
A33472789B
A3340A6D09
A333A261FB
A3333A5773
A332D24D6E
A3326A43EF
A332023AF4
A3319A327E
A331322A8C
A330CA231F
A330621C37
A32FFA15D3
A32F920FF4
A32F2A0A99
A32EC205C3
A32E5A0172
A32DF1FDA5
A32D89FA5D
A32D21F799
A32CB9F55B
A32C51F3A0
A32BE9F26B
A32B81F1B9
A32B19F18D
A32AB1F1E5
A32A49F2C1
A329E1F422
A32979F608
A32911F872
A328A9FB61
A32841FED5
A327DA02CC
A327720749
A3270A0C4A
A326A211CF
A3263A17D9
A325D21E68
A3256A257B
A325022D13
A3249A352F
A324323DD0
A323CA46F5
A32362509E
A322FA5ACD
A32292657F
A3222A70B6
A321C27C72
A3215A88B2
A320F29577
A3208AA2C0
A32022B08D
A31FBABEDF
A31F52CDB6
A31EEADD11
A31E82ECF0
A31E1AFD54
A31DB30E3C
A31D4B1FA9
A31CE3319A
A31C7B4410
A31C13570A
A31BAB6A89
A31B437E8C
A31ADB9313
A31A73A81F
A31A0BBDAF
A319A3D3C3
A3193BEA5C
A318D4017A
A3186C191C
A318043142
A3179C49EC
A31734631B
A316CC7CCF
A316649707
A315FCB1C3
A31594CD03
A3152CE8C8
A314C50511
A3145D21DF
A313F53F31
A3138D5D07
A313257B62
A312BD9A41
A31255B9A4
A311EDD98C
A31185F9F8
A3111E1AE8
A310B63C5D
A3104E5E56
A30FE680D3
A30F7EA3D5
A30F16C75B
A30EAEEB65
A30E470FF4
A30DDF3507
A30D775A9E
A30D0F80B9
A30CA7A759
A30C3FCE7D
A30BD7F625
A30B701E52
A30B084703
A30AA07038
A30A3899F1
A309D0C42F
A30968EEF1
A309011A37
A308994601
A308317250
A307C99F23
A30761CC7A
A306F9FA55
A3069228B5
A3062A5799
A305C28701
A3055AB6ED
A304F2E75E
A3048B1852
A3042349CB
A303BB7BC8
A30353AE49
A302EBE14F
A3028414D9
A3021C48E7
A301B47D79
A3014CB28F
A300E4E829
A3007D1E48
A3001554EB
A2FFAD8C11
A2FF45C3BD
A2FEDDFBEC
A2FE76349F
A2FE0E6DD7
A2FDA6A792
A2FD3EE1D2
A2FCD71C96
A2FC6F57DE
A2FC0793AB
A2FB9FCFFB
A2FB380CCF
A2FAD04A28
A2FA688805
A2FA00C665
A2F999054A
A2F93144B3
A2F8C984A1
A2F861C512
A2F7FA0607
A2F7924780
A2F72A897E
A2F6C2CC00
A2F65B0F05
A2F5F3528F
A2F58B969D
A2F523DB2F
A2F4BC2044
A2F45465DE
A2F3ECABFC
A2F384F29E
A2F31D39C5
A2F2B5816F
A2F24DC99D
A2F1E6124F
A2F17E5B85
A2F116A540
A2F0AEEF7E
A2F0473A40
A2EFDF8587
A2EF77D151
A2EF101D9F
A2EEA86A72
A2EE40B7C8
A2EDD905A2
A2ED715401
A2ED09A2E3
A2ECA1F249
A2EC3A4234
A2EBD292A2
A2EB6AE394
A2EB03350A
A2EA9B8705
A2EA33D983
A2E9CC2C85
A2E964800B
A2E8FCD415
A2E89528A3
A2E82D7DB5
A2E7C5D34B
A2E75E2964
A2E6F68002
A2E68ED724
A2E6272EC9
A2E5BF86F3
A2E557DFA0
A2E4F038D1
A2E4889286
A2E420ECC0
A2E3B9477D
A2E351A2BD
A2E2E9FE82
A2E2825ACB
A2E21AB797
A2E1B314E8
A2E14B72BC
A2E0E3D114
A2E07C2FF0
A2E0148F50
A2DFACEF34
A2DF454F9C
A2DEDDB087
A2DE7611F6
A2DE0E73EA
A2DDA6D661
A2DD3F395B
A2DCD79CDA
A2DC7000DD
A2DC086563
A2DBA0CA6D
A2DB392FFB
A2DAD1960D
A2DA69FCA3
A2DA0263BC
A2D99ACB59
A2D933337A
A2D8CB9C1F
A2D8640548
A2D7FC6EF4
A2D794D924
A2D72D43D8
A2D6C5AF10
A2D65E1ACB
A2D5F6870B
A2D58EF3CE
A2D5276115
A2D4BFCEDF
A2D4583D2D
A2D3F0ABFF
A2D3891B55
A2D3218B2F
A2D2B9FB8C
A2D2526C6D
A2D1EADDD2
A2D1834FBA
A2D11BC227
A2D0B43517
A2D04CA88A
A2CFE51C81
A2CF7D90FD
A2CF1605FB
A2CEAE7B7E
A2CE46F184
A2CDDF680E
A2CD77DF1B
A2CD1056AD
A2CCA8CEC1
A2CC41475A
A2CBD9C076
A2CB723A16
A2CB0AB43A
A2CAA32EE1
A2CA3BAA0C
A2C9D425BA
A2C96CA1ED
A2C9051EA2
A2C89D9BDC
A2C8361999
A2C7CE97DA
A2C767169E
A2C6FF95E6
A2C69815B2
A2C6309601
A2C5C916D4
A2C561982B
A2C4FA1A05
A2C4929C62
A2C42B1F44
A2C3C3A2A9
A2C35C2691
A2C2F4AAFD
A2C28D2FED
A2C225B560
A2C1BE3B57
A2C156C1D1
A2C0EF48CF
A2C087D051
A2C0205856
A2BFB8E0DF
A2BF5169EB
A2BEE9F37B
A2BE827D8E
A2BE1B0825
A2BDB3933F
A2BD4C1EDD
A2BCE4AAFE
A2BC7D37A3
A2BC15C4CC
A2BBAE5278
A2BB46E0A7
A2BADF6F5A
A2BA77FE91
A2BA108E4B
A2B9A91E89
A2B941AF4A
A2B8DA408E
A2B872D256
A2B80B64A2
A2B7A3F771
A2B73C8AC3
A2B6D51E99
A2B66DB2F3
A2B60647D0
A2B59EDD30
A2B5377314
A2B4D0097B
A2B468A066
A2B40137D4
A2B399CFC6
A2B332683B
A2B2CB0133
A2B2639AAF
A2B1FC34AE
A2B194CF31
A2B12D6A37
A2B0C605C1
A2B05EA1CE
A2AFF73E5E
A2AF8FDB72
A2AF287909
A2AEC11724
A2AE59B5C2
A2ADF254E3
A2AD8AF488
A2AD2394B0
A2ACBC355C
A2AC54D68B
A2ABED783D
A2AB861A73
A2AB1EBD2C
A2AAB76068
A2AA500428
A2A9E8A86B
A2A9814D32
A2A919F27B
A2A8B29849
A2A84B3E99
A2A7E3E56D
A2A77C8CC4
A2A715349E
A2A6ADDCFC
A2A64685DD
A2A5DF2F42
A2A577D929
A2A5108394
A2A4A92E83
A2A441D9F4
A2A3DA85E9
A2A3733261
A2A30BDF5D
A2A2A48CDC
A2A23D3ADE
A2A1D5E963
A2A16E986C
A2A10747F8
A2A09FF807
A2A038A899
A29FD159AF
A29F6A0B48
A29F02BD64
A29E9B7003
A29E342326
A29DCCD6CC
A29D658AF5
A29CFE3FA1
A29C96F4D1
A29C2FAA83
A29BC860B9
A29B611773
A29AF9CEAF
A29A92866F
A29A2B3EB1
A299C3F777
A2995CB0C1
A298F56A8D
A2988E24DD
A29826DFAF
A297BF9B05
A2975856DF
A296F1133B
A29689D01A
A296228D7D
A295BB4B63
A2955409CC
A294ECC8B8
A294858827
A2941E4819
A293B7088F
A2934FC988
A292E88B04
A292814D02
A2921A0F85
A291B2D28A
A2914B9612
A290E45A1D
A2907D1EAC
A29015E3BE
A28FAEA952
A28F476F6A
A28EE03605
A28E78FD23
A28E11C4C4
A28DAA8CE9
A28D435590
A28CDC1EBA
A28C74E868
A28C0DB298
A28BA67D4C
A28B3F4882
A28AD8143C
A28A70E079
A28A09AD39
A289A27A7C
A2893B4841
A288D4168A
A2886CE556
A28805B4A5
A2879E8477
A2873754CC
A286D025A4
A28668F6FF
A28601C8DE
A2859A9B3F
A285336E23
A284CC418A
A284651574
A283FDE9E1
A28396BED1
A2832F9444
A282C86A3A
A2826140B3
A281FA17AF
A28192EF2E
A2812BC730
A280C49FB5
A2805D78BD
A27FF65248
A27F8F2C55
A27F2806E6
A27EC0E1FA
A27E59BD90
A27DF299AA
A27D8B7646
A27D245366
A27CBD3108
A27C560F2D
A27BEEEDD6
A27B87CD01
A27B20ACAF
A27AB98CDF
A27A526D93
A279EB4ECA
A279843083
A2791D12C0
A278B5F57F
A2784ED8C1
A277E7BC87
A27780A0CF
A277198599
A276B26AE7
A2764B50B8
A275E4370B
A2757D1DE2
A27516053B
A274AEED17
A27447D576
A273E0BE57
A27379A7BC
A2731291A3
A272AB7C0D
A2724466FA
A271DD526A
A271763E5D
A2710F2AD2
A270A817CB
A270410546
A26FD9F343
A26F72E1C4
A26F0BD0C8
A26EA4C04E
A26E3DB057
A26DD6A0E3
A26D6F91F1
A26D088383
A26CA17597
A26C3A682E
A26BD35B48
A26B6C4EE4
A26B054303
A26A9E37A5
A26A372CCA
A269D02272
A26969189C
A269020F49
A2689B0678
A26833FE2B
A267CCF660
A26765EF18
A266FEE852
A26697E210
A26630DC50
A265C9D712
A26562D258
A264FBCE20
A26494CA6B
A2642DC738
A263C6C489
A2635FC25B
A262F8C0B1
A26291BF89
A2622ABEE4
A261C3BEC2
A2615CBF22
A260F5C005
A2608EC16A
A26027C353
A25FC0C5BE
A25F59C8AB
A25EF2CC1B
A25E8BD00E
A25E24D484
A25DBDD97C
A25D56DEF6
A25CEFE4F4
A25C88EB74
A25C21F276
A25BBAF9FB
A25B540203
A25AED0A8E
A25A86139B
A25A1F1D2A
A259B8273C
A2595131D1
A258EA3CE9
A258834882
A2581C549F
A257B5613E
A2574E6E60
A256E77C04
A256808A2B
A2561998D4
A255B2A800
A2554BB7AF
A254E4C7E0
A2547DD893
A25416E9C9
A253AFFB82
A253490DBD
A252E2207B
A2527B33BB
A25214477E
A251AD5BC3
A25146708B
A250DF85D5
A250789BA2
A25011B1F1
A24FAAC8C3
A24F43E017
A24EDCF7EE
A24E761048
A24E0F2923
A24DA84282
A24D415C62
A24CDA76C5
A24C7391AB
A24C0CAD13
A24BA5C8FE
A24B3EE56B
A24AD8025A
A24A711FCC
A24A0A3DC1
A249A35C38
A2493C7B31
A248D59AAD
A2486EBAAB
A24807DB2B
A247A0FC2E
A2473A1DB4
A246D33FBC
A2466C6246
A246058553
A2459EA8E2
A24537CCF3
A244D0F187
A2446A169D
A244033C36
A2439C6251
A2433588EE
A242CEB00E
A24267D7B0
A24200FFD5
A2419A287C
A2413351A5
A240CC7B51
A24065A57F
A23FFED02F
A23F97FB62
A23F312717
A23ECA534E
A23E638008
A23DFCAD44
A23D95DB02
A23D2F0943
A23CC83806
A23C61674B
A23BFA9713
A23B93C75D
A23B2CF829
A23AC62977
A23A5F5B48
A239F88D9B
A23991C071
A2392AF3C9
A238C427A3
A2385D5BFF
A237F690DD
A2378FC63E
A23728FC21
A236C23287
A2365B696E
A235F4A0D8
A2358DD8C4
A235271133
A234C04A24
A234598396
A233F2BD8C
A2338BF803
A2332532FC
A232BE6E78
A23257AA76
A231F0E6F7
A2318A23F9
A23123617E
A230BC9F85
A23055DE0E
A22FEF1D19
A22F885CA7
A22F219CB6
A22EBADD48
A22E541E5C
A22DED5FF2
A22D86A20B
A22D1FE4A5
A22CB927C2
A22C526B61
A22BEBAF82
A22B84F425
A22B1E394B
A22AB77EF2
A22A50C51C
A229EA0BC8
A2298352F6
A2291C9AA6
A228B5E2D8
A2284F2B8D
A227E874C3
A22781BE7C
A2271B08B7
A226B45374
A2264D9EB2
A225E6EA74
A2258036B7
A22519837C
A224B2D0C3
A2244C1E8D
A223E56CD8
A2237EBBA6
A223180AF6
A222B15AC8
A2224AAB1B
A221E3FBF1
A2217D4D49
A221169F23
A220AFF180
A22049445E
A21FE297BE
A21F7BEBA0
A21F154005
A21EAE94EB
A21E47EA53
A21DE1403E
A21D7A96AA
A21D13ED99
A21CAD4509
A21C469CFC
A21BDFF570
A21B794E67
A21B12A7DF
A21AAC01DA
A21A455C56
A219DEB755
A2197812D5
A219116ED8
A218AACB5C
A218442863
A217DD85EB
A21776E3F5
A217104282
A216A9A190
A216430120
A215DC6133
A21575C1C7
A2150F22DD
A214A88475
A21441E68F
A213DB492B
A21374AC49
A2130E0FE9
A212A7740B
A21240D8AE
A211DA3DD4
A21173A37B
A2110D09A5
A210A67050
A2103FD77D
A20FD93F2C
A20F72A75D
A20F0C1010
A20EA57945
A20E3EE2FC
A20DD84D34
A20D71B7EF
A20D0B232B
A20CA48EE9
A20C3DFB29
A20BD767EB
A20B70D52F
A20B0A42F5
A20AA3B13C
A20A3D2005
A209D68F50
A2096FFF1D
A209096F6C
A208A2E03D
A2083C518F
A207D5C364
A2076F35BA
A20708A892
A206A21BEC
A2063B8FC7
A205D50424
A2056E7904
A20507EE65
A204A16447
A2043ADAAC
A203D45192
A2036DC8FA
A2030740E4
A202A0B950
A2023A323D
A201D3ABAD
A2016D259E
A20106A010
A200A01B05
A20039967B
A1FFD31273
A1FF6C8EED
A1FF060BE8
A1FE9F8965
A1FE390764
A1FDD285E5
A1FD6C04E7
A1FD05846C
A1FC9F0471
A1FC3884F9
A1FBD20602
A1FB6B878D
A1FB05099A
A1FA9E8C28
A1FA380F38
A1F9D192CA
A1F96B16DE
A1F9049B73
A1F89E2089
A1F837A622
A1F7D12C3C
A1F76AB2D8
A1F70439F5
A1F69DC195
A1F63749B5
A1F5D0D258
A1F56A5B7C
A1F503E522
A1F49D6F49
A1F436F9F2
A1F3D0851D
A1F36A10C9
A1F3039CF7
A1F29D29A7
A1F236B6D8
A1F1D0448B
A1F169D2BF
A1F1036175
A1F09CF0AD
A1F0368066
A1EFD010A1
A1EF69A15E
A1EF03329C
A1EE9CC45B
A1EE36569C
A1EDCFE95F
A1ED697CA4
A1ED031069
A1EC9CA4B1
A1EC36397A
A1EBCFCEC5
A1EB696491
A1EB02FADF
A1EA9C91AE
A1EA3628FF
A1E9CFC0D1
A1E9695925
A1E902F1FA
A1E89C8B51
A1E836252A
A1E7CFBF84
A1E7695A5F
A1E702F5BD
A1E69C919B
A1E6362DFB
A1E5CFCADD
A1E5696840
A1E5030624
A1E49CA48A
A1E4364372
A1E3CFE2DB
A1E36982C6
A1E3032332
A1E29CC41F
A1E236658E
A1E1D0077E
A1E169A9F0
A1E1034CE4
A1E09CF059
A1E036944F
A1DFD038C6
A1DF69DDC0
A1DF03833A
A1DE9D2936
A1DE36CFB4
A1DDD076B3
A1DD6A1E33
A1DD03C635
A1DC9D6EB8
A1DC3717BC
A1DBD0C142
A1DB6A6B4A
A1DB0415D2
A1DA9DC0DD
A1DA376C68
A1D9D11875
A1D96AC504
A1D9047213
A1D89E1FA4
A1D837CDB7
A1D7D17C4B
A1D76B2B60
A1D704DAF7
A1D69E8B0F
A1D6383BA8
A1D5D1ECC3
A1D56B9E5F
A1D505507C
A1D49F031B
A1D438B63B
A1D3D269DC
A1D36C1DFF
A1D305D2A3
A1D29F87C8
A1D2393D6F
A1D1D2F397
A1D16CAA41
A1D106616B
A1D0A01917
A1D039D144
A1CFD389F3
A1CF6D4323
A1CF06FCD4
A1CEA0B706
A1CE3A71BA
A1CDD42CEF
A1CD6DE8A5
A1CD07A4DD
A1CCA16196
A1CC3B1ED0
A1CBD4DC8B
A1CB6E9AC8
A1CB085986
A1CAA218C5
A1CA3BD885
A1C9D598C7
A1C96F5989
A1C9091ACE
A1C8A2DC93
A1C83C9ED9
A1C7D661A1
A1C77024EA
A1C709E8B4
A1C6A3AD00
A1C63D71CC
A1C5D7371A
A1C570FCE9
A1C50AC339
A1C4A48A0B
A1C43E515D
A1C3D81931
A1C371E186
A1C30BAA5C
A1C2A573B3
A1C23F3D8C
A1C1D907E5
A1C172D2C0
A1C10C9E1C
A1C0A669F9
A1C0403658
A1BFDA0337
A1BF73D098
A1BF0D9E79
A1BEA76CDC
A1BE413BC0
A1BDDB0B25
A1BD74DB0C
A1BD0EAB73
A1BCA87C5B
A1BC424DC5
A1BBDC1FB0
A1BB75F21C
A1BB0FC509
A1BAA99877
A1BA436C66
A1B9DD40D6
A1B97715C7
A1B910EB3A
A1B8AAC12D
A1B84497A2
A1B7DE6E97
A1B778460E
A1B7121E06
A1B6ABF67F
A1B645CF78
A1B5DFA8F3
A1B57982EF
A1B5135D6C
A1B4AD386A
A1B44713EA
A1B3E0EFEA
A1B37ACC6B
A1B314A96D
A1B2AE86F0
A1B24864F5
A1B1E2437A
A1B17C2280
A1B1160208
A1B0AFE210
A1B049C299
A1AFE3A3A4
A1AF7D852F
A1AF17673B
A1AEB149C9
A1AE4B2CD7
A1ADE51066
A1AD7EF476
A1AD18D908
A1ACB2BE1A
A1AC4CA3AD
A1ABE689C1
A1AB807056
A1AB1A576C
A1AAB43F03
A1AA4E271B
A1A9E80FB4
A1A981F8CE
A1A91BE268
A1A8B5CC84
A1A84FB721
A1A7E9A23E
A1A7838DDD
A1A71D79FC
A1A6B7669C
A1A65153BE
A1A5EB4160
A1A5852F83
A1A51F1E27
A1A4B90D4B
A1A452FCF1
A1A3ECED18
A1A386DDBF
A1A320CEE8
A1A2BAC091
A1A254B2BB
A1A1EEA566
A1A1889892
A1A1228C3E
A1A0BC806C
A1A056751A
A19FF06A4A
A19F8A5FFA
A19F24562B
A19EBE4CDC
A19E58440F
A19DF23BC2
A19D8C33F7
A19D262CAC
A19CC025E2
A19C5A1F98
A19BF419D0
A19B8E1488
A19B280FC2
A19AC20B7C
A19A5C07B6
A199F60472
A1999001AE
A19929FF6B
A198C3FDA9
A1985DFC68
A197F7FBA8
A19791FB68
A1972BFBA9
A196C5FC6B
A1965FFDAD
A195F9FF70
A1959401B5
A1952E0479
A194C807BF
A194620B85
A193FC0FCC
A193961494
A1933019DD
A192CA1FA6
A1926425F0
A191FE2CBA
A191983406
A191323BD2
A190CC441F
A190664CEC
A19000563A
A18F9A6009
A18F346A59
A18ECE7529
A18E68807A
A18E028C4C
A18D9C989E
A18D36A571
A18CD0B2C5
A18C6AC099
A18C04CEEE
A18B9EDDC4
A18B38ED1B
A18AD2FCF2
A18A6D0D49
A18A071E22
A189A12F7A
A1893B4154
A188D553AE
A1886F6689
A1880979E5
A187A38DC1
A1873DA21D
A186D7B6FB
A18671CC59
A1860BE237
A185A5F896
A185400F76
A184DA26D7
A184743EB8
A1840E5719
A183A86FFB
A18342895E
A182DCA341
A18276BDA5
A18210D88A
A181AAF3EF
A181450FD4
A180DF2C3A
A180794921
A180136688
A17FAD8470
A17F47A2D8
A17EE1C1C1
A17E7BE12B
A17E160115
A17DB0217F
A17D4A426A
A17CE463D6
A17C7E85C2
A17C18A82E
A17BB2CB1B
A17B4CEE89
A17AE71277
A17A8136E6
A17A1B5BD5
A179B58144
A1794FA734
A178E9CDA5
A17883F496
A1781E1C08
A177B843FA
A177526C6C
A176EC955F
A17686BED2
A17620E8C6
A175BB133B
A175553E2F
A174EF69A5
A17489959A
A17423C210
A173BDEF07
A173581C7E
A172F24A75
A1728C78ED
A17226A7E5
A171C0D75E
A1715B0757
A170F537D1
A1708F68CB
A170299A45
A16FC3CC40
A16F5DFEBB
A16EF831B6
A16E926532
A16E2C992F
A16DC6CDAB
A16D6102A8
A16CFB3826
A16C956E24
A16C2FA4A2
A16BC9DBA0
A16B64131F
A16AFE4B1E
A16A98839E
A16A32BC9E
A169CCF61E
A16967301F
A169016AA0
A1689BA5A1
A16835E123
A167D01D25
A1676A59A7
A1670496AA
A1669ED42D
A166391230
A165D350B3
A1656D8FB7
A16507CF3B
A164A20F40
A1643C4FC5
A163D690CA
A16370D24F
A1630B1455
A162A556DB
A1623F99E1
A161D9DD67
A16174216E
A1610E65F5
A160A8AAFC
A16042F083
A15FDD368B
A15F777D13
A15F11C41B
A15EAC0BA4
A15E4653AD
A15DE09C36
A15D7AE53F
A15D152EC8
A15CAF78D2
A15C49C35C
A15BE40E66
A15B7E59F0
A15B18A5FA
A15AB2F285
A15A4D3F90
A159E78D1B
A15981DB26
A1591C29B2
A158B678BD
A15850C849
A157EB1855
A1578568E1
A1571FB9EE
A156BA0B7A
A156545D87
A155EEB014
A155890321
A1552356AE
A154BDAABB
A15457FF49
A153F25456
A1538CA9E4
A15326FFF2
A152C15680
A1525BAD8E
A151F6051C
A151905D2B
A1512AB5B9
A150C50EC8
A1505F6857
A14FF9C265
A14F941CF4
A14F2E7803
A14EC8D392
A14E632FA2
A14DFD8C31
A14D97E940
A14D3246D0
A14CCCA4DF
A14C67036F
A14C01627E
A14B9BC20E
A14B36221E
A14AD082AE
A14A6AE3BE
A14A05454E
A1499FA75E
A1493A09EE
A148D46CFE
A1486ED08E
A14809349E
A147A3992E
A1473DFE3E
A146D863CF
A14672C9DF
A1460D306F
A145A7977F
A14541FF10
A144DC6720
A14476CFB0
A1441138C0
A143ABA251
A143460C61
A142E076F1
A1427AE201
A142154D91
A141AFB9A1
A1414A2632
A140E49342
A1407F00D2
A140196EE2
A13FB3DD72
A13F4E4C81
A13EE8BC11
A13E832C21
A13E1D9CB1
A13DB80DC0
A13D527F50
A13CECF15F
A13C8763EF
A13C21D6FE
A13BBC4A8E
A13B56BE9D
A13AF1332C
A13A8BA83B
A13A261DCA
A139C093D8
A1395B0A67
A138F58176
A1388FF904
A1382A7113
A137C4E9A1
A1375F62AF
A136F9DC3D
A13694564B
A1362ED0D8
A135C94BE6
A13563C773
A134FE4381
A13498C00E
A134333D1B
A133CDBAA8
A1336838B4
A13302B741
A1329D364D
A13237B5D9
A131D235E5
A1316CB671
A13107377D
A130A1B908
A1303C3B13
A12FD6BD9F
A12F7140A9
A12F0BC434
A12EA6483F
A12E40CCC9
A12DDB51D3
A12D75D75D
A12D105D66
A12CAAE3F0
A12C456AF9
A12BDFF282
A12B7A7A8A
A12B150313
A12AAF8C1B
A12A4A15A3
A129E49FAB
A1297F2A32
A12919B539
A128B440C0
A1284ECCC7
A127E9594D
A12783E653
A1271E73D9
A126B901DF
A126539064
A125EE1F69
A12588AEEE
A125233EF2
A124BDCF76
A12458607A
A123F2F1FE
A1238D8401
A123281684
A122C2A986
A1225D3D09
A121F7D10B
A12192658C
A1212CFA8E
A120C7900F
A12062260F
A11FFCBC8F
A11F97538F
A11F31EB0F
A11ECC830E
A11E671B8D
A11E01B48C
A11D9C4E0A
A11D36E808
A11CD18285
A11C6C1D82
A11C06B8FF
A11BA154FB
A11B3BF177
A11AD68E72
A11A712BEE
A11A0BC9E8
A119A66863
A11941075C
A118DBA6D6
A1187646CF
A11810E748
A117AB8840
A1174629B8
A116E0CBAF
A1167B6E26
A11616111D
A115B0B493
A1154B5889
A114E5FCFE
A11480A1F3
A1141B4767
A113B5ED5B
A1135093CE
A112EB3AC1
A11285E234
A112208A26
A111BB3297
A11155DB88
A110F084F9
A1108B2EE9
A11025D959
A10FC08448
A10F5B2FB6
A10EF5DBA5
A10E908812
A10E2B34FF
A10DC5E26C
A10D609058
A10CFB3EC4
A10C95EDAF
A10C309D19
A10BCB4D03
A10B65FD6D
A10B00AE56
A10A9B5FBE
A10A3611A6
A109D0C40D
A1096B76F4
A109062A5A
A108A0DE40
A1083B92A5
A107D64789
A10770FCED
A1070BB2D1
A106A66934
A106412016
A105DBD777
A105768F59
A1051147B9
A104AC0099
A10446B9F8
A103E173D7
A1037C2E35
A10316E912
A102B1A46F
A1024C604B
A101E71CA7
A10181D982
A1011C96DC
A100B754B6
A10052130F
A0FFECD1E8
A0FF87913F
A0FF225116
A0FEBD116D
A0FE57D243
A0FDF29398
A0FD8D556D
A0FD2817C0
A0FCC2DA94
A0FC5D9DE6
A0FBF861B8
A0FB932609
A0FB2DEADA
A0FAC8B02A
A0FA6375F9
A0F9FE3C47
A0F9990315
A0F933CA62
A0F8CE922E
A0F8695A7A
A0F8042345
A0F79EEC8F
A0F739B658
A0F6D480A1
A0F66F4B69
A0F60A16B0
A0F5A4E277
A0F53FAEBD
A0F4DA7B82
A0F47548C6
A0F410168A
A0F3AAE4CD
A0F345B38F
A0F2E082D0
A0F27B5291
A0F21622D0
A0F1B0F38F
A0F14BC4CE
A0F0E6968B
A0F08168C8
A0F01C3B84
A0EFB70EBF
A0EF51E279
A0EEECB6B3
A0EE878B6B
A0EE2260A3
A0EDBD365A
A0ED580C91
A0ECF2E346
A0EC8DBA7B
A0EC28922F
A0EBC36A62
A0EB5E4314
A0EAF91C45
A0EA93F5F6
A0EA2ED025
A0E9C9AAD4
A0E9648602
A0E8FF61AF
A0E89A3DDC
A0E8351A87
A0E7CFF7B2
A0E76AD55B
A0E705B384
A0E6A0922C
A0E63B7153
A0E5D650F9
A0E571311F
A0E50C11C3
A0E4A6F2E7
A0E441D489
A0E3DCB6AB
A0E377994C
A0E3127C6C
A0E2AD600B
A0E2484429
A0E1E328C6
A0E17E0DE2
A0E118F37E
A0E0B3D998
A0E04EC032
A0DFE9A74A
A0DF848EE2
A0DF1F76F8
A0DEBA5F8E
A0DE5548A3
A0DDF03237
A0DD8B1C4A
A0DD2606DC
A0DCC0F1ED
A0DC5BDD7D
A0DBF6C98C
A0DB91B61A
A0DB2CA327
A0DAC790B3
A0DA627EBE
A0D9FD6D48
A0D9985C51
A0D9334BD9
A0D8CE3BE0
A0D8692C66
A0D8041D6B
A0D79F0EEF
A0D73A00F2
A0D6D4F374
A0D66FE675
A0D60AD9F5
A0D5A5CDF4
A0D540C272
A0D4DBB76F
A0D476ACEB
A0D411A2E6
A0D3AC9960
A0D3479058
A0D2E287D0
A0D27D7FC7
A0D218783C
A0D1B37131
A0D14E6AA4
A0D0E96496
A0D0845F07
A0D01F59F8
A0CFBA5567
A0CF555155
A0CEF04DC2
A0CE8B4AAD
A0CE264818
A0CDC14602
A0CD5C446A
A0CCF74351
A0CC9242B8
A0CC2D429D
A0CBC84301
A0CB6343E4
A0CAFE4546
A0CA994726
A0CA344986
A0C9CF4C64
A0C96A4FC1
A0C905539D
A0C8A057F8
A0C83B5CD2
A0C7D6622B
A0C7716802
A0C70C6E58
A0C6A7752D
A0C6427C81
A0C5DD8454
A0C5788CA6
A0C5139576
A0C4AE9EC5
A0C449A893
A0C3E4B2E0
A0C37FBDAC
A0C31AC8F6
A0C2B5D4BF
A0C250E107
A0C1EBEDCE
A0C186FB14
A0C12208D8
A0C0BD171B
A0C05825DD
A0BFF3351E
A0BF8E44DD
A0BF29551C
A0BEC465D9
A0BE5F7714
A0BDFA88CF
A0BD959B08
A0BD30ADC0
A0BCCBC0F7
A0BC66D4AC
A0BC01E8E0
A0BB9CFD93
A0BB3812C5
A0BAD32875
A0BA6E3EA4
A0BA095552
A0B9A46C7F
A0B93F842A
A0B8DA9C54
A0B875B4FC
A0B810CE24
A0B7ABE7CA
A0B74701EE
A0B6E21C92
A0B67D37B4
A0B6185354
A0B5B36F74
A0B54E8C12
A0B4E9A92F
A0B484C6CA
A0B41FE4E4
A0B3BB037D
A0B3562294
A0B2F1422A
A0B28C623F
A0B22782D2
A0B1C2A3E4
A0B15DC575
A0B0F8E784
A0B0940A12
A0B02F2D1E
A0AFCA50A9
A0AF6574B3
A0AF00993B
A0AE9BBE42
A0AE36E3C8
A0ADD209CC
A0AD6D304F
A0AD085750
A0ACA37ED0
A0AC3EA6CE
A0ABD9CF4B
A0AB74F847
A0AB1021C1
A0AAAB4BBA
A0AA467632
A0A9E1A128
A0A97CCC9C
A0A917F88F
A0A8B32501
A0A84E51F1
A0A7E97F60
A0A784AD4D
A0A71FDBB9
A0A6BB0AA3
A0A6563A0C
A0A5F169F3
A0A58C9A59
A0A527CB3E
A0A4C2FCA1
A0A45E2E82
A0A3F960E2
A0A39493C1
A0A32FC71E
A0A2CAFAF9
A0A2662F53
A0A201642C
A0A19C9983
A0A137CF58
A0A0D305AC
A0A06E3C7E
A0A00973CF
A09FA4AB9F
A09F3FE3ED
A09EDB1CB9
A09E765604
A09E118FCD
A09DACCA15
A09D4804DB
A09CE3401F
A09C7E7BE2
A09C19B824
A09BB4F4E4
A09B503222
A09AEB6FDF
A09A86AE1A
A09A21ECD3
A099BD2C0B
A099586BC2
A098F3ABF7
A0988EECAA
A0982A2DDB
A097C56F8B
A09760B1BA
A096FBF467
A096973792
A096327B3C
A095CDBF63
A09569040A
A09504492F
A0949F8ED2
A0943AD4F3
A093D61B93
A0937162B1
A0930CAA4E
A092A7F268
A092433B02
A091DE8419
A09179CDAF
A0911517C3
A090B06256
A0904BAD67
A08FE6F8F6
A08F824504
A08F1D9190
A08EB8DE9A
A08E542C22
A08DEF7A29
A08D8AC8AE
A08D2617B2
A08CC16733
A08C5CB733
A08BF807B2
A08B9358AE
A08B2EAA29
A08AC9FC22
A08A654E9A
A08A00A18F
A0899BF503
A0893748F5
A088D29D66
A0886DF255
A0880947C2
A087A49DAD
A0873FF416
A086DB4AFE
A08676A264
A08611FA48
A085AD52AB
A08548AB8B
A084E404EA
A0847F5EC7
A0841AB923
A083B613FC
A083516F54
A082ECCB2A
A08288277E
A082238450
A081BEE1A1
A0815A3F70
A080F59DBC
A08090FC88
A0802C5BD1
A07FC7BB98
A07F631BDE
A07EFE7CA2
A07E99DDE4
A07E353FA4
A07DD0A1E2
A07D6C049F
A07D0767D9
A07CA2CB92
A07C3E2FC9
A07BD9947E
A07B74F9B1
A07B105F62
A07AABC592
A07A472C3F
A079E2936B
A0797DFB15
A07919633D
A078B4CBE3
A078503507
A077EB9EA9
A0778708CA
A077227368
A076BDDE85
A076594A1F
A075F4B638
A0759022CF
A0752B8FE4
A074C6FD77
A074626B88
A073FDDA17
A073994924
A07334B8AF
A072D028B8
A0726B9940
A072070A45
A071A27BC9
A0713DEDCA
A070D9604A
A07074D347
A0701046C3
A06FABBABC
A06F472F34
A06EE2A42A
A06E7E199D
A06E198F8F
A06DB505FF
A06D507CEC
A06CEBF458
A06C876C42
A06C22E4AA
A06BBE5D8F
A06B59D6F3
A06AF550D5
A06A90CB34
A06A2C4612
A069C7C16D
A069633D47
A068FEB99F
A0689A3674
A06835B3C8
A067D13199
A0676CAFE8
A067082EB6
A066A3AE01
A0663F2DCA
A065DAAE11
A065762ED7
A06511B01A
A064AD31DA
A06448B419
A063E436D6
A0637FBA11
A0631B3DC9
A062B6C200
A0625246B4
A061EDCBE7
A061895197
A06124D7C5
A060C05E71
A0605BE59B
A05FF76D43
A05F92F569
A05F2E7E0C
A05ECA072E
A05E6590CD
A05E011AEA
A05D9CA585
A05D38309E
A05CD3BC35
A05C6F4849
A05C0AD4DC
A05BA661EC
A05B41EF7A
A05ADD7D86
A05A790C10
A05A149B18
A059B02A9D
A0594BBAA0
A058E74B21
A05882DC20
A0581E6D9D
A057B9FF98
A057559210
A056F12506
A0568CB87A
A056284C6C
A055C3E0DB
A0555F75C9
A054FB0B34
A05496A11D
A054323783
A053CDCE68
A0536965CA
A05304FDAA
A052A09608
A0523C2EE3
A051D7C83C
A051736213
A0510EFC68
A050AA973A
A05046328B
A04FE1CE59
A04F7D6AA4
A04F19076E
A04EB4A4B5
A04E50427A
A04DEBE0BC
A04D877F7D
A04D231EBB
A04CBEBE76
A04C5A5EB0
A04BF5FF67
A04B91A09C
A04B2D424E
A04AC8E47E
A04A64872C
A04A002A58
A0499BCE01
A049377228
A048D316CC
A0486EBBEF
A0480A618F
A047A607AC
A04741AE47
A046DD5560
A04678FCF7
A04614A50B
A045B04D9D
A0454BF6AC
A044E7A039
A044834A44
A0441EF4CD
A043BA9FD3
A043564B56
A042F1F757
A0428DA3D6
A0422950D3
A041C4FE4D
A04160AC44
A040FC5ABA
A0409809AD
A04033B91D
A03FCF690B
A03F6B1977
A03F06CA60
A03EA27BC7
A03E3E2DAB
A03DD9E00D
A03D7592EC
A03D114649
A03CACFA24
A03C48AE7C
A03BE46352
A03B8018A5
A03B1BCE76
A03AB784C4
A03A533B90
A039EEF2DA
A0398AAAA1
A0392662E5
A038C21BA7
A0385DD4E7
A037F98EA4
A0379548DE
A037310397
A036CCBECC
A036687A7F
A0360436B0
A0359FF35E
A0353BB089
A034D76E33
A034732C59
A0340EEAFD
A033AAAA1F
A0334669BE
A032E229DA
A0327DEA74
A03219AB8B
A031B56D20
A031512F32
A030ECF1C2
A03088B4CF
A03024785A
A02FC03C62
A02F5C00E8
A02EF7C5EB
A02E938B6B
A02E2F5169
A02DCB17E4
A02D66DEDD
A02D02A653
A02C9E6E46
A02C3A36B7
A02BD5FFA5
A02B71C911
A02B0D92FA
A02AA95D61
A02A452845
A029E0F3A6
A0297CBF84
A029188BE0
A028B458BA
A028502611
A027EBF3E5
A02787C236
A027239105
A026BF6051
A0265B301B
A025F70062
A02592D126
A0252EA268
A024CA7427
A024664663
A02402191D
A0239DEC54
A02339C008
A022D5943A
A0227168E9
A0220D3E15
A021A913BF
A02144E9E5
A020E0C08A
A0207C97AB
A020186F4A
A01FB44766
A01F501FFF
A01EEBF916
A01E87D2AA
A01E23ACBB
A01DBF874A
A01D5B6255
A01CF73DDE
A01C9319E5
A01C2EF668
A01BCAD369
A01B66B0E7
A01B028EE3
A01A9E6D5B
A01A3A4C51
A019D62BC4
A019720BB4
A0190DEC22
A018A9CD0D
A01845AE75
A017E1905A
A0177D72BC
A01719559C
A016B538F9
A016511CD3
A015ED012A
A01588E5FE
A01524CB50
A014C0B11F
A0145C976B
A013F87E34
A01394657B
A013304D3E
A012CC357F
A012681E3D
A012040778
A0119FF130
A0113BDB66
A010D7C618
A01073B148
A0100F9CF5
A00FAB891F
A00F4775C6
A00EE362EB
A00E7F508C
A00E1B3EAB
A00DB72D46
A00D531C5F
A00CEF0BF5
A00C8AFC08
A00C26EC99
A00BC2DDA6
A00B5ECF30
A00AFAC138
A00A96B3BD
A00A32A6BE
A009CE9A3D
A0096A8E39
A0090682B2
A008A277A8
A0083E6D1B
A007DA630C
A007765979
A007125063
A006AE47CB
A0064A3FAF
A005E63811
A0058230EF
A0051E2A4B
A004BA2424
A004561E79
A003F2194C
A0038E149C
A0032A1069
A002C60CB3
A00262097A
A001FE06BE
A0019A047F
A0013602BD
A000D20178
A0006E00B0
A0000A0065
9FFFA60097
9FFF420146
9FFEDE0272
9FFE7A041B
9FFE160641
9FFDB208E3
9FFD4E0C03
9FFCEA0FA0
9FFC8613BA
9FFC221851
9FFBBE1D65
9FFB5A22F6
9FFAF62903
9FFA922F8E
9FFA2E3696
9FF9CA3E1A
9FF966461C
9FF9024E9A
9FF89E5796
9FF83A610E
9FF7D66B03
9FF7727575
9FF70E8064
9FF6AA8BD0
9FF64697B9
9FF5E2A41F
9FF57EB102
9FF51ABE62
9FF4B6CC3E
9FF452DA98
9FF3EEE96E
9FF38AF8C1
9FF3270891
9FF2C318DE
9FF25F29A8
9FF1FB3AEF
9FF1974CB3
9FF1335EF3
9FF0CF71B0
9FF06B84EB
9FF00798A2
9FEFA3ACD6
9FEF3FC187
9FEEDBD6B4
9FEE77EC5F
9FEE140286
9FEDB0192A
9FED4C304B
9FECE847E9
9FEC846004
9FEC20789B
9FEBBC91AF
9FEB58AB40
9FEAF4C54E
9FEA90DFD9
9FEA2CFAE0
9FE9C91665
9FE9653266
9FE9014EE4
9FE89D6BDE
9FE8398956
9FE7D5A74A
9FE771C5BB
9FE70DE4A9
9FE6AA0414
9FE64623FB
9FE5E2445F
9FE57E6540
9FE51A869E
9FE4B6A878
9FE452CACF
9FE3EEEDA3
9FE38B10F4
9FE32734C1
9FE2C3590B
9FE25F7DD2
9FE1FBA316
9FE197C8D6
9FE133EF13
9FE0D015CD
9FE06C3D03
9FE00864B6
9FDFA48CE6
9FDF40B593
9FDEDCDEBC
9FDE790862
9FDE153285
9FDDB15D24
9FDD4D8840
9FDCE9B3D9
9FDC85DFEE
9FDC220C80
9FDBBE398F
9FDB5A671A
9FDAF69522
9FDA92C3A7
9FDA2EF2A9
9FD9CB2227
9FD9675221
9FD9038299
9FD89FB38D
9FD83BE4FD
9FD7D816EB
9FD7744955
9FD7107C3B
9FD6ACAF9E
9FD648E37E
9FD5E517DA
9FD5814CB3
9FD51D8209
9FD4B9B7DB
9FD455EE2A
9FD3F224F6
9FD38E5C3E
9FD32A9402
9FD2C6CC43
9FD2630501
9FD1FF3E3C
9FD19B77F3
9FD137B226
9FD0D3ECD6
9FD0702803
9FD00C63AC
9FCFA89FD2
9FCF44DC74
9FCEE11993
9FCE7D572F
9FCE199547
9FCDB5D3DB
9FCD5212EC
9FCCEE527A
9FCC8A9284
9FCC26D30B
9FCBC3140E
9FCB5F558E
9FCAFB978A
9FCA97DA03
9FCA341CF8
9FC9D0606A
9FC96CA458
9FC908E8C3
9FC8A52DAB
9FC841730E
9FC7DDB8EF
9FC779FF4B
9FC7164625
9FC6B28D7A
9FC64ED54D
9FC5EB1D9B
9FC5876667
9FC523AFAE
9FC4BFF972
9FC45C43B3
9FC3F88E70
9FC394D9A9
9FC331255F
9FC2CD7192
9FC269BE40
9FC2060B6C
9FC1A25913
9FC13EA737
9FC0DAF5D8
9FC07744F5
9FC013948E
9FBFAFE4A4
9FBF4C3536
9FBEE88645
9FBE84D7D0
9FBE2129D7
9FBDBD7C5B
9FBD59CF5B
9FBCF622D8
9FBC9276D1
9FBC2ECB46
9FBBCB2038
9FBB6775A6
9FBB03CB90
9FBAA021F7
9FBA3C78DA
9FB9D8D03A
9FB9752816
9FB911806E
9FB8ADD943
9FB84A3294
9FB7E68C61
9FB782E6AB
9FB71F4171
9FB6BB9CB3
9FB657F872
9FB5F454AD
9FB590B164
9FB52D0E98
9FB4C96C48
9FB465CA74
9FB402291D
9FB39E8842
9FB33AE7E3
9FB2D74800
9FB273A89A
9FB21009B0
9FB1AC6B42
9FB148CD51
9FB0E52FDC
9FB08192E3
9FB01DF667
9FAFBA5A66
9FAF56BEE3
9FAEF323DB
9FAE8F894F
9FAE2BEF40
9FADC855AD
9FAD64BC96
9FAD0123FC
9FAC9D8BDE
9FAC39F43C
9FABD65D16
9FAB72C66D
9FAB0F303F
9FAAAB9A8E
9FAA480559
9FA9E470A1
9FA980DC64
9FA91D48A4
9FA8B9B560
9FA8562298
9FA7F2904D
9FA78EFE7D
9FA72B6D2A
9FA6C7DC53
9FA6644BF8
9FA600BC1A
9FA59D2CB7
9FA5399DD1
9FA4D60F67
9FA4728179
9FA40EF407
9FA3AB6711
9FA347DA98
9FA2E44E9B
9FA280C31A
9FA21D3814
9FA1B9AD8C
9FA156237F
9FA0F299EE
9FA08F10DA
9FA02B8841
9F9FC80025
9F9F647885
9F9F00F161
9F9E9D6AB9
9F9E39E48D
9F9DD65EDE
9F9D72D9AA
9F9D0F54F3
9F9CABD0B7
9F9C484CF8
9F9BE4C9B5
9F9B8146EE
9F9B1DC4A3
9F9ABA42D4
9F9A56C181
9F99F340AA
9F998FC050
9F992C4071
9F98C8C10E
9F98654228
9F9801C3BD
9F979E45CF
9F973AC85D
9F96D74B66
9F9673CEEC
9F961052EE
9F95ACD76B
9F95495C65
9F94E5E1DB
9F948267CD
9F941EEE3B
9F93BB7525
9F9357FC8B
9F92F4846C
9F92910CCA
9F922D95A4
9F91CA1EFA
9F9166A8CC
9F9103331A
9F909FBDE4
9F903C492A
9F8FD8D4EC
9F8F756129
9F8F11EDE3
9F8EAE7B19
9F8E4B08CB
9F8DE796F8
9F8D8425A2
9F8D20B4C8
9F8CBD4469
9F8C59D487
9F8BF66520
9F8B92F635
9F8B2F87C7
9F8ACC19D4
9F8A68AC5D
9F8A053F62
9F89A1D2E3
9F893E66E0
9F88DAFB59
9F8877904E
9F881425BF
9F87B0BBAB
9F874D5214
9F86E9E8F8
9F86868058
9F86231835
9F85BFB08D
9F855C4961
9F84F8E2B0
9F84957C7C
9F843216C4
9F83CEB187
9F836B4CC6
9F8307E882
9F82A484B9
9F8241216C
9F81DDBE9A
9F817A5C45
9F8116FA6B
9F80B3990E
9F8050382C
9F7FECD7C6
9F7F8977DB
9F7F26186D
9F7EC2B97B
9F7E5F5B04
9F7DFBFD09
9F7D989F8A
9F7D354286
9F7CD1E5FF
9F7C6E89F3
9F7C0B2E63
9F7BA7D34F
9F7B4478B7
9F7AE11E9A
9F7A7DC4FA
9F7A1A6BD5
9F79B7132C
9F7953BAFE
9F78F0634D
9F788D0C17
9F7829B55D
9F77C65F1E
9F7763095C
9F76FFB415
9F769C5F4A
9F76390AFA
9F75D5B727
9F757263CF
9F750F10F3
9F74ABBE93
9F74486CAE
9F73E51B45
9F7381CA58
9F731E79E6
9F72BB29F1
9F7257DA77
9F71F48B78
9F71913CF6
9F712DEEEF
9F70CAA163
9F70675454
9F700407C0
9F6FA0BBA8
9F6F3D700B
9F6EDA24EA
9F6E76DA45
9F6E13901C
9F6DB0466E
9F6D4CFD3C
9F6CE9B485
9F6C866C4B
9F6C23248B
9F6BBFDD48
9F6B5C9680
9F6AF95034
9F6A960A63
9F6A32C50E
9F69CF8035
9F696C3BD7
9F6908F7F5
9F68A5B48F
9F684271A4
9F67DF2F35
9F677BED41
9F6718ABC9
9F66B56ACD
9F66522A4C
9F65EEEA47
9F658BAABD
9F65286BB0
9F64C52D1D
9F6461EF06
9F63FEB16B
9F639B744B
9F633837A7
9F62D4FB7F
9F6271BFD2
9F620E84A1
9F61AB49EB
9F61480FB0
9F60E4D5F2
9F60819CAF
9F601E63E7
9F5FBB2B9B
9F5F57F3CA
9F5EF4BC75
9F5E91859C
9F5E2E4F3E
9F5DCB195C
9F5D67E3F5
9F5D04AF09
9F5CA17A99
9F5C3E46A5
9F5BDB132C
9F5B77E02F
9F5B14ADAD
9F5AB17BA7
9F5A4E4A1C
9F59EB190D
9F5987E879
9F5924B860
9F58C188C3
9F585E59A2
9F57FB2AFC
9F5797FCD1
9F5734CF22
9F56D1A1EF
9F566E7537
9F560B48FA
9F55A81D39
9F5544F1F3
9F54E1C729
9F547E9CDA
9F541B7306
9F53B849AE
9F535520D2
9F52F1F871
9F528ED08B
9F522BA921
9F51C88232
9F51655BBE
9F510235C6
9F509F1049
9F503BEB48
9F4FD8C6C2
9F4F75A2B8
9F4F127F29
9F4EAF5C15
9F4E4C397D
9F4DE91760
9F4D85F5BE
9F4D22D498
9F4CBFB3ED
9F4C5C93BE
9F4BF9740A
9F4B9654D1
9F4B333613
9F4AD017D1
9F4A6CFA0B
9F4A09DCBF
9F49A6BFEF
9F4943A39B
9F48E087C1
9F487D6C63
9F481A5181
9F47B73719
9F47541D2D
9F46F103BD
9F468DEAC7
9F462AD24D
9F45C7BA4F
9F4564A2CB
9F45018BC3
9F449E7536
9F443B5F24
9F43D8498E
9F43753473
9F43121FD3
9F42AF0BAF
9F424BF806
9F41E8E4D8
9F4185D225
9F4122BFEE
9F40BFAE32
9F405C9CF1
9F3FF98C2B
9F3F967BE1
9F3F336C12
9F3ED05CBE
9F3E6D4DE5
9F3E0A3F88
9F3DA731A6
9F3D44243F
9F3CE11753
9F3C7E0AE3
9F3C1AFEEE
9F3BB7F373
9F3B54E875
9F3AF1DDF1
9F3A8ED3E9
9F3A2BCA5B
9F39C8C149
9F3965B8B3
9F3902B097
9F389FA8F7
9F383CA1D1
9F37D99B27
9F377694F8
9F37138F45
9F36B08A0C
9F364D854F
9F35EA810C
9F35877D45
9F352479F9
9F34C17729
9F345E74D3
9F33FB72F8
9F33987199
9F333570B5
9F32D2704C
9F326F705E
9F320C70EB
9F31A971F3
9F31467377
9F30E37575
9F308077EF
9F301D7AE4
9F2FBA7E54
9F2F57823F
9F2EF486A5
9F2E918B86
9F2E2E90E2
9F2DCB96BA
9F2D689D0C
9F2D05A3DA
9F2CA2AB22
9F2C3FB2E6
9F2BDCBB25
9F2B79C3DF
9F2B16CD14
9F2AB3D6C3
9F2A50E0EF
9F29EDEB95
9F298AF6B6
9F29280252
9F28C50E69
9F28621AFB
9F27FF2809
9F279C3591
9F27394394
9F26D65213
9F2673610C
9F26107080
9F25AD8070
9F254A90DA
9F24E7A1C0
9F2484B320
9F2421C4FC
9F23BED752
9F235BEA24
9F22F8FD70
9F22961137
9F2233257A
9F21D03A37
9F216D4F70
9F210A6523
9F20A77B51
9F204491FA
9F1FE1A91F
9F1F7EC0BE
9F1F1BD8D8
9F1EB8F16D
9F1E560A7D
9F1DF32408
9F1D903E0E
9F1D2D588F
9F1CCA738B
9F1C678F02
9F1C04AAF3
9F1BA1C760
9F1B3EE447
9F1ADC01AA
9F1A791F87
9F1A163DDF
9F19B35CB3
9F19507C01
9F18ED9BCA
9F188ABC0D
9F1827DCCC
9F17C4FE06
9F17621FBA
9F16FF41EA
9F169C6494
9F163987B9
9F15D6AB59
9F1573CF74
9F1510F40A
9F14AE191B
9F144B3EA6
9F13E864AD
9F13858B2E
9F1322B22A
9F12BFD9A1
9F125D0192
9F11FA29FF
9F119752E6
9F11347C49
9F10D1A626
9F106ED07E
9F100BFB50
9F0FA9269E
9F0F465266
9F0EE37EA9
9F0E80AB67
9F0E1DD8A0
9F0DBB0653
9F0D583482
9F0CF5632B
9F0C92924F
9F0C2FC1EE
9F0BCCF207
9F0B6A229B
9F0B0753AA
9F0AA48534
9F0A41B739
9F09DEE9B8
9F097C1CB2
9F09195027
9F08B68417
9F0853B881
9F07F0ED66
9F078E22C6
9F072B58A1
9F06C88EF6
9F0665C5C6
9F0602FD11
9F05A034D6
9F053D6D16
9F04DAA5D1
9F0477DF07
9F041518B7
9F03B252E2
9F034F8D88
9F02ECC8A9
9F028A0444
9F0227405A
9F01C47CEA
9F0161B9F6
9F00FEF77C
9F009C357C
9F003973F8
9EFFD6B2ED
9EFF73F25E
9EFF113249
9EFEAE72AF
9EFE4BB390
9EFDE8F4EB
9EFD8636C1
9EFD237912
9EFCC0BBDD
9EFC5DFF23
9EFBFB42E3
9EFB98871F
9EFB35CBD4
9EFAD31105
9EFA7056B0
9EFA0D9CD5
9EF9AAE376
9EF9482A91
9EF8E57226
9EF882BA36
9EF82002C1
9EF7BD4BC6
9EF75A9546
9EF6F7DF40
9EF69529B6
9EF63274A5
9EF5CFC00F
9EF56D0BF4
9EF50A5854
9EF4A7A52E
9EF444F282
9EF3E24051
9EF37F8E9B
9EF31CDD5F
9EF2BA2C9E
9EF2577C57
9EF1F4CC8B
9EF1921D39
9EF12F6E62
9EF0CCC006
9EF06A1224
9EF00764BD
9EEFA4B7D0
9EEF420B5D
9EEEDF5F65
9EEE7CB3E8
9EEE1A08E5
9EEDB75E5D
9EED54B44F
9EECF20ABC
9EEC8F61A3
9EEC2CB904
9EEBCA10E1
9EEB676937
9EEB04C208
9EEAA21B54
9EEA3F751A
9EE9DCCF5B
9EE97A2A16
9EE917854B
9EE8B4E0FB
9EE8523D26
9EE7EF99CA
9EE78CF6EA
9EE72A5484
9EE6C7B298
9EE6651126
9EE6027030
9EE59FCFB3
9EE53D2FB1
9EE4DA902A
9EE477F11C
9EE415528A
9EE3B2B471
9EE35016D3
9EE2ED79B0
9EE28ADD07
9EE22840D8
9EE1C5A524
9EE16309EA
9EE1006F2A
9EE09DD4E5
9EE03B3B1B
9EDFD8A1CA
9EDF7608F4
9EDF137099
9EDEB0D8B8
9EDE4E4151
9EDDEBAA64
9EDD8913F2
9EDD267DFB
9EDCC3E87D
9EDC61537A
9EDBFEBEF1
9EDB9C2AE3
9EDB39974F
9EDAD70435
9EDA747196
9EDA11DF71
9ED9AF4DC6
9ED94CBC96
9ED8EA2BE0
9ED8879BA4
9ED8250BE3
9ED7C27C9C
9ED75FEDCF
9ED6FD5F7D
9ED69AD1A5
9ED6384447
9ED5D5B763
9ED5732AFA
9ED5109F0B
9ED4AE1396
9ED44B889C
9ED3E8FE1C
9ED3867416
9ED323EA8A
9ED2C16179
9ED25ED8E2
9ED1FC50C5
9ED199C922
9ED13741FA
9ED0D4BB4C
9ED0723518
9ED00FAF5F
9ECFAD2A1F
9ECF4AA55A
9ECEE8210F
9ECE859D3F
9ECE2319E8
9ECDC0970C
9ECD5E14AA
9ECCFB92C2
9ECC991155
9ECC369061
9ECBD40FE8
9ECB718FE9
9ECB0F1064
9ECAAC915A
9ECA4A12C9
9EC9E794B3
9EC9851717
9EC92299F5
9EC8C01D4E
9EC85DA120
9EC7FB256D
9EC798AA34
9EC7362F75
9EC6D3B530
9EC6713B65
9EC60EC215
9EC5AC493E
9EC549D0E2
9EC4E75900
9EC484E198
9EC4226AAA
9EC3BFF437
9EC35D7E3D
9EC2FB08BE
9EC29893B8
9EC2361F2D
9EC1D3AB1C
9EC1713785
9EC10EC468
9EC0AC51C5
9EC049DF9D
9EBFE76DEE
9EBF84FCBA
9EBF228BFF
9EBEC01BBF
9EBE5DABF9
9EBDFB3CAD
9EBD98CDDB
9EBD365F83
9EBCD3F1A5
9EBC718441
9EBC0F1757
9EBBACAAE7
9EBB4A3EF2
9EBAE7D376
9EBA856874
9EBA22FDED
9EB9C093DF
9EB95E2A4C
9EB8FBC132
9EB8995893
9EB836F06E
9EB7D488C2
9EB7722191
9EB70FBADA
9EB6AD549C
9EB64AEED9
9EB5E88990
9EB58624C0
9EB523C06B
9EB4C15C90
9EB45EF92E
9EB3FC9647
9EB39A33DA
9EB337D1E6
9EB2D5706D
9EB2730F6E
9EB210AEE8
9EB1AE4EDD
9EB14BEF4B
9EB0E99034
9EB0873196
9EB024D372
9EAFC275C9
9EAF601899
9EAEFDBBE3
9EAE9B5FA7
9EAE3903E5
9EADD6A89D
9EAD744DCF
9EAD11F37B
9EACAF99A1
9EAC4D4041
9EABEAE75A
9EAB888EEE
9EAB2636FB
9EAAC3DF83
9EAA618884
9EA9FF31FF
9EA99CDBF4
9EA93A8663
9EA8D8314C
9EA875DCAF
9EA813888B
9EA7B134E2
9EA74EE1B2
9EA6EC8EFC
9EA68A3CC0
9EA627EAFE
9EA5C599B6
9EA56348E8
9EA500F893
9EA49EA8B9
9EA43C5958
9EA3DA0A71
9EA377BC04
9EA3156E11
9EA2B32097
9EA250D398
9EA1EE8712
9EA18C3B06
9EA129EF74
9EA0C7A45C
9EA06559BD
9EA0030F98
9E9FA0C5ED
9E9F3E7CBC
9E9EDC3405
9E9E79EBC8
9E9E17A404
9E9DB55CBA
9E9D5315EA
9E9CF0CF93
9E9C8E89B7
9E9C2C4454
9E9BC9FF6B
9E9B67BAFC
9E9B057706
9E9AA3338B
9E9A40F089
9E99DEAE00
9E997C6BF2
9E991A2A5D
9E98B7E942
9E9855A8A1
9E97F36879
9E979128CC
9E972EE998
9E96CCAADD
9E966A6C9D
9E96082ED6
9E95A5F189
9E9543B4B5
9E94E1785B
9E947F3C7B
9E941D0115
9E93BAC628
9E93588BB5
9E92F651BC
9E9294183D
9E9231DF37
9E91CFA6AA
9E916D6E98
9E910B36FF
9E90A8FFE0
9E9046C93A
9E8FE4930E
9E8F825D5C
9E8F202824
9E8EBDF365
9E8E5BBF20
9E8DF98B54
9E8D975802
9E8D35252A
9E8CD2F2CB
9E8C70C0E6
9E8C0E8F7B
9E8BAC5E89
9E8B4A2E11
9E8AE7FE12
9E8A85CE8D
9E8A239F82
9E89C170F0
9E895F42D8
9E88FD153A
9E889AE815
9E8838BB69
9E87D68F38
9E8774637F
9E87123841
9E86B00D7C
9E864DE331
9E85EBB95F
9E85899007
9E85276728
9E84C53EC3
9E846316D7
9E8400EF65
9E839EC86D
9E833CA1EE
9E82DA7BE9
9E8278565D
9E8216314A
9E81B40CB2
9E8151E893
9E80EFC4ED
9E808DA1C1
9E802B7F0E
9E7FC95CD5
9E7F673B15
9E7F0519CF
9E7EA2F903
9E7E40D8B0
9E7DDEB8D6
9E7D7C9976
9E7D1A7A8F
9E7CB85C22
9E7C563E2F
9E7BF420B5
9E7B9203B4
9E7B2FE72D
9E7ACDCB1F
9E7A6BAF8B
9E7A099470
9E79A779CF
9E79455FA7
9E78E345F9
9E78812CC4
9E781F1409
9E77BCFBC7
9E775AE3FE
9E76F8CCAF
9E7696B5D9
9E76349F7D
9E75D2899A
9E75707431
9E750E5F41
9E74AC4ACA
9E744A36CD
9E73E82349
9E7386103F
9E7323FDAE
9E72C1EB97
9E725FD9F8
9E71FDC8D4
9E719BB828
9E7139A7F6
9E70D7983E
9E707588FF
9E70137A39
9E6FB16BED
9E6F4F5E19
9E6EED50C0
9E6E8B43DF
9E6E293779
9E6DC72B8B
9E6D652017
9E6D03151C
9E6CA10A9A
9E6C3F0092
9E6BDCF703
9E6B7AEDEE
9E6B18E551
9E6AB6DD2F
9E6A54D585
9E69F2CE55
9E6990C79E
9E692EC160
9E68CCBB9C
9E686AB651
9E6808B17F
9E67A6AD27
9E6744A948
9E66E2A5E2
9E6680A2F6
9E661EA083
9E65BC9E89
9E655A9D08
9E64F89C01
9E64969B73
9E64349B5E
9E63D29BC2
9E63709CA0
9E630E9DF7
9E62AC9FC7
9E624AA211
9E61E8A4D4
9E6186A810
9E6124ABC5
9E60C2AFF3
9E6060B49B
9E5FFEB9BC
9E5F9CBF56
9E5F3AC56A
9E5ED8CBF6
9E5E76D2FC
9E5E14DA7B
9E5DB2E273
9E5D50EAE5
9E5CEEF3D0
9E5C8CFD34
9E5C2B0711
9E5BC91167
9E5B671C36
9E5B05277F
9E5AA33341
9E5A413F7C
9E59DF4C30
9E597D595E
9E591B6704
9E58B97524
9E585783BD
9E57F592CF
9E5793A25A
9E5731B25F
9E56CFC2DC
9E566DD3D3
9E560BE543
9E55A9F72C
9E5548098E
9E54E61C69
9E54842FBD
9E5422438B
9E53C057D1
9E535E6C91
9E52FC81CA
9E529A977C
9E5238ADA7
9E51D6C44B
9E5174DB69
9E5112F2FF
9E50B10B0E
9E504F2397
9E4FED3C99
9E4F8B5613
9E4F297007
9E4EC78A74
9E4E65A55A
9E4E03C0B9
9E4DA1DC91
9E4D3FF8E2
9E4CDE15AD
9E4C7C32F0
9E4C1A50AC
9E4BB86EE2
9E4B568D90
9E4AF4ACB8
9E4A92CC58
9E4A30EC72
9E49CF0D05
9E496D2E10
9E490B4F95
9E48A97193
9E48479409
9E47E5B6F9
9E4783DA62
9E4721FE44
9E46C0229E
9E465E4772
9E45FC6CBF
9E459A9285
9E4538B8C4
9E44D6DF7B
9E447506AC
9E44132E56
9E43B15678
9E434F7F14
9E42EDA829
9E428BD1B6
9E4229FBBD
9E41C8263D
9E41665135
9E41047CA7
9E40A2A891
9E4040D4F4
9E3FDF01D1
9E3F7D2F26
9E3F1B5CF4
9E3EB98B3B
9E3E57B9FB
9E3DF5E934
9E3D9418E6
9E3D324911
9E3CD079B5
9E3C6EAAD2
9E3C0CDC67
9E3BAB0E76
9E3B4940FD
9E3AE773FD
9E3A85A777
9E3A23DB69
9E39C20FD4
9E396044B7
9E38FE7A14
9E389CAFEA
9E383AE638
9E37D91D00
9E37775440
9E37158BF9
9E36B3C42B
9E3651FCD6
9E35F035FA
9E358E6F96
9E352CA9AC
9E34CAE43A
9E34691F41
9E34075AC1
9E33A596BA
9E3343D32B
9E32E21016
9E32804D79
9E321E8B55
9E31BCC9AA
9E315B0878
9E30F947BE
9E3097877D
9E3035C7B6
9E2FD40866
9E2F724990
9E2F108B33
9E2EAECD4E
9E2E4D0FE2
9E2DEB52EF
9E2D899675
9E2D27DA73
9E2CC61EEA
9E2C6463DA
9E2C02A943
9E2BA0EF25
9E2B3F357F
9E2ADD7C52
9E2A7BC39E
9E2A1A0B62
9E29B853A0
9E29569C56
9E28F4E585
9E28932F2C
9E2831794C
9E27CFC3E5
9E276E0EF7
9E270C5A81
9E26AAA685
9E2648F300
9E25E73FF5
9E25858D62
9E2523DB48
9E24C229A7
9E2460787E
9E23FEC7CF
9E239D1797
9E233B67D9
9E22D9B893
9E227809C6
9E22165B71
9E21B4AD96
9E21530032
9E20F15348
9E208FA6D6
9E202DFADD
9E1FCC4F5D
9E1F6AA455
9E1F08F9C6
9E1EA74FAF
9E1E45A611
9E1DE3FCEC
9E1D82543F
9E1D20AC0B
9E1CBF0450
9E1C5D5D0D
9E1BFBB643
9E1B9A0FF2
9E1B386A19
9E1AD6C4B9
9E1A751FD1
9E1A137B62
9E19B1D76C
9E195033EE
9E18EE90E9
9E188CEE5C
9E182B4C48
9E17C9AAAD
9E1768098A
9E170668E0
9E16A4C8AE
9E164328F5
9E15E189B4
9E157FEAEC
9E151E4C9D
9E14BCAEC6
9E145B1168
9E13F97482
9E1397D815
9E13363C20
9E12D4A0A4
9E127305A0
9E12116B15
9E11AFD103
9E114E3769
9E10EC9E47
9E108B059E
9E10296D6E
9E0FC7D5B6
9E0F663E77
9E0F04A7B0
9E0EA31161
9E0E417B8C
9E0DDFE62E
9E0D7E5149
9E0D1CBCDD
9E0CBB28E9
9E0C59956E
9E0BF8026B
9E0B966FE0
9E0B34DDCE
9E0AD34C35
9E0A71BB14
9E0A102A6B
9E09AE9A3B
9E094D0A83
9E08EB7B44
9E0889EC7D
9E08285E2F
9E07C6D059
9E076542FC
9E0703B617
9E06A229AA
9E06409DB6
9E05DF123A
9E057D8737
9E051BFCAC
9E04BA729A
9E0458E900
9E03F75FDE
9E0395D735
9E03344F04
9E02D2C74C
9E0271400C
9E020FB944
9E01AE32F5
9E014CAD1E
9E00EB27BF
9E0089A2D9
9E00281E6C
9DFFC69A76
9DFF6516F9
9DFF0393F5
9DFEA21169
9DFE408F55
9DFDDF0DB9
9DFD7D8C96
9DFD1C0BEB
9DFCBA8BB9
9DFC590BFF
9DFBF78CBD
9DFB960DF3
9DFB348FA2
9DFAD311C9
9DFA719469
9DFA101781
9DF9AE9B11
9DF94D1F19
9DF8EBA39A
9DF88A2893
9DF828AE05
9DF7C733EE
9DF765BA50
9DF704412B
9DF6A2C87D
9DF6415048
9DF5DFD88B
9DF57E6147
9DF51CEA7A
9DF4BB7426
9DF459FE4B
9DF3F888E7
9DF39713FC
9DF3359F89
9DF2D42B8E
9DF272B80C
9DF2114502
9DF1AFD270
9DF14E6056
9DF0ECEEB4
9DF08B7D8B
9DF02A0CDA
9DEFC89CA1
9DEF672CE1
9DEF05BD98
9DEEA44EC8
9DEE42E071
9DEDE17291
9DED800529
9DED1E983A
9DECBD2BC3
9DEC5BBFC4
9DEBFA543E
9DEB98E92F
9DEB377E99
9DEAD6147B
9DEA74AAD5
9DEA1341A7
9DE9B1D8F1
9DE95070B4
9DE8EF08EF
9DE88DA1A2
9DE82C3ACD
9DE7CAD470
9DE7696E8C
9DE708091F
9DE6A6A42B
9DE6453FAF
9DE5E3DBAB
9DE582781F
9DE521150B
9DE4BFB270
9DE45E504C
9DE3FCEEA1
9DE39B8D6E
9DE33A2CB2
9DE2D8CC6F
9DE2776CA5
9DE2160D52
9DE1B4AE77
9DE1535015
9DE0F1F22A
9DE09094B8
9DE02F37BD
9DDFCDDB3B
9DDF6C7F31
9DDF0B239F
9DDEA9C885
9DDE486DE3
9DDDE713B9
9DDD85BA08
9DDD2460CE
9DDCC3080C
9DDC61AFC3
9DDC0057F1
9DDB9F0098
9DDB3DA9B6
9DDADC534D
9DDA7AFD5C
9DDA19A7E2
9DD9B852E1
9DD956FE58
9DD8F5AA47
9DD89456AE
9DD833038C
9DD7D1B0E3
9DD7705EB2
9DD70F0CF9
9DD6ADBBB8
9DD64C6AEF
9DD5EB1A9E
9DD589CAC5
9DD5287B63
9DD4C72C7A
9DD465DE09
9DD4049010
9DD3A3428F
9DD341F585
9DD2E0A8F4
9DD27F5CDB
9DD21E113A
9DD1BCC610
9DD15B7B5F
9DD0FA3125
9DD098E764
9DD0379E1A
9DCFD65549
9DCF750CEF
9DCF13C50D
9DCEB27DA4
9DCE5136B2
9DCDEFF038
9DCD8EAA36
9DCD2D64AC
9DCCCC1F9A
9DCC6ADAFF
9DCC0996DD
9DCBA85333
9DCB471000
9DCAE5CD45
9DCA848B03
9DCA234938
9DC9C207E5
9DC960C70A
9DC8FF86A7
9DC89E46BB
9DC83D0748
9DC7DBC84C
9DC77A89C9
9DC7194BBD
9DC6B80E29
9DC656D10D
9DC5F59469
9DC594583C
9DC5331C88
9DC4D1E14B
9DC470A686
9DC40F6C39
9DC3AE3264
9DC34CF907
9DC2EBC021
9DC28A87B4
9DC2294FBE
9DC1C81840
9DC166E13A
9DC105AAAB
9DC0A47495
9DC0433EF6
9DBFE209CF
9DBF80D520
9DBF1FA0E8
9DBEBE6D29
9DBE5D39E1
9DBDFC0711
9DBD9AD4B9
9DBD39A2D8
9DBCD87170
9DBC77407F
9DBC161006
9DBBB4E004
9DBB53B07B
9DBAF28169
9DBA9152CF
9DBA3024AC
9DB9CEF702
9DB96DC9CF
9DB90C9D14
9DB8AB70D0
9DB84A4505
9DB7E919B1
9DB787EED5
9DB726C470
9DB6C59A84
9DB664710F
9DB6034811
9DB5A21F8C
9DB540F77E
9DB4DFCFE8
9DB47EA8C9
9DB41D8222
9DB3BC5BF3
9DB35B363C
9DB2FA10FC
9DB298EC34
9DB237C7E4
9DB1D6A40B
9DB17580AA
9DB1145DC1
9DB0B33B4F
9DB0521955
9DAFF0F7D3
9DAF8FD6C8
9DAF2EB635
9DAECD961A
9DAE6C7676
9DAE0B574A
9DADAA3896
9DAD491A59
9DACE7FC94
9DAC86DF46
9DAC25C271
9DABC4A612
9DAB638A2C
9DAB026EBD
9DAAA153C5
9DAA403945
9DA9DF1F3D
9DA97E05AD
9DA91CEC94
9DA8BBD3F2
9DA85ABBC8
9DA7F9A416
9DA7988CDC
9DA7377619
9DA6D65FCD
9DA67549F9
9DA614349D
9DA5B31FB8
9DA5520B4B
9DA4F0F755
9DA48FE3D7
9DA42ED0D1
9DA3CDBE42
9DA36CAC2A
9DA30B9A8B
9DA2AA8962
9DA24978B2
9DA1E86878
9DA18758B7
9DA126496C
9DA0C53A9A
9DA0642C3F
9DA0031E5B
9D9FA210EF
9D9F4103FA
9D9EDFF77D
9D9E7EEB78
9D9E1DDFEA
9D9DBCD4D3
9D9D5BCA34
9D9CFAC00D
9D9C99B65D
9D9C38AD24
9D9BD7A463
9D9B769C19
9D9B159447
9D9AB48CEC
9D9A538609
9D99F27F9D
9D999179A9
9D9930742C
9D98CF6F27
9D986E6A99
9D980D6683
9D97AC62E4
9D974B5FBC
9D96EA5D0C
9D96895AD3
9D96285912
9D95C757C8
9D956656F6
9D9505569A
9D94A456B7
9D9443574B
9D93E25856
9D938159D9
9D93205BD3
9D92BF5E44
9D925E612D
9D91FD648D
9D919C6865
9D913B6CB4
9D90DA717A
9D907976B8
9D90187C6D
9D8FB7829A
9D8F56893E
9D8EF59059
9D8E9497EC
9D8E339FF6
9D8DD2A877
9D8D71B170
9D8D10BAE0
9D8CAFC4C7
9D8C4ECF26
9D8BEDD9FC
9D8B8CE54A
9D8B2BF10E
9D8ACAFD4A
9D8A6A09FE
9D8A091729
9D89A824CB
9D894732E4
9D88E64175
9D8885507D
9D88245FFC
9D87C36FF3
9D87628061
9D87019146
9D86A0A2A3
9D863FB476
9D85DEC6C1
9D857DD984
9D851CECBE
9D84BC006E
9D845B1497
9D83FA2936
9D83993E4D
9D833853DB
9D82D769E0
9D8276805D
9D82159751
9D81B4AEBC
9D8153C69E
9D80F2DEF7
9D8091F7C8
9D80311110
9D7FD02ACF
9D7F6F4506
9D7F0E5FB4
9D7EAD7AD9
9D7E4C9675
9D7DEBB288
9D7D8ACF13
9D7D29EC14
9D7CC9098D
9D7C68277E
9D7C0745E5
9D7BA664C4
9D7B458419
9D7AE4A3E6
9D7A83C42A
9D7A22E4E6
9D79C20618
9D796127C2
9D790049E3
9D789F6C7B
9D783E8F8A
9D77DDB310
9D777CD70E
9D771BFB83
9D76BB206F
9D765A45D1
9D75F96BAC
9D759891FD
9D7537B8C5
9D74D6E005
9D747607BC
9D74152FE9
9D73B4588E
9D735381AA
9D72F2AB3E
9D7291D548
9D7230FFC9
9D71D02AC2
9D716F5631
9D710E8218
9D70ADAE76
9D704CDB4B
9D6FEC0897
9D6F8B365A
9D6F2A6494
9D6EC99345
9D6E68C26E
9D6E07F20D
9D6DA72224
9D6D4652B1
9D6CE583B6
9D6C84B532
9D6C23E724
9D6BC3198E
9D6B624C6F
9D6B017FC7
9D6AA0B396
9D6A3FE7DC
9D69DF1C99
9D697E51CD
9D691D8778
9D68BCBD9A
9D685BF433
9D67FB2B44
9D679A62CB
9D67399AC9
9D66D8D33E
9D66780C2A
9D6617458E
9D65B67F68
9D6555B9B9
9D64F4F481
9D64942FC1
9D64336B77
9D63D2A7A4
9D6371E448
9D63112163
9D62B05EF6
9D624F9CFF
9D61EEDB7F
9D618E1A76
9D612D59E4
9D60CC99C9
9D606BDA25
9D600B1AF8
9D5FAA5C41
9D5F499E02
9D5EE8E03A
9D5E8822E8
9D5E27660E
9D5DC6A9AB
9D5D65EDBE
9D5D053248
9D5CA4774A
9D5C43BCC2
9D5BE302B1
9D5B824917
9D5B218FF4
9D5AC0D748
9D5A601F13
9D59FF6754
9D599EB00D
9D593DF93C
9D58DD42E2
9D587C8D00
9D581BD794
9D57BB229F
9D575A6E21
9D56F9BA19
9D56990689
9D5638536F
9D55D7A0CD
9D5576EEA1
9D55163CEC
9D54B58BAE
9D5454DAE6
9D53F42A96
9D53937ABC
9D5332CB5A
9D52D21C6E
9D52716DF9
9D5210BFFA
9D51B01273
9D514F6562
9D50EEB8C8
9D508E0CA5
9D502D60F9
9D4FCCB5C4
9D4F6C0B05
9D4F0B60BE
9D4EAAB6ED
9D4E4A0D92
9D4DE964AF
9D4D88BC42
9D4D28144D
9D4CC76CCE
9D4C66C5C5
9D4C061F34
9D4BA57919
9D4B44D375
9D4AE42E48
9D4A838992
9D4A22E552
9D49C24189
9D49619E37
9D4900FB5C
9D48A058F7
9D483FB709
9D47DF1592
9D477E7491
9D471DD408
9D46BD33F5
9D465C9459
9D45FBF533
9D459B5684
9D453AB84C
9D44DA1A8B
9D44797D40
9D4418E06C
9D43B8440F
9D4357A828
9D42F70CB8
9D429671BF
9D4235D73D
9D41D53D31
9D4174A39C
9D41140A7D
9D40B371D5
9D4052D9A4
9D3FF241EA
9D3F91AAA6
9D3F3113D9
9D3ED07D82
9D3E6FE7A3
9D3E0F5239
9D3DAEBD47
9D3D4E28CB
9D3CED94C6
9D3C8D0137
9D3C2C6E1F
9D3BCBDB7E
9D3B6B4953
9D3B0AB79F
9D3AAA2662
9D3A49959B
9D39E9054B
9D39887571
9D3927E60E
9D38C75722
9D3866C8AC
9D38063AAD
9D37A5AD24
9D37452012
9D36E49377
9D36840752
9D36237BA4
9D35C2F06C
9D356265AB
9D3501DB60
9D34A1518C
9D3440C82F
9D33E03F48
9D337FB6D8
9D331F2EDE
9D32BEA75B
9D325E204E
9D31FD99B8
9D319D1399
9D313C8DEF
9D30DC08BD
9D307B8401
9D301AFFBC
9D2FBA7BED
9D2F59F894
9D2EF975B3
9D2E98F347
9D2E387152
9D2DD7EFD4
9D2D776ECC
9D2D16EE3B
9D2CB66E20
9D2C55EE7C
9D2BF56F4E
9D2B94F097
9D2B347256
9D2AD3F48B
9D2A737737
9D2A12FA5A
9D29B27DF3
9D29520203
9D28F18689
9D28910B85
9D283090F8
9D27D016E1
9D276F9D41
9D270F2417
9D26AEAB64
9D264E3327
9D25EDBB61
9D258D4411
9D252CCD37
9D24CC56D4
9D246BE0E7
9D240B6B71
9D23AAF671
9D234A81E8
9D22EA0DD5
9D22899A38
9D22292712
9D21C8B462
9D21684228
9D2107D065
9D20A75F19
9D2046EE42
9D1FE67DE3
9D1F860DF9
9D1F259E86
9D1EC52F89
9D1E64C103
9D1E0452F3
9D1DA3E559
9D1D437836
9D1CE30B89
9D1C829F52
9D1C223392
9D1BC1C848
9D1B615D75
9D1B00F318
9D1AA08931
9D1A401FC0
9D19DFB6C6
9D197F4E42
9D191EE635
9D18BE7E9E
9D185E177D
9D17FDB0D2
9D179D4A9E
9D173CE4E0
9D16DC7F98
9D167C1AC7
9D161BB66C
9D15BB5287
9D155AEF19
9D14FA8C20
9D149A299F
9D1439C793
9D13D965FE
9D137904DF
9D1318A436
9D12B84403
9D1257E447
9D11F78501
9D11972631
9D1136C7D8
9D10D669F5
9D10760C88
9D1015AF91
9D0FB55310
9D0F54F706
9D0EF49B72
9D0E944054
9D0E33E5AD
9D0DD38B7B
9D0D7331C0
9D0D12D87B
9D0CB27FAD
9D0C522754
9D0BF1CF72
9D0B917806
9D0B312110
9D0AD0CA90
9D0A707487
9D0A101EF4
9D09AFC9D7
9D094F7530
9D08EF20FF
9D088ECD45
9D082E7A00
9D07CE2732
9D076DD4DA
9D070D82F8
9D06AD318C
9D064CE097
9D05EC9018
9D058C400E
9D052BF07B
9D04CBA15E
9D046B52B8
9D040B0487
9D03AAB6CC
9D034A6988
9D02EA1CBA
9D0289D062
9D02298480
9D01C93914
9D0168EE1E
9D0108A39E
9D00A85995
9D00481001
9CFFE7C6E4
9CFF877E3D
9CFF27360C
9CFEC6EE51
9CFE66A70C
9CFE06603D
9CFDA619E4
9CFD45D401
9CFCE58E95
9CFC85499E
9CFC25051E
9CFBC4C113
9CFB647D7F
9CFB043A60
9CFAA3F7B8
9CFA43B586
9CF9E373CA
9CF9833284
9CF922F1B4
9CF8C2B15A
9CF8627176
9CF8023208
9CF7A1F310
9CF741B48E
9CF6E17682
9CF68138EC
9CF620FBCC
9CF5C0BF22
9CF56082EF
9CF5004731
9CF4A00BE9
9CF43FD117
9CF3DF96BB
9CF37F5CD6
9CF31F2366
9CF2BEEA6C
9CF25EB1E8
9CF1FE79DA
9CF19E4242
9CF13E0B20
9CF0DDD474
9CF07D9E3E
9CF01D687E
9CEFBD3334
9CEF5CFE60
9CEEFCCA02
9CEE9C961A
9CEE3C62A7
9CEDDC2FAB
9CED7BFD25
9CED1BCB14
9CECBB997A
9CEC5B6855
9CEBFB37A6
9CEB9B076E
9CEB3AD7AB
9CEADAA85E
9CEA7A7987
9CEA1A4B26
9CE9BA1D3B
9CE959EFC5
9CE8F9C2C6
9CE899963D
9CE8396A29
9CE7D93E8B
9CE7791364
9CE718E8B2
9CE6B8BE76
9CE65894AF
9CE5F86B5F
9CE5984285
9CE5381A20
9CE4D7F232
9CE477CAB9
9CE417A3B6
9CE3B77D29
9CE3575711
9CE2F73170
9CE2970C44
9CE236E78F
9CE1D6C34F
9CE1769F85
9CE1167C30
9CE0B65952
9CE05636EA
9CDFF614F7
9CDF95F37A
9CDF35D273
9CDED5B1E1
9CDE7591C6
9CDE157220
9CDDB552F0
9CDD553436
9CDCF515F2
9CDC94F823
9CDC34DACB
9CDBD4BDE8
9CDB74A17B
9CDB148583
9CDAB46A02
9CDA544EF6
9CD9F43460
9CD9941A3F
9CD9340095
9CD8D3E760
9CD873CEA1
9CD813B658
9CD7B39E84
9CD7538726
9CD6F3703E
9CD69359CC
9CD63343CF
9CD5D32E49
9CD5731938
9CD513049C
9CD4B2F076
9CD452DCC7
9CD3F2C98C
9CD392B6C8
9CD332A479
9CD2D292A0
9CD272813C
9CD212704F
9CD1B25FD7
9CD1524FD4
9CD0F24048
9CD0923131
9CD0322290
9CCFD21464
9CCF7206AE
9CCF11F96E
9CCEB1ECA3
9CCE51E04E
9CCDF1D46F
9CCD91C906
9CCD31BE12
9CCCD1B393
9CCC71A98B
9CCC119FF8
9CCBB196DA
9CCB518E33
9CCAF18601
9CCA917E44
9CCA3176FD
9CC9D1702C
9CC97169D1
9CC91163EB
9CC8B15E7B
9CC8515980
9CC7F154FB
9CC79150EB
9CC7314D51
9CC6D14A2D
9CC671477E
9CC6114545
9CC5B14382
9CC5514234
9CC4F1415C
9CC49140F9
9CC431410C
9CC3D14194
9CC3714292
9CC3114406
9CC2B145EF
9CC251484D
9CC1F14B22
9CC1914E6B
9CC131522B
9CC0D15660
9CC0715B0A
9CC011602A
9CBFB165BF
9CBF516BCA
9CBEF1724B
9CBE917941
9CBE3180AD
9CBDD1888E
9CBD7190E4
9CBD1199B1
9CBCB1A2F2
9CBC51ACA9
9CBBF1B6D6
9CBB91C178
9CBB31CC90
9CBAD1D81D
9CBA71E420
9CBA11F098
9CB9B1FD86
9CB9520AE9
9CB8F218C1
9CB892270F
9CB83235D3
9CB7D2450C
9CB77254BA
9CB71264DE
9CB6B27578
9CB6528687
9CB5F2980B
9CB592AA05
9CB532BC74
9CB4D2CF58
9CB472E2B2
9CB412F682
9CB3B30AC7
9CB3531F81
9CB2F334B1
9CB2934A56
9CB2336071
9CB1D37701
9CB1738E06
9CB113A581
9CB0B3BD72
9CB053D5D7
9CAFF3EEB2
9CAF940803
9CAF3421C9
9CAED43C04
9CAE7456B5
9CAE1471DB
9CADB48D76
9CAD54A987
9CACF4C60D
9CAC94E308
9CAC350079
9CABD51E60
9CAB753CBB
9CAB155B8C
9CAAB57AD2
9CAA559A8E
9CA9F5BABF
9CA995DB65
9CA935FC81
9CA8D61E12
9CA8764018
9CA8166294
9CA7B68585
9CA756A8EC
9CA6F6CCC7
9CA696F118
9CA63715DE
9CA5D73B1A
9CA57760CB
9CA51786F1
9CA4B7AD8D
9CA457D49D
9CA3F7FC24
9CA398241F
9CA3384C90
9CA2D87576
9CA2789ED1
9CA218C8A1
9CA1B8F2E7
9CA1591DA2
9CA0F948D3
9CA0997478
9CA039A093
9C9FD9CD23
9C9F79FA29
9C9F1A27A3
9C9EBA5593
9C9E5A83F8
9C9DFAB2D2
9C9D9AE222
9C9D3B11E7
9C9CDB4221
9C9C7B72D0
9C9C1BA3F5
9C9BBBD58E
9C9B5C079D
9C9AFC3A22
9C9A9C6D1B
9C9A3CA08A
9C99DCD46D
9C997D08C6
9C991D3D94
9C98BD72D8
9C985DA890
9C97FDDEBE
9C979E1561
9C973E4C79
9C96DE8407
9C967EBC09
9C961EF481
9C95BF2D6E
9C955F66D0
9C94FFA0A7
9C949FDAF3
9C944015B4
9C93E050EB
9C93808C97
9C9320C8B8
9C92C1054E
9C92614259
9C92017FD9
9C91A1BDCF
9C9141FC39
9C90E23B19
9C90827A6E
9C9022BA38
9C8FC2FA77
9C8F633B2B
9C8F037C55
9C8EA3BDF3
9C8E440006
9C8DE4428F
9C8D84858D
9C8D24C900
9C8CC50CE7
9C8C655144
9C8C059617
9C8BA5DB5E
9C8B46211A
9C8AE6674B
9C8A86ADF2
9C8A26F50D
9C89C73C9D
9C896784A3
9C8907CD1E
9C88A8160D
9C88485F72
9C87E8A94C
9C8788F39B
9C87293E5E
9C86C98997
9C8669D545
9C860A2168
9C85AA6E00
9C854ABB0D
9C84EB088F
9C848B5686
9C842BA4F2
9C83CBF3D3
9C836C432A
9C830C92F5
9C82ACE335
9C824D33EA
9C81ED8514
9C818DD6B3
9C812E28C7
9C80CE7B50
9C806ECE4E
9C800F21C1
9C7FAF75A9
9C7F4FCA06
9C7EF01ED8
9C7E90741F
9C7E30C9DB
9C7DD1200C
9C7D7176B1
9C7D11CDCC
9C7CB2255C
9C7C527D60
9C7BF2D5DA
9C7B932EC8
9C7B33882C
9C7AD3E204
9C7A743C52
9C7A149714
9C79B4F24B
9C79554DF7
9C78F5AA18
9C789606AE
9C783663B9
9C77D6C138
9C77771F2D
9C77177D97
9C76B7DC75
9C76583BC8
9C75F89B90
9C7598FBCE
9C75395C80
9C74D9BDA6
9C747A1F42
9C741A8153
9C73BAE3D8
9C735B46D3
9C72FBAA42
9C729C0E26
9C723C727F
9C71DCD74C
9C717D3C8F
9C711DA247
9C70BE0873
9C705E6F14
9C6FFED62A
9C6F9F3DB5
9C6F3FA5B5
9C6EE00E29
9C6E807712
9C6E20E071
9C6DC14A44
9C6D61B48B
9C6D021F48
9C6CA28A79
9C6C42F620
9C6BE3623B
9C6B83CECA
9C6B243BCF
9C6AC4A948
9C6A651737
9C6A058599
9C69A5F471
9C694663BE
9C68E6D37F
9C688743B5
9C6827B460
9C67C82580
9C67689714
9C6709091D
9C66A97B9B
9C6649EE8E
9C65EA61F5
9C658AD5D1
9C652B4A22
9C64CBBEE8
9C646C3422
9C640CA9D1
9C63AD1FF5
9C634D968E
9C62EE0D9B
9C628E851D
9C622EFD14
9C61CF757F
9C616FEE5F
9C611067B4
9C60B0E17E
9C60515BBC
9C5FF1D66F
9C5F925196
9C5F32CD33
9C5ED34944
9C5E73C5CA
9C5E1442C4
9C5DB4C033
9C5D553E17
9C5CF5BC6F
9C5C963B3C
9C5C36BA7E
9C5BD73A34
9C5B77BA5F
9C5B183AFF
9C5AB8BC14
9C5A593D9D
9C59F9BF9A
9C599A420D
9C593AC4F4
9C58DB484F
9C587BCC1F
9C581C5064
9C57BCD51E
9C575D5A4C
9C56FDDFEF
9C569E6606
9C563EEC92
9C55DF7392
9C557FFB08
9C552082F1
9C54C10B50
9C54619423
9C54021D6A
9C53A2A726
9C53433157
9C52E3BBFC
9C52844716
9C5224D2A5
9C51C55EA8
9C5165EB1F
9C5106780C
9C50A7056C
9C50479342
9C4FE8218C
9C4F88B04A
9C4F293F7D
9C4EC9CF25
9C4E6A5F41
9C4E0AEFD1
9C4DAB80D6
9C4D4C1250
9C4CECA43E
9C4C8D36A1
9C4C2DC978
9C4BCE5CC4
9C4B6EF084
9C4B0F84B9
9C4AB01962
9C4A50AE80
9C49F14413
9C4991DA1A
9C49327095
9C48D30785
9C48739EE9
9C481436C2
9C47B4CF0F
9C475567D1
9C46F60107
9C46969AB2
9C463734D1
9C45D7CF65
9C45786A6D
9C451905EA
9C44B9A1DB
9C445A3E40
9C43FADB1A
9C439B7869
9C433C162C
9C42DCB463
9C427D530F
9C421DF22F
9C41BE91C4
9C415F31CD
9C40FFD24A
9C40A0733C
9C404114A2
9C3FE1B67D
9C3F8258CC
9C3F22FB90
9C3EC39EC8
9C3E644274
9C3E04E695
9C3DA58B2A
9C3D463034
9C3CE6D5B2
9C3C877BA4
9C3C28220B
9C3BC8C8E6
9C3B697036
9C3B0A17FA
9C3AAAC032
9C3A4B68DF
9C39EC1200
9C398CBB95
9C392D659F
9C38CE101D
9C386EBB0F
9C380F6676
9C37B01251
9C3750BEA1
9C36F16B64
9C3692189D
9C3632C649
9C35D3746A
9C357422FF
9C3514D208
9C34B58186
9C34563178
9C33F6E1DF
9C339792B9
9C33384408
9C32D8F5CC
9C3279A803
9C321A5AAF
9C31BB0DD0
9C315BC164
9C30FC756D
9C309D29EA
9C303DDEDB
9C2FDE9441
9C2F7F4A1B
9C2F200069
9C2EC0B72C
9C2E616E62
9C2E02260D
9C2DA2DE2C
9C2D4396C0
9C2CE44FC8
9C2C850944
9C2C25C334
9C2BC67D98
9C2B673871
9C2B07F3BE
9C2AA8AF7F
9C2A496BB5
9C29EA285E
9C298AE57C
9C292BA30E
9C28CC6115
9C286D1F8F
9C280DDE7E
9C27AE9DE1
9C274F5DB8
9C26F01E03
9C2690DEC3
9C26319FF7
9C25D2619E
9C257323BB
9C2513E64B
9C24B4A94F
9C24556CC8
9C23F630B5
9C2396F516
9C2337B9EB
9C22D87F34
9C227944F2
9C221A0B23
9C21BAD1C9
9C215B98E3
9C20FC6071
9C209D2873
9C203DF0EA
9C1FDEB9D4
9C1F7F8333
9C1F204D06
9C1EC1174D
9C1E61E208
9C1E02AD37
9C1DA378DA
9C1D4444F2
9C1CE5117D
9C1C85DE7D
9C1C26ABF0
9C1BC779D8
9C1B684834
9C1B091704
9C1AA9E648
9C1A4AB600
9C19EB862D
9C198C56CD
9C192D27E2
9C18CDF96A
9C186ECB67
9C180F9DD7
9C17B070BC
9C17514415
9C16F217E2
9C1692EC23
9C1633C0D8
9C15D49601
9C15756B9E
9C151641AF
9C14B71834
9C1457EF2D
9C13F8C69A
9C13999E7C
9C133A76D1
9C12DB4F9A
9C127C28D8
9C121D0289
9C11BDDCAE
9C115EB748
9C10FF9255
9C10A06DD7
9C104149CC
9C0FE22635
9C0F830313
9C0F23E064
9C0EC4BE29
9C0E659C63
9C0E067B10
9C0DA75A32
9C0D4839C7
9C0CE919D0
9C0C89FA4D
9C0C2ADB3F
9C0BCBBCA4
9C0B6C9E7D
9C0B0D80CA
9C0AAE638B
9C0A4F46C0
9C09F02A69
9C09910E86
9C0931F317
9C08D2D81B
9C0873BD94
9C0814A381
9C07B589E1
9C075670B6
9C06F757FE
9C06983FBA
9C063927EB
9C05DA108F
9C057AF9A7
9C051BE333
9C04BCCD33
9C045DB7A6
9C03FEA28E
9C039F8DEA
9C034079B9
9C02E165FC
9C028252B4
9C02233FDF
9C01C42D7E
9C01651B91
9C01060A17
9C00A6F912
9C0047E880
9BFFE8D862
9BFF89C8B9
9BFF2AB983
9BFECBAAC0
9BFE6C9C72
9BFE0D8E98
9BFDAE8131
9BFD4F743E
9BFCF067BF
9BFC915BB4
9BFC32501D
9BFBD344FA
9BFB743A4A
9BFB15300E
9BFAB62646
9BFA571CF2
9BF9F81411
9BF9990BA5
9BF93A03AC
9BF8DAFC27
9BF87BF516
9BF81CEE79
9BF7BDE84F
9BF75EE299
9BF6FFDD57
9BF6A0D889
9BF641D42E
9BF5E2D048
9BF583CCD5
9BF524C9D5
9BF4C5C74A
9BF466C532
9BF407C38E
9BF3A8C25E
9BF349C1A2
9BF2EAC159
9BF28BC184
9BF22CC223
9BF1CDC336
9BF16EC4BC
9BF10FC6B6
9BF0B0C924
9BF051CC05
9BEFF2CF5B
9BEF93D324
9BEF34D760
9BEED5DC11
9BEE76E135
9BEE17E6CC
9BEDB8ECD8
9BED59F357
9BECFAFA4A
9BEC9C01B0
9BEC3D098B
9BEBDE11D9
9BEB7F1A9A
9BEB2023CF
9BEAC12D78
9BEA623795
9BEA034225
9BE9A44D29
9BE94558A1
9BE8E6648C
9BE88770EB
9BE8287DBE
9BE7C98B04
9BE76A98BE
9BE70BA6EC
9BE6ACB58D
9BE64DC4A2
9BE5EED42A
9BE58FE426
9BE530F496
9BE4D20579
9BE47316D0
9BE414289B
9BE3B53AD9
9BE3564D8B
9BE2F760B0
9BE2987449
9BE2398856
9BE1DA9CD6
9BE17BB1CA
9BE11CC731
9BE0BDDD0C
9BE05EF35B
9BE0000A1D
9BDFA12153
9BDF4238FC
9BDEE35119
9BDE8469A9
9BDE2582AD
9BDDC69C25
9BDD67B610
9BDD08D06F
9BDCA9EB41
9BDC4B0687
9BDBEC2240
9BDB8D3E6D
9BDB2E5B0E
9BDACF7822
9BDA7095A9
9BDA11B3A4
9BD9B2D213
9BD953F0F5
9BD8F5104A
9BD8963013
9BD8375050
9BD7D87100
9BD7799224
9BD71AB3BB
9BD6BBD5C6
9BD65CF844
9BD5FE1B36
9BD59F3E9B
9BD5406273
9BD4E186C0
9BD482AB7F
9BD423D0B2
9BD3C4F659
9BD3661C73
9BD3074300
9BD2A86A01
9BD2499176
9BD1EAB95E
9BD18BE1B9
9BD12D0A88
9BD0CE33CA
9BD06F5D80
9BD01087A9
9BCFB1B246
9BCF52DD56
9BCEF408D9
9BCE9534D0
9BCE36613A
9BCDD78E18
9BCD78BB69
9BCD19E92E
9BCCBB1766
9BCC5C4611
9BCBFD7530
9BCB9EA4C2
9BCB3FD4C8
9BCAE10541
9BCA82362E
9BCA23678D
9BC9C49961
9BC965CBA7
9BC906FE61
9BC8A8318F
9BC849652F
9BC7EA9943
9BC78BCDCB
9BC72D02C6
9BC6CE3834
9BC66F6E15
9BC610A46A
9BC5B1DB33
9BC553126E
9BC4F44A1D
9BC4958240
9BC436BAD5
9BC3D7F3DE
9BC3792D5B
9BC31A674A
9BC2BBA1AD
9BC25CDC84
9BC1FE17CD
9BC19F538A
9BC1408FBB
9BC0E1CC5E
9BC0830975
9BC02446FF
9BBFC584FD
9BBF66C36E
9BBF080252
9BBEA941A9
9BBE4A8174
9BBDEBC1B2
9BBD8D0263
9BBD2E4387
9BBCCF851F
9BBC70C72A
9BBC1209A9
9BBBB34C9A
9BBB548FFF
9BBAF5D3D7
9BBA971823
9BBA385CE1
9BB9D9A213
9BB97AE7B9
9BB91C2DD1
9BB8BD745D
9BB85EBB5B
9BB80002CE
9BB7A14AB3
9BB742930C
9BB6E3DBD7
9BB6852516
9BB6266EC9
9BB5C7B8EE
9BB5690387
9BB50A4E93
9BB4AB9A12
9BB44CE604
9BB3EE326A
9BB38F7F42
9BB330CC8E
9BB2D21A4D
9BB273687F
9BB214B725
9BB1B6063E
9BB15755C9
9BB0F8A5C8
9BB099F63A
9BB03B4720
9BAFDC9878
9BAF7DEA44
9BAF1F3C83
9BAEC08F35
9BAE61E25A
9BAE0335F2
9BADA489FD
9BAD45DE7C
9BACE7336E
9BAC8888D2
9BAC29DEAA
9BABCB34F5
9BAB6C8BB4
9BAB0DE2E5
9BAAAF3A89
9BAA5092A1
9BA9F1EB2C
9BA9934429
9BA9349D9A
9BA8D5F77E
9BA87751D5
9BA818ACA0
9BA7BA07DD
9BA75B638D
9BA6FCBFB1
9BA69E1C47
9BA63F7951
9BA5E0D6CE
9BA58234BE
9BA5239320
9BA4C4F1F6
9BA466513F
9BA407B0FB
9BA3A9112A
9BA34A71CD
9BA2EBD2E2
9BA28D346A
9BA22E9665
9BA1CFF8D4
9BA1715BB5
9BA112BF0A
9BA0B422D1
9BA055870C
9B9FF6EBB9
9B9F9850DA
9B9F39B66D
9B9EDB1C74
9B9E7C82ED
9B9E1DE9DA
9B9DBF513A
9B9D60B90C
9B9D022152
9B9CA38A0B
9B9C44F336
9B9BE65CD5
9B9B87C6E6
9B9B29316B
9B9ACA9C63
9B9A6C07CD
9B9A0D73AB
9B99AEDFFB
9B99504CBF
9B98F1B9F5
9B9893279E
9B983495BB
9B97D6044A
9B9777734C
9B9718E2C1
9B96BA52AA
9B965BC305
9B95FD33D3
9B959EA514
9B954016C8
9B94E188EF
9B9482FB88
9B94246E95
9B93C5E215
9B93675607
9B9308CA6D
9B92AA3F45
9B924BB490
9B91ED2A4E
9B918EA07F
9B91301723
9B90D18E3A
9B907305C4
9B90147DC1
9B8FB5F630
9B8F576F13
9B8EF8E868
9B8E9A6230
9B8E3BDC6B
9B8DDD5719
9B8D7ED23A
9B8D204DCE
9B8CC1C9D4
9B8C63464D
9B8C04C33A
9B8BA64099
9B8B47BE6B
9B8AE93CAF
9B8A8ABB67
9B8A2C3A92
9B89CDBA2F
9B896F3A3F
9B8910BAC2
9B88B23BB8
9B8853BD20
9B87F53EFC
9B8796C14A
9B8738440B
9B86D9C73F
9B867B4AE5
9B861CCEFF
9B85BE538B
9B855FD88A
9B85015DFC
9B84A2E3E1
9B84446A38
9B83E5F102
9B8387783F
9B8328FFEF
9B82CA8812
9B826C10A7
9B820D99AF
9B81AF232A
9B8150AD17
9B80F23778
9B8093C24B
9B80354D91
9B7FD6D949
9B7F786575
9B7F19F213
9B7EBB7F24
9B7E5D0CA7
9B7DFE9A9E
9B7DA02907
9B7D41B7E2
9B7CE34731
9B7C84D6F2
9B7C266726
9B7BC7F7CD
9B7B6988E6
9B7B0B1A72
9B7AACAC71
9B7A4E3EE2
9B79EFD1C6
9B7991651D
9B7932F8E7
9B78D48D23
9B787621D2
9B7817B6F4
9B77B94C88
9B775AE28F
9B76FC7909
9B769E0FF5
9B763FA754
9B75E13F25
9B7582D76A
9B75247021
9B74C6094A
9B7467A2E7
9B74093CF5
9B73AAD777
9B734C726B
9B72EE0DD2
9B728FA9AB
9B723145F7
9B71D2E2B6
9B71747FE8
9B71161D8B
9B70B7BBA2
9B70595A2B
9B6FFAF927
9B6F9C9895
9B6F3E3876
9B6EDFD8CA
9B6E817990
9B6E231AC9
9B6DC4BC75
9B6D665E92
9B6D080123
9B6CA9A426
9B6C4B479C
9B6BECEB84
9B6B8E8FDF
9B6B3034AD
9B6AD1D9ED
9B6A737F9F
9B6A1525C4
9B69B6CC5C
9B69587366
9B68FA1AE3
9B689BC2D3
9B683D6B34
9B67DF1409
9B6780BD50
9B67226709
9B66C41136
9B6665BBD4
9B660766E5
9B65A91269
9B654ABE5F
9B64EC6AC8
9B648E17A3
9B642FC4F1
9B63D172B1
9B637320E3
9B6314CF89
9B62B67EA0
9B62582E2B
9B61F9DE27
9B619B8E96
9B613D3F78
9B60DEF0CC
9B6080A293
9B602254CC
9B5FC40777
9B5F65BA95
9B5F076E26
9B5EA92229
9B5E4AD69E
9B5DEC8B86
9B5D8E40E1
9B5D2FF6AD
9B5CD1ACED
9B5C73639E
9B5C151AC2
9B5BB6D259
9B5B588A62
9B5AFA42DD
9B5A9BFBCB
9B5A3DB52B
9B59DF6EFE
9B59812943
9B5922E3FB
9B58C49F25
9B58665AC1
9B580816D0
9B57A9D351
9B574B9044
9B56ED4DAA
9B568F0B82
9B5630C9CD
9B55D2888A
9B557447BA
9B5516075C
9B54B7C770
9B545987F6
9B53FB48EF
9B539D0A5B
9B533ECC38
9B52E08E89
9B5282514B
9B52241480
9B51C5D827
9B51679C40
9B510960CC
9B50AB25CA
9B504CEB3B
9B4FEEB11E
9B4F907773
9B4F323E3A
9B4ED40574
9B4E75CD20
9B4E17953F
9B4DB95DD0
9B4D5B26D3
9B4CFCF048
9B4C9EBA30
9B4C40848A
9B4BE24F56
9B4B841A95
9B4B25E646
9B4AC7B269
9B4A697EFE
9B4A0B4C06
9B49AD1980
9B494EE76C
9B48F0B5CB
9B4892849C
9B483453DF
9B47D62394
9B4777F3BC
9B4719C456
9B46BB9562
9B465D66E1
9B45FF38D1
9B45A10B34
9B4542DE09
9B44E4B151
9B4486850A
9B44285936
9B43CA2DD4
9B436C02E5
9B430DD867
9B42AFAE5C
9B425184C3
9B41F35B9C
9B419532E8
9B41370AA5
9B40D8E2D5
9B407ABB77
9B401C948B
9B3FBE6E12
9B3F60480A
9B3F022275
9B3EA3FD52
9B3E45D8A1
9B3DE7B463
9B3D899096
9B3D2B6D3C
9B3CCD4A54
9B3C6F27DE
9B3C1105DA
9B3BB2E449
9B3B54C329
9B3AF6A27C
9B3A988241
9B3A3A6278
9B39DC4321
9B397E243C
9B392005C9
9B38C1E7C9
9B3863CA3B
9B3805AD1E
9B37A79074
9B3749743C
9B36EB5877
9B368D3D23
9B362F2241
9B35D107D2
9B3572EDD4
9B3514D449
9B34B6BB30
9B3458A289
9B33FA8A54
9B339C7291
9B333E5B40
9B32E04461
9B32822DF5
9B322417FA
9B31C60272
9B3167ED5B
9B3109D8B7
9B30ABC485
9B304DB0C4
9B2FEF9D76
9B2F918A9A
9B2F337830
9B2ED56638
9B2E7754B2
9B2E19439E
9B2DBB32FC
9B2D5D22CD
9B2CFF130F
9B2CA103C3
9B2C42F4E9
9B2BE4E682
9B2B86D88C
9B2B28CB08
9B2ACABDF6
9B2A6CB157
9B2A0EA529
9B29B0996E
9B29528E24
9B28F4834C
9B289678E7
9B28386EF3
9B27DA6571
9B277C5C62
9B271E53C4
9B26C04B98
9B266243DE
9B26043C97
9B25A635C1
9B25482F5D
9B24EA296B
9B248C23EB
9B242E1EDD
9B23D01A41
9B23721617
9B2314125F
9B22B60F19
9B22580C45
9B21FA09E3
9B219C07F2
9B213E0674
9B20E00568
9B208204CD
9B202404A4
9B1FC604EE
9B1F6805A9
9B1F0A06D6
9B1EAC0875
9B1E4E0A86
9B1DF00D09
9B1D920FFE
9B1D341364
9B1CD6173D
9B1C781B87
9B1C1A2044
9B1BBC2572
9B1B5E2B12
9B1B003124
9B1AA237A8
9B1A443E9E
9B19E64605
9B19884DDF
9B192A562A
9B18CC5EE7
9B186E6816
9B181071B7
9B17B27BCA
9B1754864E
9B16F69145
9B16989CAD
9B163AA887
9B15DCB4D3
9B157EC191
9B1520CEC1
9B14C2DC62
9B1464EA75
9B1406F8FA
9B13A907F1
9B134B175A
9B12ED2735
9B128F3781
9B1231483F
9B11D3596F
9B11756B11
9B11177D24
9B10B98FA9
9B105BA2A1
9B0FFDB609
9B0F9FC9E4
9B0F41DE31
9B0EE3F2EF
9B0E86081F
9B0E281DC1
9B0DCA33D4
9B0D6C4A59
9B0D0E6150
9B0CB078B9
9B0C529094
9B0BF4A8E0
9B0B96C19E
9B0B38DACE
9B0ADAF46F
9B0A7D0E83
9B0A1F2908
9B09C143FE
9B09635F67
9B09057B41
9B08A7978D
9B0849B44B
9B07EBD17A
9B078DEF1B
9B07300D2E
9B06D22BB2
9B06744AA8
9B06166A10
9B05B889EA
9B055AAA35
9B04FCCAF2
9B049EEC21
9B04410DC1
9B03E32FD3
9B03855257
9B0327754C
9B02C998B3
9B026BBC8C
9B020DE0D6
9B01B00592
9B01522AC0
9B00F4505F
9B00967670
9B00389CF3
9AFFDAC3E7
9AFF7CEB4D
9AFF1F1324
9AFEC13B6D
9AFE636428
9AFE058D55
9AFDA7B6F3
9AFD49E102
9AFCEC0B84
9AFC8E3677
9AFC3061DB
9AFBD28DB1
9AFB74B9F9
9AFB16E6B3
9AFAB913DE
9AFA5B417A
9AF9FD6F88
9AF99F9E08
9AF941CCF9
9AF8E3FC5C
9AF8862C31
9AF8285C77
9AF7CA8D2F
9AF76CBE58
9AF70EEFF3
9AF6B121FF
9AF653547D
9AF5F5876D
9AF597BACE
9AF539EEA0
9AF4DC22E4
9AF47E579A
9AF4208CC1
9AF3C2C25A
9AF364F864
9AF3072EE0
9AF2A965CE
9AF24B9D2D
9AF1EDD4FD
9AF1900D3F
9AF13245F3
9AF0D47F18
9AF076B8AE
9AF018F2B6
9AEFBB2D30
9AEF5D681B
9AEEFFA377
9AEEA1DF46
9AEE441B85
9AEDE65836
9AED889559
9AED2AD2ED
9AECCD10F2
9AEC6F4F69
9AEC118E52
9AEBB3CDAC
9AEB560D77
9AEAF84DB4
9AEA9A8E62
9AEA3CCF82
9AE9DF1113
9AE9815316
9AE923958A
9AE8C5D870
9AE8681BC7
9AE80A5F8F
9AE7ACA3C9
9AE74EE874
9AE6F12D91
9AE693731F
9AE635B91F
9AE5D7FF90
9AE57A4672
9AE51C8DC6
9AE4BED58C
9AE4611DC2
9AE403666B
9AE3A5AF84
9AE347F90F
9AE2EA430B
9AE28C8D79
9AE22ED858
9AE1D123A9
9AE1736F6A
9AE115BB9E
9AE0B80842
9AE05A5558
9ADFFCA2E0
9ADF9EF0D9
9ADF413F43
9ADEE38E1E
9ADE85DD6B
9ADE282D29
9ADDCA7D59
9ADD6CCDFA
9ADD0F1F0C
9ADCB1708F
9ADC53C284
9ADBF614EB
9ADB9867C2
9ADB3ABB0B
9ADADD0EC5
9ADA7F62F1
9ADA21B78E
9AD9C40C9C
9AD966621C
9AD908B80D
9AD8AB0E6F
9AD84D6542
9AD7EFBC87
9AD792143D
9AD7346C64
9AD6D6C4FD
9AD6791E07
9AD61B7782
9AD5BDD16F
9AD5602BCD
9AD502869C
9AD4A4E1DC
9AD4473D8E
9AD3E999B1
9AD38BF645
9AD32E534A
9AD2D0B0C1
9AD2730EA9
9AD2156D02
9AD1B7CBCC
9AD15A2B08
9AD0FC8AB5
9AD09EEAD3
9AD0414B63
9ACFE3AC63
9ACF860DD5
9ACF286FB8
9ACECAD20D
9ACE6D34D2
9ACE0F9809
9ACDB1FBB1
9ACD545FCA
9ACCF6C455
9ACC992950
9ACC3B8EBD
9ACBDDF49B
9ACB805AEA
9ACB22C1AB
9ACAC528DC
9ACA67907F
9ACA09F893
9AC9AC6118
9AC94ECA0E
9AC8F13376
9AC8939D4E
9AC8360798
9AC7D87253
9AC77ADD7F
9AC71D491D
9AC6BFB52B
9AC66221AB
9AC6048E9C
9AC5A6FBFE
9AC54969D1
9AC4EBD815
9AC48E46CA
9AC430B5F1
9AC3D32588
9AC3759591
9AC318060B
9AC2BA76F6
9AC25CE852
9AC1FF5A1F
9AC1A1CC5D
9AC1443F0D
9AC0E6B22D
9AC08925BF
9AC02B99C2
9ABFCE0E36
9ABF70831B
9ABF12F871
9ABEB56E38
9ABE57E470
9ABDFA5B19
9ABD9CD234
9ABD3F49BF
9ABCE1C1BB
9ABC843A29
9ABC26B308
9ABBC92C57
9ABB6BA618
9ABB0E204A
9ABAB09AED
9ABA531601
9AB9F59186
9AB9980D7C
9AB93A89E3
9AB8DD06BB
9AB87F8404
9AB82201BE
9AB7C47FE9
9AB766FE85
9AB7097D92
9AB6ABFD11
9AB64E7D00
9AB5F0FD60
9AB5937E31
9AB535FF74
9AB4D88127
9AB47B034B
9AB41D85E0
9AB3C008E7
9AB3628C5E
9AB3051046
9AB2A7949F
9AB24A196A
9AB1EC9EA5
9AB18F2451
9AB131AA6E
9AB0D430FC
9AB076B7FB
9AB0193F6B
9AAFBBC74C
9AAF5E4F9E
9AAF00D861
9AAEA36195
9AAE45EB39
9AADE8754F
9AAD8AFFD6
9AAD2D8ACD
9AACD01636
9AAC72A20F
9AAC152E5A
9AABB7BB15
9AAB5A4841
9AAAFCD5DE
9AAA9F63EC
9AAA41F26B
9AA9E4815B
9AA98710BC
9AA929A08E
9AA8CC30D0
9AA86EC184
9AA81152A8
9AA7B3E43E
9AA7567644
9AA6F908BB
9AA69B9BA3
9AA63E2EFB
9AA5E0C2C5
9AA5835700
9AA525EBAB
9AA4C880C7
9AA46B1654
9AA40DAC52
9AA3B042C1
9AA352D9A1
9AA2F570F1
9AA29808B3
9AA23AA0E5
9AA1DD3988
9AA17FD29C
9AA1226C21
9AA0C50616
9AA067A07D
9AA00A3B54
9A9FACD69C
9A9F4F7255
9A9EF20E7F
9A9E94AB19
9A9E374824
9A9DD9E5A1
9A9D7C838D
9A9D1F21EB
9A9CC1C0BA
9A9C645FF9
9A9C06FFA9
9A9BA99FCA
9A9B4C405C
9A9AEEE15E
9A9A9182D1
9A9A3424B5
9A99D6C70A
9A997969D0
9A991C0D06
9A98BEB0AD
9A986154C5
9A9803F94D
9A97A69E47
9A974943B1
9A96EBE98C
9A968E8FD7
9A96313693
9A95D3DDC0
9A9576855E
9A95192D6D
9A94BBD5EC
9A945E7EDC
9A9401283D
9A93A3D20E
9A93467C50
9A92E92703
9A928BD227
9A922E7DBB
9A91D129C0
9A9173D635
9A9116831C
9A90B93073
9A905BDE3A
9A8FFE8C73
9A8FA13B1C
9A8F43EA36
9A8EE699C0
9A8E8949BB
9A8E2BFA27
9A8DCEAB04
9A8D715C51
9A8D140E0E
9A8CB6C03D
9A8C5972DC
9A8BFC25EC
9A8B9ED96C
9A8B418D5D
9A8AE441BF
9A8A86F691
9A8A29ABD4
9A89CC6188
9A896F17AC
9A8911CE41
9A88B48547
9A88573CBD
9A87F9F4A3
9A879CACFB
9A873F65C3
9A86E21EFB
9A8684D8A4
9A862792BE
9A85CA4D49
9A856D0844
9A850FC3AF
9A84B27F8B
9A84553BD8
9A83F7F895
9A839AB5C3
9A833D7362
9A82E03171
9A8282EFF1
9A8225AEE1
9A81C86E42
9A816B2E13
9A810DEE55
9A80B0AF07
9A8053702A
9A7FF631BE
9A7F98F3C2
9A7F3BB637
9A7EDE791C
9A7E813C72
9A7E240038
9A7DC6C46F
9A7D698916
9A7D0C4E2E
9A7CAF13B6
9A7C51D9AF
9A7BF4A018
9A7B9766F2
9A7B3A2E3D
9A7ADCF5F8
9A7A7FBE23
9A7A2286BF
9A79C54FCC
9A79681949
9A790AE336
9A78ADAD94
9A78507862
9A77F343A1
9A77960F50
9A7738DB70
9A76DBA801
9A767E7501
9A76214273
9A75C41054
9A7566DEA7
9A7509AD69
9A74AC7C9C
9A744F4C40
9A73F21C54
9A7394ECD8
9A7337BDCD
9A72DA8F32
9A727D6108
9A7220334E
9A71C30605
9A7165D92C
9A7108ACC3
9A70AB80CB
9A704E5543
9A6FF12A2C
9A6F93FF85
9A6F36D54F
9A6ED9AB89
9A6E7C8233
9A6E1F594E
9A6DC230D9
9A6D6508D4
9A6D07E140
9A6CAABA1C
9A6C4D9369
9A6BF06D26
9A6B934754
9A6B3621F1
9A6AD8FCFF
9A6A7BD87E
9A6A1EB46D
9A69C190CC
9A69646D9C
9A69074ADC
9A68AA288C
9A684D06AD
9A67EFE53E
9A6792C43F
9A6735A3B1
9A66D88393
9A667B63E5
9A661E44A8
9A65C125DB
9A6564077E
9A6506E992
9A64A9CC16
9A644CAF0A
9A63EF926F
9A63927644
9A63355A89
9A62D83F3E
9A627B2464
9A621E09FA
9A61C0F001
9A6163D677
9A6106BD5E
9A60A9A4B6
9A604C8C7D
9A5FEF74B5
9A5F925D5D
9A5F354675
9A5ED82FFE
9A5E7B19F7
9A5E1E0460
9A5DC0EF39
9A5D63DA83
9A5D06C63D
9A5CA9B267
9A5C4C9F02
9A5BEF8C0C
9A5B927987
9A5B356772
9A5AD855CE
9A5A7B4499
9A5A1E33D5
9A59C12381
9A5964139D
9A5907042A
9A58A9F527
9A584CE693
9A57EFD871
9A5792CABE
9A5735BD7B
9A56D8B0A9
9A567BA447
9A561E9855
9A55C18CD4
9A556481C2
9A55077721
9A54AA6CF0
9A544D632F
9A53F059DE
9A539350FD
9A5336488D
9A52D9408D
9A527C38FC
9A521F31DD
9A51C22B2D
9A516524ED
9A51081F1E
9A50AB19BE
9A504E14CF
9A4FF11050
9A4F940C41
9A4F3708A2
9A4EDA0574
9A4E7D02B5
9A4E200067
9A4DC2FE88
9A4D65FD1A
9A4D08FC1C
9A4CABFB8E
9A4C4EFB70
9A4BF1FBC3
9A4B94FC85
9A4B37FDB8
9A4ADAFF5A
9A4A7E016D
9A4A2103F0
9A49C406E2
9A49670A45
9A490A0E18
9A48AD125C
9A4850170F
9A47F31C32
9A479621C5
9A473927C9
9A46DC2E3C
9A467F3520
9A46223C73
9A45C54437
9A45684C6A
9A450B550E
9A44AE5E22
9A445167A6
9A43F4719A
9A43977BFD
9A433A86D1
9A42DD9215
9A42809DC9
9A4223A9ED
9A41C6B681
9A4169C385
9A410CD0F9
9A40AFDEDD
9A4052ED32
9A3FF5FBF6
9A3F990B2A
9A3F3C1ACE
9A3EDF2AE2
9A3E823B66
9A3E254C5A
9A3DC85DBE
9A3D6B6F92
9A3D0E81D6
9A3CB1948A
9A3C54A7AE
9A3BF7BB42
9A3B9ACF46
9A3B3DE3BA
9A3AE0F89D
9A3A840DF1
9A3A2723B5
9A39CA39E8
9A396D508C
9A391067A0
9A38B37F23
9A38569717
9A37F9AF7A
9A379CC84D
9A373FE191
9A36E2FB44
9A36861567
9A36292FFA
9A35CC4AFD
9A356F6670
9A35128253
9A34B59EA5
9A3458BB68
9A33FBD89A
9A339EF63D
9A3342144F
9A32E532D1
9A328851C3
9A322B7125
9A31CE90F7
9A3171B139
9A3114D1EA
9A30B7F30C
9A305B149D
9A2FFE369E
9A2FA1590F
9A2F447BF0
9A2EE79F41
9A2E8AC302
9A2E2DE732
9A2DD10BD3
9A2D7430E3
9A2D175663
9A2CBA7C53
9A2C5DA2B3
9A2C00C982
9A2BA3F0C2
9A2B471871
9A2AEA4090
9A2A8D691F
9A2A30921E
9A29D3BB8C
9A2976E56A
9A291A0FB9
9A28BD3A76
9A286065A4
9A28039142
9A27A6BD4F
9A2749E9CC
9A26ED16B9
9A26904416
9A263371E2
9A25D6A01F
9A2579CECB
9A251CFDE7
9A24C02D72
9A24635D6E
9A24068DD9
9A23A9BEB4
9A234CEFFE
9A22F021B9
9A229353E3
9A2236867D
9A21D9B987
9A217CED00
9A212020E9
9A20C35542
9A20668A0B
9A2009BF43
9A1FACF4EC
9A1F502B03
9A1EF3618B
9A1E969882
9A1E39CFE9
9A1DDD07C0
9A1D804006
9A1D2378BD
9A1CC6B1E2
9A1C69EB78
9A1C0D257D
9A1BB05FF2
9A1B539AD7
9A1AF6D62B
9A1A9A11EF
9A1A3D4E23
9A19E08AC6
9A1983C7D9
9A1927055C
9A18CA434F
9A186D81B1
9A1810C082
9A17B3FFC4
9A17573F75
9A16FA7F96
9A169DC026
9A16410126
9A15E44296
9A15878475
9A152AC6C4
9A14CE0983
9A14714CB1
9A1414904F
9A13B7D45C
9A135B18D9
9A12FE5DC6
9A12A1A322
9A1244E8EE
9A11E82F2A
9A118B75D5
9A112EBCF0
9A10D2047B
9A10754C75
9A101894DE
9A0FBBDDB7
9A0F5F2700
9A0F0270B9
9A0EA5BAE1
9A0E490578
9A0DEC507F
9A0D8F9BF6
9A0D32E7DC
9A0CD63432
9A0C7980F8
9A0C1CCE2C
9A0BC01BD1
9A0B6369E5
9A0B06B869
9A0AAA075C
9A0A4D56BF
9A09F0A691
9A0993F6D3
9A09374784
9A08DA98A5
9A087DEA36
9A08213C36
9A07C48EA5
9A0767E184
9A070B34D3
9A06AE8891
9A0651DCBF
9A05F5315C
9A05988668
9A053BDBE4
9A04DF31D0
9A0482882B
9A0425DEF6
9A03C93630
9A036C8DD9
9A030FE5F3
9A02B33E7B
9A02569773
9A01F9F0DB
9A019D4AB2
9A0140A4F8
9A00E3FFAE
9A00875AD4
9A002AB668
99FFCE126D
99FF716EE1
99FF14CBC4
99FEB82917
99FE5B86D9
99FDFEE50A
99FDA243AB
99FD45A2BC
99FCE9023C
99FC8C622B
99FC2FC28A
99FBD32358
99FB768496
99FB19E643
99FABD485F
99FA60AAEB
99FA040DE6
99F9A77151
99F94AD52B
99F8EE3975
99F8919E2D
99F8350356
99F7D868ED
99F77BCEF4
99F71F356B
99F6C29C51
99F66603A6
99F6096B6B
99F5ACD39F
99F5503C42
99F4F3A555
99F4970ED7
99F43A78C8
99F3DDE329
99F3814DF9
99F324B939
99F2C824E7
99F26B9106
99F20EFD93
99F1B26A90
99F155D7FC
99F0F945D8
99F09CB423
99F04022DD
99EFE39206
99EF87019F
99EF2A71A7
99EECDE21F
99EE715306
99EE14C45C
99EDB83621
99ED5BA856
99ECFF1AFA
99ECA28E0D
99EC460190
99EBE97582
99EB8CE9E3
99EB305EB3
99EAD3D3F3
99EA7749A2
99EA1ABFC0
99E9BE364E
99E961AD4B
99E90524B7
99E8A89C92
99E84C14DD
99E7EF8D97
99E79306C0
99E7368058
99E6D9FA60
99E67D74D7
99E620EFBD
99E5C46B13
99E567E6D7
99E50B630B
99E4AEDFAE
99E4525CC0
99E3F5DA42
99E3995833
99E33CD693
99E2E05562
99E283D4A0
99E227544E
99E1CAD46B
99E16E54F7
99E111D5F2
99E0B5575C
99E058D936
99DFFC5B7F
99DF9FDE37
99DF43615E
99DEE6E4F4
99DE8A68FA
99DE2DED6E
99DDD17252
99DD74F7A5
99DD187D67
99DCBC0399
99DC5F8A39
99DC031149
99DBA698C8
99DB4A20B6
99DAEDA913
99DA9131DF
99DA34BB1A
99D9D844C5
99D97BCEDF
99D91F5968
99D8C2E45F
99D8666FC7
99D809FB9D
99D7AD87E2
99D7511496
99D6F4A1BA
99D6982F4D
99D63BBD4E
99D5DF4BBF
99D582DA9F
99D52669EE
99D4C9F9AC
99D46D89DA
99D4111A76
99D3B4AB81
99D3583CFC
99D2FBCEE6
99D29F613E
99D242F406
99D1E6873D
99D18A1AE3
99D12DAEF8
99D0D1437C
99D074D86F
99D0186DD1
99CFBC03A2
99CF5F99E2
99CF033091
99CEA6C7B0
99CE4A5F3D
99CDEDF739
99CD918FA5
99CD35287F
99CCD8C1C9
99CC7C5B81
99CC1FF5A9
99CBC3903F
99CB672B45
99CB0AC6BA
99CAAE629D
99CA51FEF0
99C9F59BB1
99C99938E2
99C93CD682
99C8E07490
99C884130E
99C827B1FA
99C7CB5156
99C76EF120
99C712915A
99C6B63202
99C659D31A
99C5FD74A0
99C5A11696
99C544B8FA
99C4E85BCD
99C48BFF10
99C42FA2C1
99C3D346E1
99C376EB70
99C31A906E
99C2BE35DB
99C261DBB7
99C2058202
99C1A928BC
99C14CCFE5
99C0F0777C
99C0941F83
99C037C7F9
99BFDB70DD
99BF7F1A30
99BF22C3F3
99BEC66E24
99BE6A18C4
99BE0DC3D3
99BDB16F51
99BD551B3E
99BCF8C799
99BC9C7464
99BC40219D
99BBE3CF46
99BB877D5D
99BB2B2BE3
99BACEDAD8
99BA728A3C
99BA163A0F
99B9B9EA50
99B95D9B01
99B9014C20
99B8A4FDAE
99B848AFAB
99B7EC6217
99B79014F2
99B733C83B
99B6D77BF4
99B67B301B
99B61EE4B1
99B5C299B6
99B5664F2A
99B50A050D
99B4ADBB5E
99B451721E
99B3F5294D
99B398E0EB
99B33C98F8
99B2E05173
99B2840A5D
99B227C3B7
99B1CB7D7E
99B16F37B5
99B112F25B
99B0B6AD6F
99B05A68F2
99AFFE24E4
99AFA1E144
99AF459E14
99AEE95B52
99AE8D18FF
99AE30D71B
99ADD495A5
99AD78549E
99AD1C1406
99ACBFD3DD
99AC639423
99AC0754D7
99ABAB15FA
99AB4ED78C
99AAF2998C
99AA965BFB
99AA3A1ED9
99A9DDE226
99A981A5E1
99A9256A0C
99A8C92EA5
99A86CF3AC
99A810B922
99A7B47F07
99A758455B
99A6FC0C1E
99A69FD34F
99A6439AEF
99A5E762FD
99A58B2B7A
99A52EF466
99A4D2BDC1
99A476878A
99A41A51C2
99A3BE1C69
99A361E77E
99A305B302
99A2A97EF5
99A24D4B57
99A1F11827
99A194E565
99A138B313
99A0DC812F
99A0804FB9
99A0241EB3
999FC7EE1B
999F6BBDF1
999F0F8E37
999EB35EEA
999E57300D
999DFB019E
999D9ED39E
999D42A60C
999CE678E9
999C8A4C35
999C2E1FEF
999BD1F418
999B75C8B0
999B199DB6
999ABD732B
999A61490E
999A051F60
9999A8F620
99994CCD4F
9998F0A4ED
9998947CF9
9998385574
9997DC2E5E
99978007B6
999723E17C
9996C7BBB1
99966B9655
99960F7167
9995B34CE8
99955728D8
9994FB0536
99949EE202
999442BF3D
9993E69CE7
99938A7AFF
99932E5986
9992D2387B
99927617DF
999219F7B1
9991BDD7F2
999161B8A1
99910599BF
9990A97B4C
99904D5D47
998FF13FB0
998F952288
998F3905CE
998EDCE983
998E80CDA7
998E24B239
998DC89739
998D6C7CA8
998D106286
998CB448D2
998C582F8C
998BFC16B5
998B9FFE4C
998B43E652
998AE7CEC6
998A8BB7A9
998A2FA0FA
9989D38ABA
99897774E8
99891B5F85
9988BF4A90
998863360A
99880721F2
9987AB0E48
99874EFB0D
9986F2E840
998696D5E2
99863AC3F2
9985DEB271
998582A15E
99852690B9
9984CA8083
99846E70BB
9984126162
9983B65277
99835A43FA
9982FE35EC
9982A2284D
9982461B1B
9981EA0E58
99818E0204
998131F61E
9980D5EAA6
998079DF9D
99801DD502
997FC1CAD5
997F65C117
997F09B7C7
997EADAEE6
997E51A673
997DF59E6E
997D9996D7
997D3D8FAF
997CE188F6
997C8582AA
997C297CCD
997BCD775F
997B71725F
997B156DCD
997AB969A9
997A5D65F4
997A0162AD
9979A55FD4
9979495D6A
9978ED5B6E
99789159E0
99783558C1
9977D95810
99777D57CD
99772157F8
9976C55892
997669599A
99760D5B11
9975B15CF6
9975555F49
9974F9620A
99749D653A
99744168D7
9973E56CE4
997389715E
99732D7647
9972D17B9E
9972758163
9972198796
9971BD8E38
9971619548
9971059CC7
9970A9A4B3
99704DAD0E
996FF1B5D7
996F95BF0E
996F39C8B4
996EDDD2C7
996E81DD49
996E25E839
996DC9F398
996D6DFF64
996D120B9F
996CB61848
996C5A2560
996BFE32E5
996BA240D9
996B464F3B
996AEA5E0B
996A8E6D49
996A327CF6
9969D68D10
99697A9D99
99691EAE90
9968C2BFF6
996866D1C9
99680AE40B
9967AEF6BA
99675309D8
9966F71D64
99669B315F
99663F45C7
9965E35A9E
9965876FE3
99652B8595
9964CF9BB7
996473B246
996417C943
9963BBE0AF
99635FF888
99630410D0
9962A82986
99624C42AA
9961F05C3C
996194763C
99613890AB
9960DCAB87
996080C6D2
996024E28B
995FC8FEB2
995F6D1B47
995F11384A
995EB555BB
995E59739A
995DFD91E7
995DA1B0A3
995D45CFCC
995CE9EF64
995C8E0F6A
995C322FDD
995BD650BF
995B7A720F
995B1E93CD
995AC2B5F9
995A66D893
995A0AFB9C
9959AF1F12
99595342F6
9958F76748
99589B8C09
99583FB137
9957E3D6D4
995787FCDE
99572C2357
9956D04A3D
9956747192
9956189955
9955BCC185
995560EA24
9955051331
9954A93CAB
99544D6694
9953F190EB
995395BBAF
995339E6E2
9952DE1283
9952823E92
9952266B0E
9951CA97F9
99516EC552
995112F318
9950B7214D
99505B4FF0
994FFF7F00
994FA3AE7F
994F47DE6B
994EEC0EC6
994E903F8E
994E3470C5
994DD8A269
994D7CD47C
994D2106FC
994CC539EA
994C696D46
994C0DA111
994BB1D549
994B5609EF
994AFA3F03
994A9E7485
994A42AA74
9949E6E0D2
99498B179E
99492F4ED7
9948D3867F
994877BE94
99481BF718
9947C03009
9947646968
994708A335
9946ACDD70
9946511819
9945F5532F
9945998EB4
99453DCAA6
9944E20707
99448643D5
99442A8111
9943CEBEBB
994372FCD3
9943173B59
9942BB7A4C
99425FB9AE
994203F97D
9941A839BA
99414C7A65
9940F0BB7E
994094FD05
9940393EF9
993FDD815C
993F81C42C
993F26076A
993ECA4B16
993E6E8F2F
993E12D3B7
993DB718AC
993D5B5E0F
993CFFA3E0
993CA3EA1F
993C4830CC
993BEC77E6
993B90BF6E
993B350764
993AD94FC8
993A7D989A
993A21E1D9
9939C62B87
99396A75A1
99390EC02A
9938B30B21
9938575685
9937FBA257
99379FEE97
9937443B45
9936E88860
99368CD5E9
99363123E0
9935D57245
993579C117
99351E1057
9934C26005
993466B021
99340B00AA
9933AF51A2
993353A306
9932F7F4D9
99329C4719
99324099C7
9931E4ECE3
993189406D
99312D9464
9930D1E8C9
9930763D9B
99301A92DC
992FBEE88A
992F633EA6
992F07952F
992EABEC26
992E50438B
992DF49B5E
992D98F39E
992D3D4C4C
992CE1A567
992C85FEF0
992C2A58E7
992BCEB34C
992B730E1E
992B17695E
992ABBC50C
992A602127
992A047DB0
9929A8DAA6
99294D380B
9928F195DD
992895F41C
99283A52C9
9927DEB1E4
992783116C
9927277162
9926CBD1C6
9926703297
99261493D6
9925B8F583
99255D579D
992501BA25
9924A61D1A
99244A807D
9923EEE44E
992393488C
992337AD38
9922DC1251
99228077D8
992224DDCD
9921C9442F
99216DAAFF
992112123C
9920B679E7
99205AE200
991FFF4A86
991FA3B379
991F481CDA
991EEC86A9
991E90F0E6
991E355B8F
991DD9C6A7
991D7E322C
991D229E1E
991CC70A7E
991C6B774C
991C0FE487
991BB45230
991B58C046
991AFD2ECA
991AA19DBB
991A460D1A
9919EA7CE6
99198EED20
9919335DC8
9918D7CEDC
99187C405F
991820B24F
9917C524AC
9917699777
99170E0AAF
9916B27E55
991656F269
9915FB66E9
99159FDBD8
9915445134
9914E8C6FD
99148D3D34
991431B3D8
9913D62AEA
99137AA269
99131F1A56
9912C392B0
9912680B77
99120C84AC
9911B0FE4F
991155785F
9910F9F2DC
99109E6DC7
991042E91F
990FE764E5
990F8BE118
990F305DB9
990ED4DAC7
990E795842
990E1DD62B
990DC25481
990D66D345
990D0B5276
990CAFD215
990C545220
990BF8D29A
990B9D5380
990B41D4D5
990AE65696
990A8AD8C5
990A2F5B61
9909D3DE6B
99097861E2
99091CE5C6
9908C16A18
990865EED7
99080A7404
9907AEF99E
9907537FA5
9906F8061A
99069C8CFC
990641144B
9905E59C08
99058A2432
99052EACCA
9904D335CE
990477BF41
99041C4920
9903C0D36D
9903655E27
990309E94E
9902AE74E3
99025300E5
9901F78D55
99019C1A31
990140A77B
9900E53533
990089C357
99002E51E9
98FFD2E0E9
98FF777055
98FF1C002F
98FEC09076
98FE65212B
98FE09B24D
98FDAE43DC
98FD52D5D8
98FCF76842
98FC9BFB18
98FC408E5D
98FBE5220E
98FB89B62D
98FB2E4AB9
98FAD2DFB2
98FA777518
98FA1C0AEC
98F9C0A12D
98F96537DB
98F909CEF7
98F8AE667F
98F852FE75
98F7F796D8
98F79C2FA9
98F740C8E7
98F6E56291
98F689FCAA
98F62E972F
98F5D33221
98F577CD81
98F51C694E
98F4C10588
98F465A230
98F40A3F44
98F3AEDCC6
98F3537AB5
98F2F81911
98F29CB7DB
98F2415711
98F1E5F6B5
98F18A96C6
98F12F3744
98F0D3D82F
98F0787988
98F01D1B4D
98EFC1BD80
98EF666020
98EF0B032D
98EEAFA6A8
98EE544A8F
98EDF8EEE4
98ED9D93A5
98ED4238D4
98ECE6DE70
98EC8B847A
98EC302AF0
98EBD4D1D3
98EB797924
98EB1E20E2
98EAC2C90C
98EA6771A4
98EA0C1AAA
98E9B0C41C
98E9556DFB
98E8FA1848
98E89EC301
98E8436E28
98E7E819BB
98E78CC5BC
98E731722A
98E6D61F05
98E67ACC4D
98E61F7A03
98E5C42825
98E568D6B4
98E50D85B1
98E4B2351A
98E456E4F1
98E3FB9535
98E3A045E5
98E344F703
98E2E9A88E
98E28E5A86
98E2330CEB
98E1D7BFBD
98E17C72FC
98E12126A8
98E0C5DAC1
98E06A8F48
98E00F443B
98DFB3F99B
98DF58AF68
98DEFD65A3
98DEA21C4A
98DE46D35F
98DDEB8AE0
98DD9042CE
98DD34FB2A
98DCD9B3F2
98DC7E6D28
98DC2326CA
98DBC7E0DA
98DB6C9B56
98DB115640
98DAB61196
98DA5ACD59
98D9FF898A
98D9A44627
98D9490332
98D8EDC0A9
98D8927E8D
98D8373CDF
98D7DBFB9D
98D780BAC8
98D7257A60
98D6CA3A65
98D66EFAD8
98D613BBB7
98D5B87D03
98D55D3EBC
98D50200E2
98D4A6C374
98D44B8674
98D3F049E1
98D3950DBB
98D339D201
98D2DE96B5
98D2835BD5
98D2282163
98D1CCE75D
98D171ADC4
98D1167498
98D0BB3BD9
98D0600387
98D004CBA2
98CFA9942A
98CF4E5D1E
98CEF32680
98CE97F04E
98CE3CBA89
98CDE18532
98CD865047
98CD2B1BC9
98CCCFE7B7
98CC74B413
98CC1980DC
98CBBE4E11
98CB631BB3
98CB07E9C3
98CAACB83F
98CA518727
98C9F6567D
98C99B2640
98C93FF66F
98C8E4C70B
98C8899814
98C82E698A
98C7D33B6D
98C7780DBD
98C71CE079
98C6C1B3A2
98C6668739
98C60B5B3B
98C5B02FAB
98C5550488
98C4F9D9D1
98C49EAF87
98C44385AA
98C3E85C3A
98C38D3336
98C3320AA0
98C2D6E276
98C27BBAB9
98C2209369
98C1C56C85
98C16A460E
98C10F2004
98C0B3FA67
98C058D537
98BFFDB073
98BFA28C1C
98BF476832
98BEEC44B5
98BE9121A4
98BE35FF00
98BDDADCC9
98BD7FBAFF
98BD2499A1
98BCC978B1
98BC6E582D
98BC133815
98BBB8186B
98BB5CF92D
98BB01DA5B
98BAA6BBF7
98BA4B9DFF
98B9F08074
98B9956356
98B93A46A4
98B8DF2A60
98B8840E87
98B828F31C
98B7CDD81D
98B772BD8B
98B717A366
98B6BC89AD
98B6617061
98B6065782
98B5AB3F0F
98B5502709
98B4F50F70
98B499F843
98B43EE184
98B3E3CB30
98B388B54A
98B32D9FD0
98B2D28AC3
98B2777622
98B21C61EE
98B1C14E27
98B1663ACC
98B10B27DE
98B0B0155D
98B0550348
98AFF9F1A0
98AF9EE064
98AF43CF96
98AEE8BF33
98AE8DAF3E
98AE329FB5
98ADD79098
98AD7C81E9
98AD2173A6
98ACC665CF
98AC6B5865
98AC104B68
98ABB53ED7
98AB5A32B3
98AAFF26FC
98AAA41BB1
98AA4910D2
98A9EE0661
98A992FC5B
98A937F2C3
98A8DCE997
98A881E0D7
98A826D885
98A7CBD09E
98A770C925
98A715C217
98A6BABB77
98A65FB543
98A604AF7B
98A5A9AA20
98A54EA532
98A4F3A0B0
98A4989C9B
98A43D98F2
98A3E295B6
98A38792E6
98A32C9083
98A2D18E8C
98A2768D02
98A21B8BE4
98A1C08B33
98A1658AEF
98A10A8B16
98A0AF8BAB
98A0548CAC
989FF98E19
989F9E8FF3
989F43923A
989EE894ED
989E8D980C
989E329B98
989DD79F90
989D7CA3F5
989D21A8C6
989CC6AE04
989C6BB3AF
989C10B9C5
989BB5C049
989B5AC738
989AFFCE94
989AA4D65D
989A49DE92
9899EEE734
989993F042
989938F9BC
9898DE03A3
9898830DF6
98982818B6
9897CD23E2
9897722F7B
9897173B80
9896BC47F1
98966154CF
9896066219
9895AB6FD0
9895507DF3
9894F58C83
98949A9B7F
98943FAAE7
9893E4BABC
989389CAFD
98932EDBAA
9892D3ECC4
989278FE4B
98921E103D
9891C3229C
9891683568
98910D48A0
9890B25C44
9890577055
988FFC84D1
988FA199BB
988F46AF11
988EEBC4D3
988E90DB01
988E35F19C
988DDB08A3
988D802016
988D2537F6
988CCA5042
988C6F68FB
988C148220
988BB99BB1
988B5EB5AE
988B03D018
988AA8EAEE
988A4E0631
9889F321E0
9889983DFB
98893D5A82
9888E27776
98888794D6
98882CB2A2
9887D1D0DB
988776EF80
98871C0E91
9886C12E0E
9886664DF8
98860B6E4E
9885B08F11
988555B03F
9884FAD1DA
98849FF3E2
9884451655
9883EA3935
98838F5C81
9883348039
9882D9A45E
98827EC8EE
988223EDEB
9881C91355
98816E392A
9881135F6C
9880B8861A
98805DAD34
988002D4BB
987FA7FCAE
987F4D250D
987EF24DD8
987E97770F
987E3CA0B3
987DE1CAC3
987D86F53F
987D2C2027
987CD14B7C
987C76773C
987C1BA369
987BC0D002
987B65FD08
987B0B2A79
987AB05857
987A5586A1
9879FAB557
98799FE479
9879451408
9878EA4402
98788F7469
987834A53C
9877D9D67B
98777F0826
9877243A3E
9876C96CC1
98766E9FB1
987613D30D
9875B906D5
98755E3B09
9875036FAA
9874A8A4B6
98744DDA2F
9873F31014
9873984665
98733D7D22
9872E2B44B
987287EBE0
98722D23E1
9871D25C4F
9871779529
98711CCE6E
9870C20820
987067423E
98700C7CC8
986FB1B7BE
986F56F321
986EFC2EEF
986EA16B2A
986E46A7D0
986DEBE4E3
986D912261
986D36604C
986CDB9EA3
986C80DD66
986C261C95
986BCB5C30
986B709C37
986B15DCAB
986ABB1D8A
986A605ED5
986A05A08D
9869AAE2B0
986950253F
9868F5683B
98689AABA3
98683FEF76
9867E533B6
98678A7861
98672FBD79
9866D502FD
98667A48ED
98661F8F48
9865C4D610
98656A1D44
98650F64E4
9864B4ACF0
986459F568
9863FF3E4B
9863A4879B
986349D157
9862EF1B7F
9862946613
986239B113
9861DEFC7E
9861844856
986129949A
9860CEE14A
9860742E65
9860197BED
985FBEC9E1
985F641840
985F09670C
985EAEB643
985E5405E7
985DF955F6
985D9EA672
985D43F759
985CE948AC
985C8E9A6B
985C33EC97
985BD93F2E
985B7E9231
985B23E5A0
985AC9397B
985A6E8DC1
985A13E274
9859B93793
98595E8D1D
985903E314
9858A93976
98584E9045
9857F3E77F
9857993F25
98573E9737
9856E3EFB5
985689489E
98562EA1F4
9855D3FBB6
98557955E3
98551EB07C
9854C40B82
98546966F3
98540EC2D0
9853B41F18
9853597BCD
9852FED8EE
9852A4367A
9852499472
9851EEF2D6
98519451A6
985139B0E2
9850DF108A
985084709D
985029D11D
984FCF3208
984F74935F
984F19F522
984EBF5750
984E64B9EB
984E0A1CF1
984DAF8063
984D54E441
984CFA488B
984C9FAD40
984C451262
984BEA77EF
984B8FDDE8
984B35444D
984ADAAB1D
984A801259
984A257A02
9849CAE215
9849704A95
984915B381
9848BB1CD8
984860869B
984805F0CA
9847AB5B64
984750C66B
9846F631DD
98469B9DBB
9846410A04
9845E676BA
98458BE3DB
9845315167
9844D6BF60
98447C2DC4
9844219C95
9843C70BD0
98436C7B78
984311EB8B
9842B75C0A
98425CCCF5
9842023E4B
9841A7B00E
98414D223B
9840F294D5
98409807DA
98403D7B4B
983FE2EF28
983F886371
983F2DD825
983ED34D44
983E78C2D0
983E1E38C7
983DC3AF2A
983D6925F9
983D0E9D33
983CB414D9
983C598CEA
983BFF0568
983BA47E51
983B49F7A5
983AEF7165
983A94EB91
983A3A6629
9839DFE12C
9839855C9B
98392AD876
9838D054BC
983875D16E
98381B4E8B
9837C0CC14
9837664A09
98370BC869
9836B14735
983656C66D
9835FC4610
9835A1C61F
9835474699
9834ECC77F
98349248D1
983437CA8E
9833DD4CB7
983382CF4C
983328524C
9832CDD5B8
983273598F
983218DDD2
9831BE6280
983163E79A
9831096D20
9830AEF311
983054796E
982FFA0036
982F9F876A
982F450F0A
982EEA9715
982E901F8B
982E35A86D
982DDB31BB
982D80BB74
982D264599
982CCBD02A
982C715B25
982C16E68D
982BBC7260
982B61FE9E
982B078B48
982AAD185E
982A52A5DF
9829F833CC
98299DC224
98294350E8
9828E8E017
98288E6FB1
982833FFB8
9827D99029
98277F2106
982724B24F
9826CA4403
98266FD623
98261568AE
9825BAFBA5
9825608F07
98250622D5
9824ABB70E
9824514BB2
9823F6E0C2
98239C763E
9823420C25
9822E7A277
98228D3935
982232D05F
9821D867F3
98217DFFF4
982123985F
9820C93136
98206ECA79
9820146427
981FB9FE41
981F5F98C6
981F0533B6
981EAACF12
981E506AD9
981DF6070B
981D9BA3AA
981D4140B3
981CE6DE28
981C8C7C08
981C321A54
981BD7B90B
981B7D582D
981B22F7BB
981AC897B5
981A6E3819
981A13D8E9
9819B97A25
98195F1BCC
981904BDDE
9818AA605C
9818500345
9817F5A699
98179B4A59
981740EE84
9816E6931A
98168C381C
981631DD89
9815D78362
98157D29A6
981522D055
9814C8776F
98146E1EF5
981413C6E7
9813B96F43
98135F180B
981304C13F
9812AA6ADD
98125014E7
9811F5BF5C
98119B6A3D
9811411589
9810E6C140
98108C6D63
98103219F0
980FD7C6E9
980F7D744E
980F23221E
980EC8D059
980E6E7EFF
980E142E11
980DB9DD8E
980D5F8D76
980D053DC9
980CAAEE88
980C509FB2
980BF65147
980B9C0348
980B41B5B4
980AE7688B
980A8D1BCD
980A32CF7B
9809D88394
98097E3818
980923ED07
9808C9A262
98086F5828
9808150E59
9807BAC4F5
9807607BFD
9807063370
9806ABEB4E
980651A397
9805F75C4B
98059D156B
980542CEF6
9804E888EC
98048E434E
980433FE1A
9803D9B952
98037F74F5
9803253103
9802CAED7D
980270AA61
98021667B1
9801BC256C
980161E392
980107A223
9800AD6120
9800532088
97FFF8E05B
97FF9EA099
97FF446142
97FEEA2256
97FE8FE3D6
97FE35A5C0
97FDDB6816
97FD812AD7
97FD26EE04
97FCCCB19B
97FC72759D
97FC183A0B
97FBBDFEE4
97FB63C427
97FB0989D7
97FAAF4FF1
97FA551676
97F9FADD66
97F9A0A4C2
97F9466C88
97F8EC34BA
97F891FD57
97F837C65F
97F7DD8FD2
97F78359B0
97F72923FA
97F6CEEEAE
97F674B9CD
97F61A8558
97F5C0514E
97F5661DAE
97F50BEA7A
97F4B1B7B1
97F4578553
97F3FD5360
97F3A321D8
97F348F0BC
97F2EEC00A
97F2948FC3
97F23A5FE8
97F1E03077
97F1860172
97F12BD2D7
97F0D1A4A8
97F07776E4
97F01D498A
97EFC31C9C
97EF68F019
97EF0EC401
97EEB49854
97EE5A6D11
97EE00423A
97EDA617CE
97ED4BEDCD
97ECF1C437
97EC979B0C
97EC3D724C
97EBE349F7
97EB89220D
97EB2EFA8E
97EAD4D37A
97EA7AACD1
97EA208693
97E9C660C0
97E96C3B58
97E912165B
97E8B7F1C9
97E85DCDA2
97E803A9E6
97E7A98695
97E74F63AF
97E6F54134
97E69B1F23
97E640FD7E
97E5E6DC44
97E58CBB75
97E5329B10
97E4D87B17
97E47E5B88
97E4243C65
97E3CA1DAC
97E36FFF5F
97E315E17C
97E2BBC404
97E261A6F7
97E2078A55
97E1AD6E1E
97E1535252
97E0F936F1
97E09F1BFB
97E045016F
97DFEAE74F
97DF90CD9A
97DF36B44F
97DEDC9B6F
97DE8282FA
97DE286AF0
97DDCE5351
97DD743C1D
97DD1A2554
97DCC00EF6
97DC65F902
97DC0BE37A
97DBB1CE5C
97DB57B9A9
97DAFDA561
97DAA39184
97DA497E12
97D9EF6B0A
97D995586E
97D93B463C
97D8E13475
97D8872319
97D82D1228
97D7D301A2
97D778F186
97D71EE1D6
97D6C4D290
97D66AC3B5
97D610B545
97D5B6A740
97D55C99A5
97D5028C75
97D4A87FB1
97D44E7357
97D3F46767
97D39A5BE3
97D34050C9
97D2E6461B
97D28C3BD7
97D23231FD
97D1D8288F
97D17E1F8B
97D12416F2
97D0CA0EC4
97D0700701
97D015FFA9
97CFBBF8BB
97CF61F238
97CF07EC20
97CEADE673
97CE53E130
97CDF9DC58
97CD9FD7EB
97CD45D3E9
97CCEBD051
97CC91CD24
97CC37CA62
97CBDDC80B
97CB83C61E
97CB29C49C
97CACFC385
97CA75C2D9
97CA1BC297
97C9C1C2C0
97C967C354
97C90DC452
97C8B3C5BC
97C859C78F
97C7FFC9CE
97C7A5CC77
97C74BCF8C
97C6F1D30A
97C697D6F4
97C63DDB48
97C5E3E007
97C589E530
97C52FEAC5
97C4D5F0C4
97C47BF72D
97C421FE01
97C3C80540
97C36E0CEA
97C31414FE
97C2BA1D7D
97C2602667
97C2062FBB
97C1AC397A
97C15243A4
97C0F84E38
97C09E5937
97C04464A1
97BFEA7075
97BF907CB4
97BF36895D
97BEDC9672
97BE82A3F0
97BE28B1DA
97BDCEC02E
97BD74CEED
97BD1ADE16
97BCC0EDAA
97BC66FDA8
97BC0D0E11
97BBB31EE5
97BB593024
97BAFF41CD
97BAA553E0
97BA4B665E
97B9F17947
97B9978C9B
97B93DA058
97B8E3B481
97B889C914
97B82FDE12
97B7D5F37A
97B77C094D
97B7221F8B
97B6C83633
97B66E4D45
97B61464C2
97B5BA7CAA
97B56094FC
97B506ADB9
97B4ACC6E1
97B452E072
97B3F8FA6F
97B39F14D6
97B3452FA8
97B2EB4AE4
97B291668A
97B237829B
97B1DD9F17
97B183BBFD
97B129D94E
97B0CFF709
97B076152F
97B01C33C0
97AFC252BA
97AF687220
97AF0E91F0
97AEB4B22A
97AE5AD2CF
97AE00F3DE
97ADA71558
97AD4D373C
97ACF3598B
97AC997C45
97AC3F9F68
97ABE5C2F7
97AB8BE6EF
97AB320B53
97AAD83020
97AA7E5559
97AA247AFB
97A9CAA108
97A970C780
97A916EE62
97A8BD15AE
97A8633D65
97A8096587
97A7AF8E13
97A755B709
97A6FBE06A
97A6A20A35
97A648346A
97A5EE5F0A
97A5948A15
97A53AB58A
97A4E0E169
97A4870DB3
97A42D3A67
97A3D36786
97A379950F
97A31FC302
97A2C5F160
97A26C2028
97A2124F5A
97A1B87EF7
97A15EAEFF
97A104DF71
97A0AB104D
97A0514193
979FF77344
979F9DA560
979F43D7E5
979EEA0AD5
979E903E30
979E3671F5
979DDCA624
979D82DABD
979D290FC1
979CCF452F
979C757B08
979C1BB14B
979BC1E7F8
979B681F10
979B0E5692
979AB48E7E
979A5AC6D5
979A00FF96
9799A738C1
97994D7257
9798F3AC57
979899E6C1
9798402196
9797E65CD5
97978C987E
979732D492
9796D91110
97967F4DF8
9796258B4A
9795CBC907
979572072E
97951845C0
9794BE84BB
979464C421
97940B03F2
9793B1442C
97935784D1
9792FDC5E0
9792A40759
97924A493D
9791F08B8B
979196CE43
97913D1166
9790E354F2
97908998E9
97902FDD4A
978FD62216
978F7C674B
978F22ACEB
978EC8F2F6
978E6F396A
978E158049
978DBBC792
978D620F45
978D085762
978CAE9FEA
978C54E8DB
978BFB3237
978BA17BFE
978B47C62E
978AEE10C9
978A945BCE
978A3AA73D
9789E0F316
9789873F59
97892D8C07
9788D3D91F
97887A26A1
978820748D
9787C6C2E4
97876D11A4
97871360CF
9786B9B064
9786600063
97860650CC
9785ACA1A0
978552F2DE
9784F94485
97849F9697
978445E913
9783EC3BFA
9783928F4A
978338E305
9782DF3729
9782858BB8
97822BE0B1
9781D23614
9781788BE2
97811EE219
9780C538BA
97806B8FC6
978011E73C
977FB83F1C
977F5E9766
977F04F01A
977EAB4938
977E51A2C0
977DF7FCB3
977D9E570F
977D44B1D6
977CEB0D07
977C9168A1
977C37C4A6
977BDE2115
977B847DEE
977B2ADB31
977AD138DF
977A7796F6
977A1DF577
9779C45463
97796AB3B8
9779111378
9778B773A1
97785DD435
9778043533
9777AA969B
977750F86D
9776F75AA8
97769DBD4E
977644205E
9775EA83D8
977590E7BC
9775374C0A
9774DDB0C3
97748415E5
97742A7B71
9773D0E167
97737747C7
97731DAE91
9772C415C6
97726A7D64
977210E56C
9771B74DDE
97715DB6BB
9771042001
9770AA89B1
977050F3CB
976FF75E50
976F9DC93E
976F443496
976EEAA058
976E910C84
976E37791A
976DDDE61A
976D845385
976D2AC159
976CD12F97
976C779E3F
976C1E0D50
976BC47CCC
976B6AECB2
976B115D02
976AB7CDBC
976A5E3EDF
976A04B06D
9769AB2264
97695194C6
9768F80791
97689E7AC7
976844EE66
9767EB626F
976791D6E2
9767384BBF
9766DEC106
97668536B7
97662BACD2
9765D22356
9765789A45
97651F119D
9764C58960
97646C018C
9764127A22
9763B8F322
97635F6C8C
976305E660
9762AC609D
976252DB45
9761F95656
97619FD1D2
9761464DB7
9760ECCA06
97609346BF
976039C3E2
975FE0416E
975F86BF65
975F2D3DC5
975ED3BC8F
975E7A3BC3
975E20BB61
975DC73B69
975D6DBBDA
975D143CB6
975CBABDFB
975C613FAA
975C07C1C3
975BAE4445
975B54C732
975AFB4A88
975AA1CE48
975A485272
9759EED706
9759955C04
97593BE16B
9758E2673C
975888ED77
97582F741C
9757D5FB2A
97577C82A3
9757230A85
9756C992D1
9756701B86
975616A4A6
9755BD2E2F
975563B822
97550A427F
9754B0CD45
9754575876
9753FDE410
9753A47013
97534AFC81
9752F18958
9752981699
97523EA444
9751E53259
97518BC0D7
9751324FBF
9750D8DF11
97507F6ECC
975025FEF1
974FCC8F80
974F732079
974F19B1DB
974EC043A8
974E66D5DD
974E0D687D
974DB3FB86
974D5A8EF9
974D0122D6
974CA7B71C
974C4E4BCC
974BF4E0E6
974B9B7669
974B420C56
974AE8A2AD
974A8F396E
974A35D098
9749DC682C
9749830029
9749299890
9748D03161
974876CA9C
97481D6440
9747C3FE4E
97476A98C5
97471133A6
9746B7CEF1
97465E6AA6
97460506C4
9745ABA34C
974552403D
9744F8DD98
97449F7B5D
974446198B
9743ECB823
9743935724
974339F68F
9742E09664
97428736A3
97422DD74B
9741D4785C
97417B19D8
974121BBBC
9740C85E0B
97406F00C3
974015A3E4
973FBC4770
973F62EB64
973F098FC3
973EB0348B
973E56D9BC
973DFD7F58
973DA4255C
973D4ACBCB
973CF172A3
973C9819E4
973C3EC18F
973BE569A4
973B8C1222
973B32BB09
973AD9645B
973A800E15
973A26B83A
9739CD62C8
9739740DBF
97391AB920
9738C164EB
973868111F
97380EBDBC
9737B56AC3
97375C1834
973702C60E
9736A97452
97365022FF
9735F6D216
97359D8196
973544317F
9734EAE1D3
973491928F
97343843B6
9733DEF545
973385A73F
97332C59A1
9732D30C6D
973279BFA3
9732207342
9731C7274B
97316DDBBD
9731149099
9730BB45DE
973061FB8C
973008B1A4
972FAF6826
972F561F11
972EFCD665
972EA38E23
972E4A464A
972DF0FEDB
972D97B7D5
972D3E7139
972CE52B06
972C8BE53C
972C329FDC
972BD95AE6
972B801658
972B26D235
972ACD8E7A
972A744B29
972A1B0842
9729C1C5C4
97296883AF
97290F4204
9728B600C2
97285CBFE9
9728037F7A
9727AA3F75
972750FFD8
9726F7C0A5
97269E81DC
972645437C
9725EC0585
972592C7F8
9725398AD4
9724E04E19
97248711C8
97242DD5E0
9723D49A61
97237B5F4C
97232224A0
9722C8EA5E
97226FB085
9722167715
9721BD3E0F
9721640572
97210ACD3E
9720B19574
9720585E13
971FFF271B
971FA5F08D
971F4CBA68
971EF384AC
971E9A4F5A
971E411A71
971DE7E5F1
971D8EB1DB
971D357E2E
971CDC4AEA
971C83180F
971C29E59E
971BD0B396
971B7781F8
971B1E50C2
971AC51FF6
971A6BEF94
971A12BF9A
9719B9900A
97196060E3
9719073226
9718AE03D1
971854D5E6
9717FBA865
9717A27B4C
9717494E9D
9716F02257
971696F67A
97163DCB07
9715E49FFD
97158B755C
9715324B24
9714D92155
97147FF7F0
971426CEF4
9713CDA662
9713747E38
97131B5678
9712C22F21
9712690833
97120FE1AE
9711B6BB93
97115D95E1
9711047098
9710AB4BB8
9710522741
970FF90334
970F9FDF90
970F46BC55
970EED9983
970E94771B
970E3B551B
970DE23385
970D891258
970D2FF194
970CD6D139
970C7DB148
970C2491C0
970BCB72A1
970B7253EB
970B19359E
970AC017BA
970A66FA40
970A0DDD2E
9709B4C086
97095BA447
9709028871
9708A96D05
9708505201
9707F73766
97079E1D35
970745036D
9706EBEA0E
970692D118
970639B88B
9705E0A068
97058788AD
97052E715B
9704D55A73
97047C43F4
9704232DDE
9703CA1831
97037102ED
970317EE12
9702BED9A0
970265C598
97020CB1F8
9701B39EC2
97015A8BF4
9701017990
9700A86795
97004F5603
96FFF644DA
96FF9D341A
96FF4423C3
96FEEB13D5
96FE920450
96FE38F534
96FDDFE682
96FD86D838
96FD2DCA58
96FCD4BCE0
96FC7BAFD2
96FC22A32C
96FBC996F0
96FB708B1C
96FB177FB2
96FABE74B1
96FA656A18
96FA0C5FE9
96F9B35623
96F95A4CC6
96F90143D2
96F8A83B46
96F84F3324
96F7F62B6B
96F79D241B
96F7441D34
96F6EB16B6
96F69210A0
96F6390AF4
96F5E005B1
96F58700D7
96F52DFC66
96F4D4F85E
96F47BF4BE
96F422F188
96F3C9EEBB
96F370EC56
96F317EA5B
96F2BEE8C9
96F265E79F
96F20CE6DF
96F1B3E687
96F15AE699
96F101E713
96F0A8E7F7
96F04FE943
96EFF6EAF8
96EF9DED16
96EF44EF9D
96EEEBF28D
96EE92F5E6
96EE39F9A8
96EDE0FDD3
96ED880267
96ED2F0764
96ECD60CC9
96EC7D1298
96EC2418CF
96EBCB1F6F
96EB722679
96EB192DEB
96EAC035C6
96EA673E0A
96EA0E46B7
96E9B54FCC
96E95C594B
96E9036332
96E8AA6D83
96E851783C
96E7F8835E
96E79F8EE9
96E7469ADD
96E6EDA73A
96E694B3FF
96E63BC12E
96E5E2CEC5
96E589DCC6
96E530EB2F
96E4D7FA00
96E47F093B
96E42618DF
96E3CD28EB
96E3743961
96E31B4A3F
96E2C25B86
96E2696D35
96E2107F4E
96E1B791D0
96E15EA4BA
96E105B80D
96E0ACCBC9
96E053DFEE
96DFFAF47B
96DFA20971
96DF491ED1
96DEF03499
96DE974AC9
96DE3E6163
96DDE57865
96DD8C8FD0
96DD33A7A4
96DCDABFE1
96DC81D887
96DC28F195
96DBD00B0C
96DB7724EC
96DB1E3F34
96DAC559E6
96DA6C7500
96DA139083
96D9BAAC6F
96D961C8C3
96D908E580
96D8B002A6
96D8572035
96D7FE3E2C
96D7A55C8C
96D74C7B55
96D6F39A87
96D69ABA21
96D641DA25
96D5E8FA91
96D5901B65
96D5373CA2
96D4DE5E48
96D4858057
96D42CA2CF
96D3D3C5AF
96D37AE8F8
96D3220CA9
96D2C930C4
96D2705547
96D2177A33
96D1BE9F87
96D165C544
96D10CEB6A
96D0B411F8
96D05B38F0
96D002604F
96CFA98818
96CF50B049
96CEF7D8E3
96CE9F01E6
96CE462B51
96CDED5525
96CD947F61
96CD3BAA06
96CCE2D514
96CC8A008B
96CC312C6A
96CBD858B2
96CB7F8562
96CB26B27C
96CACDDFFD
96CA750DE8
96CA1C3C3B
96C9C36AF6
96C96A9A1B
96C911C9A8
96C8B8F99D
96C86029FB
96C8075AC2
96C7AE8BF1
96C755BD89
96C6FCEF8A
96C6A421F3
96C64B54C5
96C5F28800
96C599BBA3
96C540EFAE
96C4E82422
96C48F58FF
96C4368E45
96C3DDC3F3
96C384FA09
96C32C3088
96C2D36770
96C27A9EC0
96C221D679
96C1C90E9A
96C1704724
96C1178017
96C0BEB972
96C065F336
96C00D2D62
96BFB467F7
96BF5BA2F4
96BF02DE5A
96BEAA1A28
96BE51565F
96BDF892FF
96BD9FD007
96BD470D77
96BCEE4B50
96BC958992
96BC3CC83C
96BBE4074E
96BB8B46CA
96BB3286AD
96BAD9C6F9
96BA8107AE
96BA2848CB
96B9CF8A51
96B976CC3F
96B91E0E96
96B8C55155
96B86C947D
96B813D80D
96B7BB1C05
96B7626066
96B709A530
96B6B0EA62
96B6582FFD
96B5FF7600
96B5A6BC6B
96B54E033F
96B4F54A7B
96B49C9220
96B443DA2E
96B3EB22A3
96B3926B82
96B339B4C8
96B2E0FE77
96B288488F
96B22F930F
96B1D6DDF7
96B17E2948
96B1257502
96B0CCC123
96B0740DAE
96B01B5AA0
96AFC2A7FB
96AF69F5BF
96AF1143EA
96AEB8927F
96AE5FE17B
96AE0730E0
96ADAE80AE
96AD55D0E4
96ACFD2182
96ACA47289
96AC4BC3F8
96ABF315CF
96AB9A680F
96AB41BAB7
96AAE90DC8
96AA906141
96AA37B522
96A9DF096C
96A9865E1E
96A92DB338
96A8D508BB
96A87C5EA6
96A823B4FA
96A7CB0BB6
96A77262DA
96A719BA67
96A6C1125C
96A6686AB9
96A60FC37F
96A5B71CAD
96A55E7643
96A505D042
96A4AD2AA9
96A4548578
96A3FBE0AF
96A3A33C4F
96A34A9858
96A2F1F4C8
96A29951A1
96A240AEE2
96A1E80C8C
96A18F6A9E
96A136C918
96A0DE27FA
96A0858745
96A02CE6F8
969FD44713
969F7BA797
969F230883
969ECA69D7
969E71CB93
969E192DB8
969DC09045
969D67F33A
969D0F5698
969CB6BA5E
969C5E1E8C
969C058322
969BACE821
969B544D88
969AFBB357
969AA3198E
969A4A802E
9699F1E735
9699994EA5
969940B67E
9698E81EBE
96988F8767
969836F078
9697DE59F1
969785C3D3
96972D2E1C
9696D498CE
96967C03E8
9696236F6B
9695CADB55
96957247A8
969519B463
9694C12186
9694688F11
96940FFD05
9693B76B61
96935EDA25
9693064951
9692ADB8E5
96925528E1
9691FC9946
9691A40A13
96914B7B48
9690F2ECE5
96909A5EEA
969041D158
968FE9442D
968F90B76B
968F382B11
968EDF9F1F
968E871396
968E2E8874
968DD5FDBB
968D7D7369
968D24E980
968CCC5FFF
968C73D6E6
968C1B4E36
968BC2C5ED
968B6A3E0D
968B11B694
968AB92F84
968A60A8DC
968A08229C
9689AF9CC4
9689571754
9688FE924C
9688A60DAD
96884D8975
9687F505A6
96879C823F
968743FF3F
9686EB7CA8
968692FA79
96863A78B2
9685E1F754
968589765D
968530F5CE
9684D875A7
96847FF5E9
9684277692
9683CEF7A4
968376791E
96831DFAFF
9682C57D49
96826CFFFB
9682148315
9681BC0696
9681638A80
96810B0ED2
9680B2938C
96805A18AE
9680019E38
967FA9242B
967F50AA85
967EF83147
967E9FB871
967E474003
967DEEC7FE
967D965060
967D3DD92A
967CE5625C
967C8CEBF7
967C3475F9
967BDC0063
967B838B35
967B2B1670
967AD2A212
967A7A2E1C
967A21BA8E
9679C94768
967970D4AB
9679186255
9678BFF067
9678677EE1
96780F0DC3
9677B69D0D
96775E2CBF
967705BCD9
9676AD4D5B
967654DE45
9675FC6F97
9675A40150
96754B9372
9674F325FC
96749AB8ED
9674424C47
9673E9E008
9673917432
96733908C3
9672E09DBC
967288331E
96722FC8E7
9671D75F18
96717EF5B1
9671268CB2
9670CE241A
967075BBEB
96701D5424
966FC4ECC4
966F6C85CC
966F141F3D
966EBBB915
966E635355
966E0AEDFD
966DB2890D
966D5A2484
966D01C064
966CA95CAC
966C50F95B
966BF89672
966BA033F1
966B47D1D8
966AEF7027
966A970EDE
966A3EADFC
9669E64D83
96698DED71
9669358DC7
9668DD2E85
966884CFAB
96682C7138
9667D4132E
96677BB58B
9667235850
9666CAFB7D
9666729F12
96661A430E
9665C1E773
9665698C3F
9665113173
9664B8D70F
9664607D12
966408237E
9663AFCA51
966357718C
9662FF192F
9662A6C13A
96624E69AC
9661F61287
96619DBBC9
9661456572
9660ED0F84
966094B9FD
96603C64DF
965FE41028
965F8BBBD8
965F3367F1
965EDB1471
965E82C159
965E2A6EA9
965DD21C60
965D79CA7F
965D217906
965CC927F5
965C70D74C
965C18870A
965BC03730
965B67E7BE
965B0F98B3
965AB74A10
965A5EFBD5
965A06AE02
9659AE6096
9659561392
9658FDC6F6
9658A57AC2
96584D2EF5
9657F4E390
96579C9893
9657444DFD
9656EC03CF
965693BA09
96563B70AA
9655E327B3
96558ADF24
96553296FD
9654DA4F3D
96548207E5
965429C0F4
9653D17A6C
965379344B
965320EE91
9652C8A93F
9652706455
9652181FD3
9651BFDBB8
9651679805
96510F54BA
9650B711D6
96505ECF5A
9650068D45
964FAE4B98
964F560A53
964EFDC975
964EA588FF
964E4D48F1
964DF5094A
964D9CCA0B
964D448B34
964CEC4CC4
964C940EBC
964C3BD11B
964BE393E2
964B8B5711
964B331AA7
964ADADEA5
964A82A30A
964A2A67D7
9649D22D0C
964979F2A8
964921B8AC
9648C97F17
96487145EA
9648190D25
9647C0D4C7
9647689CD1
9647106542
9646B82E1B
96465FF75B
964607C103
9645AF8B13
964557558A
9644FF2068
9644A6EBAF
96444EB75C
9643F68372
96439E4FEE
9643461CD3
9642EDEA1F
964295B7D2
96423D85ED
9641E55470
96418D235A
964134F2AB
9640DCC265
9640849285
96402C630D
963FD433FD
963F7C0554
963F23D713
963ECBA939
963E737BC7
963E1B4EBC
963DC32219
963D6AF5DD
963D12CA08
963CBA9E9C
963C627396
963C0A48F8
963BB21EC2
963B59F4F3
963B01CB8C
963AA9A28C
963A5179F3
9639F951C2
9639A129F8
9639490296
9638F0DB9C
963898B509
9638408EDD
9637E86918
96379043BC
9637381EC6
9636DFFA38
963687D612
96362FB253
9635D78EFB
96357F6C0B
9635274982
9634CF2761
96347705A7
96341EE454
9633C6C369
96336EA2E5
96331682C9
9632BE6314
96326643C7
96320E24E1
9631B60662
96315DE84B
963105CA9B
9630ADAD52
9630559071
962FFD73F8
962FA557E5
962F4D3C3A
962EF520F7
962E9D061B
962E44EBA6
962DECD198
962D94B7F2
962D3C9EB4
962CE485DC
962C8C6D6C
962C345564
962BDC3DC2
962B842688
962B2C0FB6
962AD3F94B
962A7BE347
962A23CDAA
9629CBB875
962973A3A7
96291B8F40
9628C37B41
96286B67A9
9628135479
9627BB41AF
9627632F4D
96270B1D53
9626B30BC0
96265AFA93
962602E9CF
9625AAD971
962552C97B
9624FAB9EC
9624A2AAC5
96244A9C05
9623F28DAC
96239A7FBA
9623427230
9622EA650D
9622925851
96223A4BFC
9621E2400F
96218A3489
962132296A
9620DA1EB3
9620821463
96202A0A7A
961FD200F8
961F79F7DE
961F21EF2B
961EC9E6DF
961E71DEFA
961E19D77C
961DC1D066
961D69C9B7
961D11C370
961CB9BD8F
961C61B816
961C09B304
961BB1AE59
961B59AA15
961B01A639
961AA9A2C4
961A519FB6
9619F99D0F
9619A19ACF
96194998F7
9618F19786
961899967C
96184195D9
9617E9959E
96179195C9
961739965C
9616E19756
96168998B7
9616319A80
9615D99CAF
9615819F46
961529A244
9614D1A5A9
961479A975
961421ADA8
9613C9B243
961371B745
961319BCAD
9612C1C27D
961269C8B5
961211CF53
9611B9D658
961161DDC5
961109E599
9610B1EDD3
961059F675
961001FF7E
960FAA08EF
960F5212C6
960EFA1D05
960EA227AA
960E4A32B7
960DF23E2B
960D9A4A06
960D425648
960CEA62F1
960C927001
960C3A7D78
960BE28B57
960B8A999C
960B32A849
960ADAB75C
960A82C6D7
960A2AD6B9
9609D2E702
96097AF7B2
96092308C9
9608CB1A47
9608732C2C
96081B3E79
9607C3512C
96076B6447
96071377C8
9606BB8BB0
960663A000
96060BB4B7
9605B3C9D4
96055BDF59
960503F545
9604AC0B98
9604542251
9603FC3972
9603A450FA
96034C68E9
9602F4813F
96029C99FC
960244B320
9601ECCCAB
960194E69D
96013D00F6
9600E51BB6
96008D36DD
960035526B
95FFDD6E60
95FF858ABC
95FF2DA77F
95FED5C4A9
95FE7DE23A
95FE260032
95FDCE1E91
95FD763D57
95FD1E5C84
95FCC67C17
95FC6E9C12
95FC16BC74
95FBBEDD3D
95FB66FE6D
95FB0F2003
95FAB74201
95FA5F6466
95FA078731
95F9AFAA64
95F957CDFD
95F8FFF1FE
95F8A81665
95F8503B33
95F7F86068
95F7A08605
95F748AC08
95F6F0D272
95F698F943
95F641207A
95F5E94819
95F591701F
95F539988B
95F4E1C15F
95F489EA99
95F432143B
95F3DA3E43
95F38268B2
95F32A9388
95F2D2BEC5
95F27AEA69
95F2231673
95F1CB42E5
95F1736FBD
95F11B9CFD
95F0C3CAA3
95F06BF8B0
95F0142724
95EFBC55FF
95EF648541
95EF0CB4E9
95EEB4E4F9
95EE5D156F
95EE05464C
95EDAD7790
95ED55A93B
95ECFDDB4C
95ECA60DC5
95EC4E40A4
95EBF673EB
95EB9EA798
95EB46DBAB
95EAEF1026
95EA974508
95EA3F7A50
95E9E7AFFF
95E98FE615
95E9381C92
95E8E05376
95E8888AC0
95E830C271
95E7D8FA89
95E7813308
95E7296BEE
95E6D1A53A
95E679DEEE
95E6221908
95E5CA5388
95E5728E70
95E51AC9BE
95E4C30574
95E46B418F
95E4137E12
95E3BBBAFC
95E363F84C
95E30C3603
95E2B47421
95E25CB2A5
95E204F191
95E1AD30E3
95E155709C
95E0FDB0BB
95E0A5F141
95E04E322F
95DFF67382
95DF9EB53D
95DF46F75E
95DEEF39E6
95DE977CD5
95DE3FC02A
95DDE803E7
95DD90480A
95DD388C93
95DCE0D184
95DC8916DB
95DC315C98
95DBD9A2BD
95DB81E948
95DB2A303A
95DAD27793
95DA7ABF52
95DA230778
95D9CB5005
95D97398F8
95D91BE252
95D8C42C13
95D86C763A
95D814C0C8
95D7BD0BBD
95D7655719
95D70DA2DB
95D6B5EF04
95D65E3B93
95D6068889
95D5AED5E6
95D55723A9
95D4FF71D4
95D4A7C064
95D4500F5C
95D3F85EBA
95D3A0AE7E
95D348FEAA
95D2F14F3C
95D299A034
95D241F194
95D1EA4359
95D1929586
95D13AE819
95D0E33B13
95D08B8E73
95D033E23A
95CFDC3668
95CF848AFC
95CF2CDFF7
95CED53558
95CE7D8B20
95CE25E14F
95CDCE37E4
95CD768EE0
95CD1EE642
95CCC73E0B
95CC6F963B
95CC17EED1
95CBC047CD
95CB68A131
95CB10FAFB
95CAB9552B
95CA61AFC2
95CA0A0AC0
95C9B26624
95C95AC1EF
95C9031E20
95C8AB7AB8
95C853D7B6
95C7FC351B
95C7A492E6
95C74CF118
95C6F54FB1
95C69DAEB0
95C6460E16
95C5EE6DE2
95C596CE14
95C53F2EAE
95C4E78FAD
95C48FF114
95C43852E0
95C3E0B514
95C38917AD
95C3317AAE
95C2D9DE15
95C28241E2
95C22AA616
95C1D30AB0
95C17B6FB1
95C123D518
95C0CC3AE6
95C074A11A
95C01D07B5
95BFC56EB7
95BF6DD61E
95BF163DED
95BEBEA621
95BE670EBC
95BE0F77BE
95BDB7E126
95BD604AF5
95BD08B52A
95BCB11FC5
95BC598AC7
95BC01F630
95BBAA61FF
95BB52CE34
95BAFB3AD0
95BAA3A7D2
95BA4C153A
95B9F4830A
95B99CF13F
95B9455FDB
95B8EDCEDD
95B8963E46
95B83EAE15
95B7E71E4B
95B78F8EE7
95B737FFEA
95B6E07152
95B688E322
95B6315558
95B5D9C7F4
95B5823AF6
95B52AAE5F
95B4D3222E
95B47B9664
95B4240B00
95B3CC8003
95B374F56B
95B31D6B3B
95B2C5E170
95B26E580C
95B216CF0F
95B1BF4677
95B167BE47
95B110367C
95B0B8AF18
95B061281A
95B009A183
95AFB21B52
95AF5A9587
95AF031022
95AEAB8B24
95AE54068D
95ADFC825B
95ADA4FE90
95AD4D7B2C
95ACF5F82D
95AC9E7595
95AC46F364
95ABEF7198
95AB97F033
95AB406F34
95AAE8EE9C
95AA916E6A
95AA39EE9E
95A9E26F39
95A98AF03A
95A93371A1
95A8DBF36E
95A88475A2
95A82CF83C
95A7D57B3C
95A77DFEA3
95A7268270
95A6CF06A3
95A6778B3C
95A620103C
95A5C895A2
95A5711B6E
95A519A1A1
95A4C2283A
95A46AAF39
95A413369E
95A3BBBE6A
95A364469C
95A30CCF34
95A2B55832
95A25DE197
95A2066B62
95A1AEF593
95A157802A
95A1000B28
95A0A8968B
95A0512255
959FF9AE86
959FA23B1C
959F4AC819
959EF3557C
959E9BE345
959E447174
959DED000A
959D958F06
959D3E1E68
959CE6AE30
959C8F3E5E
959C37CEF3
959BE05FEE
959B88F14F
959B318316
959ADA1543
959A82A7D7
959A2B3AD1
9599D3CE31
95997C61F7
959924F623
9598CD8AB5
9598761FAE
95981EB50D
9597C74AD2
95976FE0FD
959718778E
9596C10E86
959669A5E3
9596123DA7
9595BAD5D1
9595636E61
95950C0757
9594B4A0B3
95945D3A76
959405D49E
9593AE6F2D
9593570A22
9592FFA57D
9592A8413E
959250DD65
9591F979F2
9591A216E6
95914AB43F
9590F351FF
95909BF024
9590448EB0
958FED2DA2
958F95CCFA
958F3E6CB8
958EE70CDD
958E8FAD67
958E384E57
958DE0EFAE
958D89916A
958D32338D
958CDAD616
958C837905
958C2C1C59
958BD4C014
958B7D6435
958B2608BC
958ACEADAA
958A7752FD
958A1FF8B6
9589C89ED5
958971455B
958919EC46
9588C29397
95886B3B4F
958813E36C
9587BC8BF0
95876534D9
95870DDE29
9586B687DF
95865F31FA
958607DC7C
9585B08764
95855932B1
958501DE65
9584AA8A7F
95845336FF
9583FBE3E4
9583A49130
95834D3EE2
9582F5ECF9
95829E9B77
9582474A5B
9581EFF9A5
958198A954
958141596A
9580EA09E6
958092BAC7
95803B6C0F
957FE41DBD
957F8CCFD0
957F35824A
957EDE3529
957E86E86F
957E2F9C1A
957DD8502B
957D8104A3
957D29B980
957CD26EC3
957C7B246C
957C23DA7B
957BCC90F0
957B7547CB
957B1DFF0C
957AC6B6B3
957A6F6EC0
957A182733
9579C0E00B
957969994A
95791252EE
9578BB0CF8
957863C769
95780C823F
9577B53D7B
95775DF91D
957706B525
9576AF7193
9576582E66
957600EBA0
9575A9A940
9575526745
9574FB25B0
9574A3E481
95744CA3B8
9573F56355
95739E2358
957346E3C1
9572EFA48F
95729865C3
957241275E
9571E9E95E
957192ABC4
95713B6E90
9570E431C1
95708CF559
957035B956
956FDE7DB9
956F874282
956F3007B1
956ED8CD46
956E819340
956E2A59A1
956DD32067
956D7BE793
956D24AF25
956CCD771D
956C763F7A
956C1F083D
956BC7D166
956B709AF5
956B1964EA
956AC22F45
956A6AFA05
956A13C52B
9569BC90B7
9569655CA9
95690E2900
9568B6F5BE
95685FC2E1
956808906A
9567B15E58
95675A2CAD
956702FB67
9566ABCA87
9566549A0D
9565FD69F8
9565A63A49
95654F0B00
9564F7DC1D
9564A0ADA0
9564497F88
9563F251D6
95639B248A
956343F7A3
9562ECCB22
9562959F07
95623E7352
9561E74803
9561901D19
956138F295
9560E1C876
95608A9EBE
956033756B
955FDC4C7E
955F8523F6
955F2DFBD4
955ED6D418
955E7FACC2
955E2885D1
955DD15F46
955D7A3921
955D231362
955CCBEE08
955C74C914
955C1DA485
955BC6805C
955B6F5C99
955B18393C
955AC11644
955A69F3B2
955A12D185
9559BBAFBF
9559648E5D
95590D6D62
9558B64CCC
95585F2C9C
9558080CD2
9557B0ED6D
955759CE6E
955702AFD4
9556AB91A0
95565473D2
9555FD5669
9555A63966
95554F1CC9
9554F80091
9554A0E4BF
955449C953
9553F2AE4C
95539B93AB
955344796F
9552ED5F99
9552964629
95523F2D1E
9551E81479
955190FC39
955139E45F
9550E2CCEB
95508BB5DC
9550349F33
954FDD88F0
954F867312
954F2F5D99
954ED84886
954E8133D9
954E2A1F91
954DD30BAF
954D7BF833
954D24E51C
954CCDD26A
954C76C01E
954C1FAE38
954BC89CB7
954B718B9C
954B1A7AE7
954AC36A96
954A6C5AAC
954A154B27
9549BE3C08
9549672D4E
9549101EF9
9548B9110A
9548620381
95480AF65D
9547B3E99F
95475CDD46
954705D153
9546AEC5C5
954657BA9D
954600AFDA
9545A9A57D
9545529B85
9544FB91F3
9544A488C7
95444D7FFF
9543F6779E
95439F6FA2
954348680B
9542F160DA
95429A5A0E
95424353A8
9541EC4DA7
954195480B
95413E42D6
9540E73E05
954090399A
9540393595
953FE231F5
953F8B2EBA
953F342BE5
953EDD2976
953E86276C
953E2F25C7
953DD82488
953D8123AE
953D2A2339
953CD3232A
953C7C2381
953C25243D
953BCE255E
953B7726E5
953B2028D1
953AC92B23
953A722DDA
953A1B30F6
9539C43478
95396D385F
9539163CAC
9538BF415E
9538684676
9538114BF3
9537BA51D5
953763581D
95370C5ECA
9536B565DC
95365E6D54
9536077531
9535B07D74
953559861C
9535028F29
9534AB989C
953454A274
9533FDACB1
9533A6B754
95334FC25C
9532F8CDCA
9532A1D99D
95324AE5D5
9531F3F273
95319CFF76
9531460CDE
9530EF1AAC
95309828DF
9530413777
952FEA4675
952F9355D8
952F3C65A0
952EE575CE
952E8E8661
952E379759
952DE0A8B6
952D89BA79
952D32CCA2
952CDBDF2F
952C84F222
952C2E057A
952BD71938
952B802D5A
952B2941E2
952AD256D0
952A7B6C22
952A2481DA
9529CD97F7
952976AE7A
95291FC562
9528C8DCAF
952871F461
95281B0C79
9527C424F6
95276D3DD8
952716571F
9526BF70CC
9526688ADE
952611A555
9525BAC031
952563DB73
95250CF71A
9524B61326
95245F2F97
9524084C6E
9523B169AA
95235A874B
952303A551
9522ACC3BD
952255E28E
9521FF01C4
9521A8215F
9521514160
9520FA61C5
9520A38290
95204CA3C0
951FF5C556
951F9EE750
951F4809B0
951EF12C75
951E9A4F9F
951E43732E
951DEC9723
951D95BB7C
951D3EE03B
951CE8055F
951C912AE9
951C3A50D7
951BE3772B
951B8C9DE3
951B35C501
951ADEEC84
951A88146D
951A313CBA
9519DA656D
9519838E84
95192CB801
9518D5E1E3
95187F0C2A
95182836D7
9517D161E8
95177A8D5F
951723B93B
9516CCE57C
9516761222
95161F3F2D
9515C86C9D
9515719A72
95151AC8AD
9514C3F74D
95146D2651
95141655BB
9513BF858A
951368B5BE
951311E657
9512BB1756
95126448B9
95120D7A82
9511B6ACAF
95115FDF42
951109123A
9510B24596
95105B7958
951004AD7F
950FADE20C
950F5716FD
950F004C53
950EA9820E
950E52B82F
950DFBEEB4
950DA5259F
950D4E5CEE
950CF794A3
950CA0CCBC
950C4A053B
950BF33E1F
950B9C7768
950B45B116
950AEEEB28
950A9825A0
950A41607D
9509EA9BBF
950993D766
95093D1372
9508E64FE4
95088F8CBA
950838C9F5
9507E20795
95078B459A
9507348404
9506DDC2D3
9506870208
95063041A1
9505D9819F
950582C202
95052C02CA
9504D543F7
95047E858A
950427C781
9503D109DD
95037A4C9E
9503238FC4
9502CCD34F
950276173F
95021F5B94
9501C8A04E
950171E56D
95011B2AF1
9500C470DA
95006DB728
950016FDDA
94FFC044F2
94FF698C6F
94FF12D450
94FEBC1C97
94FE656542
94FE0EAE53
94FDB7F7C8
94FD6141A2
94FD0A8BE2
94FCB3D686
94FC5D218F
94FC066CFD
94FBAFB8D0
94FB590508
94FB0251A4
94FAAB9EA6
94FA54EC0D
94F9FE39D8
94F9A78808
94F950D69E
94F8FA2598
94F8A374F7
94F84CC4BB
94F7F614E4
94F79F6571
94F748B664
94F6F207BC
94F69B5978
94F644AB99
94F5EDFE1F
94F597510A
94F540A45A
94F4E9F80F
94F4934C29
94F43CA0A7
94F3E5F58A
94F38F4AD2
94F338A080
94F2E1F691
94F28B4D08
94F234A3E4
94F1DDFB24
94F18752C9
94F130AAD3
94F0DA0342
94F0835C16
94F02CB54F
94EFD60EEC
94EF7F68EE
94EF28C355
94EED21E21
94EE7B7952
94EE24D4E7
94EDCE30E1
94ED778D41
94ED20EA04
94ECCA472D
94EC73A4BB
94EC1D02AD
94EBC66104
94EB6FBFC0
94EB191EE1
94EAC27E66
94EA6BDE50
94EA153E9F
94E9BE9F53
94E968006C
94E91161E9
94E8BAC3CB
94E8642612
94E80D88BD
94E7B6EBCE
94E7604F43
94E709B31D
94E6B3175C
94E65C7BFF
94E605E107
94E5AF4674
94E558AC46
94E502127C
94E4AB7917
94E454E017
94E3FE477C
94E3A7AF45
94E3511773
94E2FA8006
94E2A3E8FD
94E24D5259
94E1F6BC1A
94E1A02640
94E14990CA
94E0F2FBB9
94E09C670D
94E045D2C5
94DFEF3EE2
94DF98AB64
94DF42184B
94DEEB8596
94DE94F346
94DE3E615B
94DDE7CFD4
94DD913EB2
94DD3AADF4
94DCE41D9C
94DC8D8DA8
94DC36FE18
94DBE06EEE
94DB89E028
94DB3351C6
94DADCC3CA
94DA863632
94DA2FA8FE
94D9D91C2F
94D9828FC5
94D92C03C0
94D8D5781F
94D87EECE3
94D828620B
94D7D1D798
94D77B4D8A
94D724C3E1
94D6CE3A9C
94D677B1BB
94D621293F
94D5CAA128
94D5741976
94D51D9228
94D4C70B3F
94D47084BA
94D419FE9A
94D3C378DE
94D36CF387
94D3166E95
94D2BFEA07
94D26965DE
94D212E21A
94D1BC5EBA
94D165DBBF
94D10F5928
94D0B8D6F6
94D0625528
94D00BD3BF
94CFB552BA
94CF5ED21B
94CF0851DF
94CEB1D208
94CE5B5296
94CE04D389
94CDAE54E0
94CD57D69B
94CD0158BB
94CCAADB40
94CC545E29
94CBFDE176
94CBA76528
94CB50E93F
94CAFA6DBA
94CAA3F29A
94CA4D77DE
94C9F6FD87
94C9A08395
94C94A0A06
94C8F390DD
94C89D1818
94C8469FB7
94C7F027BB
94C799B023
94C74338F0
94C6ECC222
94C6964BB8
94C63FD5B2
94C5E96011
94C592EAD4
94C53C75FC
94C4E60189
94C48F8D7A
94C43919CF
94C3E2A689
94C38C33A7
94C335C12A
94C2DF4F11
94C288DD5D
94C2326C0D
94C1DBFB21
94C1858A9B
94C12F1A78
94C0D8AABA
94C0823B60
94C02BCC6B
94BFD55DDB
94BF7EEFAE
94BF2881E7
94BED21483
94BE7BA784
94BE253AEA
94BDCECEB4
94BD7862E2
94BD21F775
94BCCB8C6C
94BC7521C8
94BC1EB788
94BBC84DAC
94BB71E435
94BB1B7B22
94BAC51274
94BA6EAA2A
94BA184245
94B9C1DAC3
94B96B73A7
94B9150CEE
94B8BEA69A
94B86840AB
94B811DB20
94B7BB75F9
94B7651136
94B70EACD8
94B6B848DF
94B661E549
94B60B8218
94B5B51F4C
94B55EBCE4
94B5085AE0
94B4B1F940
94B45B9805
94B405372E
94B3AED6BC
94B35876AE
94B3021704
94B2ABB7BF
94B25558DE
94B1FEFA61
94B1A89C48
94B1523E94
94B0FBE145
94B0A58459
94B04F27D2
94AFF8CBAF
94AFA26FF1
94AF4C1497
94AEF5B9A1
94AE9F5F0F
94AE4904E2
94ADF2AB19
94AD9C51B4
94AD45F8B4
94ACEFA018
94AC9947E0
94AC42F00D
94ABEC989E
94AB964193
94AB3FEAEC
94AAE994AA
94AA933ECC
94AA3CE952
94A9E6943D
94A9903F8B
94A939EB3E
94A8E39756
94A88D43D1
94A836F0B1
94A7E09DF5
94A78A4B9D
94A733F9AA
94A6DDA81B
94A68756F0
94A6310629
94A5DAB5C7
94A58465C8
94A52E162F
94A4D7C6F9
94A4817827
94A42B29BA
94A3D4DBB1
94A37E8E0C
94A32840CB
94A2D1F3EF
94A27BA777
94A2255B63
94A1CF0FB3
94A178C467
94A1227980
94A0CC2EFD
94A075E4DE
94A01F9B23
949FC951CC
949F7308DA
949F1CC04C
949EC67822
949E70305C
949E19E8FA
949DC3A1FD
949D6D5B63
949D17152E
949CC0CF5D
949C6A89F0
949C1444E8
949BBE0043
949B67BC03
949B117827
949ABB34AE
949A64F19B
949A0EAEEB
9499B86C9F
9499622AB8
94990BE934
9498B5A815
94985F675A
9498092703
9497B2E710
94975CA782
9497066857
9496B02991
949659EB2E
949603AD30
9495AD6F96
9495573260
949500F58E
9494AAB920
9494547D17
9493FE4171
9493A80630
949351CB52
9492FB90D9
9492A556C4
94924F1D13
9491F8E3C5
9491A2AADD
94914C7258
9490F63A37
9490A0027A
949049CB21
948FF3942D
948F9D5D9C
948F472770
948EF0F1A7
948E9ABC43
948E448743
948DEE52A6
948D981E6E
948D41EA9A
948CEBB72A
948C95841E
948C3F5176
948BE91F32
948B92ED52
948B3CBBD6
948AE68ABE
948A905A0A
948A3A29BA
9489E3F9CE
94898DCA46
9489379B22
9488E16C62
94888B3E07
948835100F
9487DEE27B
948788B54B
948732887F
9486DC5C17
9486863014
9486300474
9485D9D938
948583AE60
94852D83EC
9484D759DC
9484813030
94842B06E8
9483D4DE04
94837EB584
9483288D68
9482D265B0
94827C3E5C
948226176C
9481CFF0E0
948179CAB7
948123A4F3
9480CD7F93
9480775A96
94802135FE
947FCB11C9
947F74EDF8
947F1ECA8C
947EC8A783
947E7284DE
947E1C629D
947DC640C0
947D701F47
947D19FE32
947CC3DD81
947C6DBD33
947C179D4A
947BC17DC5
947B6B5EA3
947B153FE5
947ABF218B
947A690396
947A12E604
9479BCC8D5
947966AC0B
9479108FA5
9478BA73A2
9478645804
94780E3CC9
9477B821F2
947762077F
94770BED70
9476B5D3C5
94765FBA7E
947609A19A
9475B3891B
94755D70FF
9475075947
9474B141F3
94745B2B03
9474051476
9473AEFE4E
947358E889
947302D328
9472ACBE2B
947256A992
947200955D
9471AA818B
9471546E1D
9470FE5B13
9470A8486D
947052362B
946FFC244D
946FA612D2
946F5001BB
946EF9F108
946EA3E0B9
946E4DD0CE
946DF7C146
946DA1B222
946D4BA362
946CF59506
946C9F870E
946C497979
946BF36C48
946B9D5F7B
946B475312
946AF1470C
946A9B3B6A
946A45302C
9469EF2552
9469991ADC
94694310C9
9468ED071A
946896FDCF
946840F4E7
9467EAEC64
946794E444
94673EDC88
9466E8D52F
946692CE3A
94663CC7A9
9465E6C17C
946590BBB3
94653AB64D
9464E4B14B
94648EACAC
946438A872
9463E2A49B
94638CA128
9463369E18
9462E09B6D
94628A9925
9462349740
9461DE95C0
94618894A3
94613293E9
9460DC9394
94608693A2
9460309414
945FDA94E9
945F849623
945F2E97C0
945ED899C0
945E829C24
945E2C9EEC
945DD6A218
945D80A5A7
945D2AA99A
945CD4ADF1
945C7EB2AB
945C28B7C9
945BD2BD4A
945B7CC330
945B26C979
945AD0D025
945A7AD735
945A24DEA9
9459CEE680
945978EEBC
945922F75A
9458CD005D
94587709C3
945821138C
9457CB1DB9
945775284A
94571F333F
9456C93E97
9456734A53
94561D5672
9455C762F5
9455716FDB
94551B7D25
9454C58AD3
94546F98E4
945419A759
9453C3B632
94536DC56E
945317D50E
9452C1E511
94526BF578
9452160642
9451C01770
94516A2902
9451143AF7
9450BE4D50
945068600C
945012732C
944FBC86AF
944F669A96
944F10AEE1
944EBAC38F
944E64D8A0
944E0EEE15
944DB903EE
944D631A2A
944D0D30CA
944CB747CE
944C615F34
944C0B76FF
944BB58F2D
944B5FA7BE
944B09C0B3
944AB3DA0C
944A5DF3C8
944A080DE7
9449B2286A
94495C4351
9449065E9B
9448B07A48
94485A9659
944804B2CE
9447AECFA6
944758ECE2
9447030A81
9446AD2883
94465746E9
94460165B3
9445AB84E0
944555A470
9444FFC464
9444A9E4BB
9444540576
9443FE2695
9443A84816
94435269FC
9442FC8C44
9442A6AEF1
944250D200
9441FAF573
9441A5194A
94414F3D84
9440F96221
9440A38722
94404DAC87
943FF7D24E
943FA1F879
943F4C1F08
943EF645FA
943EA06D50
943E4A9509
943DF4BD25
943D9EE5A5
943D490E88
943CF337CE
943C9D6178
943C478B86
943BF1B5F6
943B9BE0CB
943B460C02
943AF0379D
943A9A639C
943A448FFD
9439EEBCC2
943998E9EB
9439431777
9438ED4566
94389773B9
943841A26F
9437EBD188
9437960105
94374030E5
9436EA6129
94369491D0
94363EC2DA
9435E8F448
9435932619
94353D584D
9434E78AE5
943491BDE0
94343BF13E
9433E62500
9433905925
94333A8DAD
9432E4C299
94328EF7E8
9432392D9A
9431E363B0
94318D9A29
943137D105
9430E20845
94308C3FE8
94303677EE
942FE0B058
942F8AE925
942F352255
942EDF5BE9
942E8995DF
942E33D039
942DDE0AF7
942D884618
942D32819B
942CDCBD83
942C86F9CD
942C31367B
942BDB738C
942B85B101
942B2FEED8
942ADA2D13
942A846BB1
942A2EAAB3
9429D8EA18
94298329E0
94292D6A0B
9428D7AA99
942881EB8B
94282C2CE0
9427D66E98
942780B0B4
94272AF332
9426D53614
94267F795A
942629BD02
9425D4010E
94257E457D
9425288A4F
9424D2CF84
94247D151D
9424275B18
9423D1A177
94237BE83A
9423262F5F
9422D076E8
94227ABED4
9422250723
9421CF4FD5
94217998EA
942123E263
9420CE2C3F
942078767E
942022C120
941FCD0C25
941F77578E
941F21A35A
941ECBEF88
941E763C1B
941E208910
941DCAD668
941D752424
941D1F7243
941CC9C0C4
941C740FA9
941C1E5EF2
941BC8AE9D
941B72FEAC
941B1D4F1D
941AC79FF2
941A71F12A
941A1C42C5
9419C694C3
941970E725
94191B39E9
9418C58D11
94186FE09C
94181A3489
9417C488DA
94176EDD8F
94171932A6
9416C38820
94166DDDFE
941618343E
9415C28AE2
94156CE1E9
9415173952
9414C1911F
94146BE94F
94141641E3
9413C09AD9
94136AF432
9413154DEE
9412BFA80E
94126A0291
9412145D76
9411BEB8BF
941169146B
941113707A
9410BDCCEB
94106829C0
94101286F8
940FBCE494
940F674292
940F11A0F3
940EBBFFB7
940E665EDE
940E10BE69
940DBB1E56
940D657EA7
940D0FDF5A
940CBA4071
940C64A1EA
940C0F03C7
940BB96606
940B63C8A9
940B0E2BAE
940AB88F17
940A62F2E3
940A0D5711
9409B7BBA3
9409622098
94090C85F0
9408B6EBAA
94086151C8
94080BB849
9407B61F2C
9407608673
94070AEE1D
9406B55629
94065FBE99
94060A276C
9405B490A1
94055EFA3A
9405096435
9404B3CE94
94045E3955
940408A47A
9403B31001
94035D7BEC
940307E839
9402B254E9
94025CC1FD
9402072F73
9401B19D4C
94015C0B88
9401067A27
9400B0E929
94005B588E
940005C856
93FFB03881
93FF5AA90E
93FF0519FF
93FEAF8B52
93FE59FD09
93FE046F22
93FDAEE19F
93FD59547E
93FD03C7C0
93FCAE3B65
93FC58AF6D
93FC0323D8
93FBAD98A6
93FB580DD6
93FB02836A
93FAACF960
93FA576FBA
93FA01E676
93F9AC5D95
93F956D517
93F9014CFC
93F8ABC544
93F8563DEE
93F800B6FC
93F7AB306C
93F755AA3F
93F7002475
93F6AA9F0E
93F6551A0A
93F5FF9569
93F5AA112A
93F5548D4F
93F4FF09D6
93F4A986C0
93F454040D
93F3FE81BD
93F3A8FFCF
93F3537E45
93F2FDFD1D
93F2A87C58
93F252FBF6
93F1FD7BF7
93F1A7FC5A
93F1527D20
93F0FCFE4A
93F0A77FD6
93F05201C4
93EFFC8416
93EFA706CB
93EF5189E2
93EEFC0D5C
93EEA69139
93EE511578
93EDFB9A1B
93EDA61F20
93ED50A488
93ECFB2A53
93ECA5B080
93EC503711
93EBFABE04
93EBA5455A
93EB4FCD12
93EAFA552E
93EAA4DDAC
93EA4F668D
93E9F9EFD1
93E9A47977
93E94F0380
93E8F98DEC
93E8A418BB
93E84EA3ED
93E7F92F81
93E7A3BB78
93E74E47D2
93E6F8D48E
93E6A361AD
93E64DEF2F
93E5F87D14
93E5A30B5B
93E54D9A05
93E4F82912
93E4A2B882
93E44D4854
93E3F7D889
93E3A26921
93E34CFA1B
93E2F78B78
93E2A21D38
93E24CAF5B
93E1F741E0
93E1A1D4C8
93E14C6813
93E0F6FBC0
93E0A18FD0
93E04C2443
93DFF6B918
93DFA14E50
93DF4BE3EB
93DEF679E8
93DEA11048
93DE4BA70B
93DDF63E30
93DDA0D5B9
93DD4B6DA3
93DCF605F1
93DCA09EA1
93DC4B37B4
93DBF5D129
93DBA06B01
93DB4B053C
93DAF59FD9
93DAA03AD9
93DA4AD63B
93D9F57201
93D9A00E29
93D94AAAB3
93D8F547A0
93D89FE4F0
93D84A82A2
93D7F520B7
93D79FBF2F
93D74A5E09
93D6F4FD46
93D69F9CE5
93D64A3CE8
93D5F4DD4C
93D59F7E13
93D54A1F3D
93D4F4C0CA
93D49F62B9
93D44A050B
93D3F4A7BF
93D39F4AD6
93D349EE4F
93D2F4922B
93D29F366A
93D249DB0B
93D1F4800E
93D19F2575
93D149CB3E
93D0F47169
93D09F17F7
93D049BEE8
93CFF4663B
93CF9F0DF0
93CF49B609
93CEF45E83
93CE9F0761
93CE49B0A1
93CDF45A43
93CD9F0448
93CD49AEAF
93CCF4597A
93CC9F04A6
93CC49B035
93CBF45C27
93CB9F087B
93CB49B532
93CAF4624B
93CA9F0FC6
93CA49BDA5
93C9F46BE5
93C99F1A89
93C949C98E
93C8F478F7
93C89F28C1
93C849D8EF
93C7F4897E
93C79F3A71
93C749EBC5
93C6F49D7C
93C69F4F96
93C64A0212
93C5F4B4F1
93C59F6832
93C54A1BD6
93C4F4CFDC
93C49F8444
93C44A390F
93C3F4EE3D
93C39FA3CD
93C34A59BF
93C2F51014
93C29FC6CB
93C24A7DE5
93C1F53561
93C19FED40
93C14AA581
93C0F55E25
93C0A0172B
93C04AD093
93BFF58A5E
93BFA0448B
93BF4AFF1B
93BEF5BA0D
93BEA07562
93BE4B3119
93BDF5ED32
93BDA0A9AE
93BD4B668C
93BCF623CD
93BCA0E170
93BC4B9F75
93BBF65DDD
93BBA11CA7
93BB4BDBD4
93BAF69B63
93BAA15B55
93BA4C1BA8
93B9F6DC5F
93B9A19D77
93B94C5EF2
93B8F720D0
93B8A1E30F
93B84CA5B1
93B7F768B6
93B7A22C1D
93B74CEFE6
93B6F7B412
93B6A2789F
93B64D3D90
93B5F802E2
93B5A2C897
93B54D8EAF
93B4F85528
93B4A31C04
93B44DE343
93B3F8AAE4
93B3A372E7
93B34E3B4C
93B2F90414
93B2A3CD3E
93B24E96CA
93B1F960B9
93B1A42B0A
93B14EF5BD
93B0F9C0D3
93B0A48C4B
93B04F5825
93AFFA2462
93AFA4F101
93AF4FBE02
93AEFA8B66
93AEA5592B
93AE502754
93ADFAF5DE
93ADA5C4CB
93AD50941A
93ACFB63CB
93ACA633DE
93AC510454
93ABFBD52C
93ABA6A667
93AB517803
93AAFC4A02
93AAA71C63
93AA51EF27
93A9FCC24D
93A9A795D5
93A95269BF
93A8FD3E0B
93A8A812BA
93A852E7CB
93A7FDBD3E
93A7A89314
93A753694C
93A6FE3FE5
93A6A916E2
93A653EE40
93A5FEC601
93A5A99E24
93A55476A9
93A4FF4F90
93A4AA28DA
93A4550285
93A3FFDC93
93A3AAB704
93A35591D6
93A3006D0B
93A2AB48A1
93A256249B
93A20100F6
93A1ABDDB3
93A156BAD3
93A1019855
93A0AC7639
93A057547F
93A0023327
939FAD1232
939F57F19E
939F02D16D
939EADB19E
939E589232
939E037327
939DAE547F
939D593638
939D041854
939CAEFAD2
939C59DDB3
939C04C0F5
939BAFA49A
939B5A88A0
939B056D09
939AB051D4
939A5B3701
939A061C90
9399B10282
93995BE8D5
939906CF8B
9398B1B6A3
93985C9E1D
93980785F9
9397B26E37
93975D56D7
9397083FD9
9396B3293E
93965E1304
939608FD2D
9395B3E7B8
93955ED2A5
939509BDF4
9394B4A9A5
93945F95B8
93940A822D
9393B56F05
9393605C3E
93930B49DA
9392B637D7
9392612637
93920C14F9
9391B7041D
939161F3A3
93910CE38B
9390B7D3D5
939062C481
93900DB58F
938FB8A6FF
938F6398D1
938F0E8B06
938EB97D9C
938E647094
938E0F63EF
938DBA57AB
938D654BCA
938D10404B
938CBB352D
938C662A72
938C112019
938BBC1621
938B670C8C
938B120359
938ABCFA88
938A67F218
938A12EA0B
9389BDE260
938968DB17
938913D430
9388BECDAA
938869C787
938814C1C6
9387BFBC67
93876AB76A
938715B2CF
9386C0AE95
93866BAABE
938616A749
9385C1A436
93856CA184
9385179F35
9384C29D48
93846D9BBC
9384189A93
9383C399CB
93836E9966
9383199962
9382C499C1
93826F9A81
93821A9BA4
9381C59D28
9381709F0E
93811BA156
9380C6A400
938071A70D
93801CAA7B
937FC7AE4A
937F72B27C
937F1DB710
937EC8BC06
937E73C15E
937E1EC717
937DC9CD33
937D74D3B0
937D1FDA8F
937CCAE1D0
937C75E974
937C20F179
937BCBF9E0
937B7702A8
937B220BD3
937ACD1560
937A781F4E
937A23299F
9379CE3451
9379793F65
9379244ADB
9378CF56B3
93787A62ED
9378256F89
9377D07C86
93777B89E6
93772697A7
9376D1A5CA
93767CB44F
937627C336
9375D2D27F
93757DE229
937528F236
9374D402A4
93747F1374
93742A24A6
9373D5363A
937380482F
93732B5A87
9372D66D40
937281805B
93722C93D8
9371D7A7B7
937182BBF8
93712DD09A
9370D8E59E
937083FB05
93702F10CC
936FDA26F6
936F853D82
936F30546F
936EDB6BBE
936E86836F
936E319B82
936DDCB3F6
936D87CCCC
936D32E604
936CDDFF9E
936C89199A
936C3433F7
936BDF4EB7
936B8A69D8
936B35855A
936AE0A13F
936A8BBD85
936A36DA2D
9369E1F737
93698D14A3
9369383270
9368E3509F
93688E6F30
9368398E22
9367E4AD77
93678FCD2D
93673AED45
9366E60DBE
9366912E9A
93663C4FD7
9365E77175
9365929376
93653DB5D8
9364E8D89C
936493FBC2
93643F1F49
9363EA4332
936395677D
9363408C2A
9362EBB138
936296D6A8
936241FC79
9361ED22AD
9361984942
9361437039
9360EE9791
936099BF4B
936044E767
935FF00FE5
935F9B38C4
935F466205
935EF18BA7
935E9CB5AB
935E47E011
935DF30AD9
935D9E3602
935D49618D
935CF48D7A
935C9FB9C8
935C4AE678
935BF61389
935BA140FC
935B4C6ED1
935AF79D08
935AA2CBA0
935A4DFA9A
9359F929F5
9359A459B2
93594F89D1
9358FABA51
9358A5EB33
9358511C77
9357FC4E1C
9357A78023
935752B28B
9356FDE555
9356A91881
9356544C0E
9355FF7FFD
9355AAB44D
935555E8FF
9355011E13
9354AC5388
935457895F
935402BF98
9353ADF632
9353592D2E
935304648B
9352AF9C4A
93525AD46A
9352060CEC
9351B145D0
93515C7F15
935107B8BB
9350B2F2C4
93505E2D2D
93500967F9
934FB4A326
934F5FDEB4
934F0B1AA4
934EB656F6
934E6193A9
934E0CD0BE
934DB80E34
934D634C0C
934D0E8A45
934CB9C8E0
934C6507DD
934C10473B
934BBB86FA
934B66C71B
934B12079E
934ABD4882
934A6889C7
934A13CB6E
9349BF0D77
93496A4FE1
93491592AC
9348C0D5DA
93486C1968
9348175D58
9347C2A1AA
93476DE65D
9347192B72
9346C470E8
93466FB6BF
93461AFCF8
9345C64393
9345718A8F
93451CD1EC
9344C819AB
93447361CC
93441EAA4E
9343C9F331
9343753C76
934320861C
9342CBD024
9342771A8D
9342226558
9341CDB084
934178FC12
9341244801
9340CF9451
93407AE103
9340262E17
933FD17B8B
933F7CC962
933F281799
933ED36632
933E7EB52D
933E2A0489
933DD55446
933D80A465
933D2BF4E5
933CD745C7
933C82970A
933C2DE8AE
933BD93AB4
933B848D1B
933B2FDFE4
933ADB330E
933A868699
933A31DA86
9339DD2ED4
9339888384
933933D895
9338DF2E07
93388A83DB
933835DA10
9337E130A7
93378C879F
933737DEF8
9336E336B2
93368E8ECE
933639E74C
9335E5402A
933590996B
93353BF30C
9334E74D0F
933492A773
93343E0238
9333E95D5F
933394B8E7
93334014D1
9332EB711B
933296CDC8
9332422AD5
9331ED8844
933198E614
9331444445
9330EFA2D8
93309B01CC
9330466122
932FF1C0D9
932F9D20F1
932F48816A
932EF3E245
932E9F4380
932E4AA51E
932DF6071C
932DA1697C
932D4CCC3D
932CF82F60
932CA392E3
932C4EF6C8
932BFA5B0F
932BA5BFB6
932B5124BF
932AFC8A29
932AA7EFF5
932A535621
9329FEBCAF
9329AA239E
9329558AEF
932900F2A1
9328AC5AB4
932857C328
9328032BFD
9327AE9534
932759FECC
93270568C5
9326B0D320
93265C3DDB
932607A8F8
9325B31476
93255E8056
932509EC97
9324B55938
932460C63B
93240C33A0
9323B7A165
9323630F8C
93230E7E14
9322B9ECFD
9322655C47
932210CBF3
9321BC3C00
932167AC6E
9321131D3D
9320BE8E6D
932069FFFF
93201571F2
931FC0E446
931F6C56FB
931F17CA11
931EC33D89
931E6EB161
931E1A259B
931DC59A36
931D710F32
931D1C8490
931CC7FA4E
931C73706E
931C1EE6EF
931BCA5DD1
931B75D514
931B214CB8
931ACCC4BE
931A783D24
931A23B5EC
9319CF2F15
93197AA89F
931926228A
9318D19CD6
93187D1784
9318289292
9317D40E02
93177F89D3
93172B0605
9316D68298
931681FF8C
93162D7CE1
9315D8FA98
93158478AF
93152FF728
9314DB7601
931486F53C
93143274D8
9313DDF4D5
9313897533
931334F5F3
9312E07713
93128BF894
9312377A77
9311E2FCBA
93118E7F5F
93113A0264
9310E585CB
9310910993
93103C8DBC
930FE81246
930F939731
930F3F1C7D
930EEAA22A
930E962838
930E41AEA8
930DED3578
930D98BCA9
930D44443C
930CEFCC2F
930C9B5484
930C46DD39
930BF26650
930B9DEFC7
930B4979A0
930AF503D9
930AA08E74
930A4C1970
9309F7A4CC
9309A3308A
93094EBCA9
9308FA4929
9308A5D609
930851634B
9307FCF0EE
9307A87EF2
9307540D56
9306FF9C1C
9306AB2B43
930656BACB
9306024AB3
9305ADDAFD
9305596BA8
930504FCB4
9304B08E20
93045C1FEE
930407B21C
9303B344AC
93035ED79D
93030A6AEE
9302B5FEA1
93026192B4
93020D2728
9301B8BBFE
9301645134
93010FE6CB
9300BB7CC4
930067131D
930012A9D7
92FFBE40F2
92FF69D86E
92FF15704B
92FEC10889
92FE6CA127
92FE183A27
92FDC3D388
92FD6F6D49
92FD1B076C
92FCC6A1EF
92FC723CD3
92FC1DD819
92FBC973BF
92FB750FC6
92FB20AC2E
92FACC48F6
92FA77E620
92FA2383AB
92F9CF2196
92F97ABFE3
92F9265E90
92F8D1FD9E
92F87D9D0D
92F8293CDD
92F7D4DD0E
92F7807DA0
92F72C1E92
92F6D7BFE6
92F683619A
92F62F03AF
92F5DAA626
92F58648FC
92F531EC34
92F4DD8FCD
92F48933C6
92F434D821
92F3E07CDC
92F38C21F8
92F337C775
92F2E36D53
92F28F1391
92F23ABA30
92F1E66131
92F1920892
92F13DB054
92F0E95876
92F09500FA
92F040A9DE
92EFEC5323
92EF97FCC9
92EF43A6D0
92EEEF5138
92EE9AFC00
92EE46A72A
92EDF252B4
92ED9DFE9E
92ED49AAEA
92ECF55796
92ECA104A4
92EC4CB212
92EBF85FE0
92EBA40E10
92EB4FBCA0
92EAFB6B92
92EAA71AE4
92EA52CA96
92E9FE7AAA
92E9AA2B1E
92E955DBF3
92E9018D29
92E8AD3EBF
92E858F0B7
92E804A30F
92E7B055C7
92E75C08E1
92E707BC5B
92E6B37036
92E65F2472
92E60AD90F
92E5B68E0C
92E562436A
92E50DF929
92E4B9AF48
92E46565C8
92E4111CA9
92E3BCD3EB
92E3688B8D
92E3144390
92E2BFFBF4
92E26BB4B9
92E2176DDE
92E1C32764
92E16EE14B
92E11A9B92
92E0C6563A
92E0721143
92E01DCCAC
92DFC98876
92DF7544A1
92DF21012D
92DECCBE19
92DE787B66
92DE243914
92DDCFF722
92DD7BB591
92DD277460
92DCD33391
92DC7EF322
92DC2AB313
92DBD67365
92DB823418
92DB2DF52C
92DAD9B6A0
92DA857875
92DA313AAB
92D9DCFD41
92D988C038
92D934838F
92D8E04747
92D88C0B60
92D837CFDA
92D7E394B4
92D78F59EE
92D73B1F8A
92D6E6E585
92D692ABE2
92D63E729F
92D5EA39BD
92D596013B
92D541C91A
92D4ED915A
92D49959FA
92D44522FB
92D3F0EC5C
92D39CB61F
92D3488041
92D2F44AC4
92D2A015A8
92D24BE0ED
92D1F7AC92
92D1A37897
92D14F44FD
92D0FB11C4
92D0A6DEEB
92D052AC73
92CFFE7A5C
92CFAA48A5
92CF56174E
92CF01E658
92CEADB5C3
92CE59858F
92CE0555BA
92CDB12647
92CD5CF734
92CD08C881
92CCB49A2F
92CC606C3E
92CC0C3EAD
92CBB8117D
92CB63E4AD
92CB0FB83E
92CABB8C2F
92CA676081
92CA133533
92C9BF0A46
92C96ADFB9
92C916B58D
92C8C28BC1
92C86E6256
92C81A394C
92C7C610A2
92C771E858
92C71DC06F
92C6C998E6
92C67571BE
92C6214AF7
92C5CD2490
92C578FE89
92C524D8E3
92C4D0B39E
92C47C8EB8
92C4286A34
92C3D44610
92C380224C
92C32BFEE9
92C2D7DBE6
92C283B944
92C22F9702
92C1DB7520
92C18753A0
92C133327F
92C0DF11BF
92C08AF160
92C036D161
92BFE2B1C2
92BF8E9284
92BF3A73A6
92BEE65529
92BE92370C
92BE3E194F
92BDE9FBF3
92BD95DEF8
92BD41C25D
92BCEDA622
92BC998A48
92BC456ECE
92BBF153B4
92BB9D38FB
92BB491EA3
92BAF504AB
92BAA0EB13
92BA4CD1DB
92B9F8B904
92B9A4A08E
92B9508878
92B8FC70C2
92B8A8596C
92B8544277
92B8002BE3
92B7AC15AE
92B757FFDB
92B703EA67
92B6AFD554
92B65BC0A1
92B607AC4F
92B5B3985D
92B55F84CB
92B50B719A
92B4B75EC9
92B4634C58
92B40F3A48
92B3BB2898
92B3671749
92B313065A
92B2BEF5CB
92B26AE59D
92B216D5CE
92B1C2C661
92B16EB753
92B11AA8A6
92B0C69A59
92B0728C6D
92B01E7EE1
92AFCA71B5
92AF7664EA
92AF22587E
92AECE4C74
92AE7A40C9
92AE26357F
92ADD22A95
92AD7E200B
92AD2A15E2
92ACD60C19
92AC8202B0
92AC2DF9A8
92ABD9F100
92AB85E8B8
92AB31E0D1
92AADDD949
92AA89D222
92AA35CB5C
92A9E1C4F5
92A98DBEEF
92A939B949
92A8E5B404
92A891AF1F
92A83DAA9A
92A7E9A675
92A795A2B0
92A7419F4C
92A6ED9C48
92A69999A4
92A6459761
92A5F1957E
92A59D93FB
92A54992D8
92A4F59215
92A4A191B3
92A44D91B1
92A3F9920F
92A3A592CE
92A35193EC
92A2FD956B
92A2A9974A
92A2559989
92A2019C29
92A1AD9F29
92A159A289
92A105A649
92A0B1AA69
92A05DAEEA
92A009B3CB
929FB5B90C
929F61BEAD
929F0DC4AE
929EB9CB10
929E65D1D2
929E11D8F3
929DBDE076
929D69E858
929D15F09A
929CC1F93D
929C6E0240
929C1A0BA3
929BC61566
929B721F89
929B1E2A0D
929ACA34F1
929A764035
929A224BD9
9299CE57DD
92997A6441
9299267105
9298D27E2A
92987E8BAF
92982A9994
9297D6A7D9
929782B67E
92972EC583
9296DAD4E9
929686E4AE
929632F4D4
9295DF055A
92958B1640
9295372786
9294E3392C
92948F4B32
92943B5D99
9293E7705F
9293938386
92933F970C
9292EBAAF3
929297BF3A
929243D3E1
9291EFE8E8
92919BFE4F
9291481417
9290F42A3E
9290A040C6
92904C57AD
928FF86EF5
928FA4869D
928F509EA4
928EFCB70C
928EA8CFD4
928E54E8FC
928E010284
928DAD1C6C
928D5936B4
928D05515D
928CB16C65
928C5D87CD
928C09A396
928BB5BFBE
928B61DC46
928B0DF92F
928ABA1678
928A663420
928A125229
9289BE7091
92896A8F5A
928916AE83
9288C2CE0B
92886EEDF4
92881B0E3D
9287C72EE6
9287734FEF
92871F7157
9286CB9320
928677B549
928623D7D2
9285CFFABB
92857C1E04
92852841AC
9284D465B5
9284808A1E
92842CAEE7
9283D8D410
928384F998
9283311F81
9282DD45CA
9282896C72
928235937B
9281E1BAE4
92818DE2AC
92813A0AD5
9280E6335E
9280925C46
92803E858F
927FEAAF37
927F96D93F
927F4303A8
927EEF2E70
927E9B5998
927E478520
927DF3B108
927D9FDD50
927D4C09F8
927CF83700
927CA46468
927C509230
927BFCC058
927BA8EEDF
927B551DC7
927B014D0E
927AAD7CB6
927A59ACBD
927A05DD24
9279B20DEB
92795E3F12
92790A7099
9278B6A280
927862D4C7
92780F076D
9277BB3A74
9277676DDA
927713A1A0
9276BFD5C7
92766C0A4D
9276183F33
9275C47478
927570AA1E
92751CE024
9274C91689
9274754D4E
9274218473
9273CDBBF8
927379F3DD
9273262C22
9272D264C7
92727E9DCB
92722AD72F
9271D710F4
9271834B18
92712F859B
9270DBC07F
927087FBC3
9270343766
926FE07369
926F8CAFCC
926F38EC8F
926EE529B2
926E916734
926E3DA516
926DE9E358
926D9621FA
926D4260FC
926CEEA05E
926C9AE01F
926C472040
926BF360C1
926B9FA1A2
926B4BE2E3
926AF82483
926AA46683
926A50A8E3
9269FCEBA3
9269A92EC2
9269557242
926901B621
9268ADFA60
92685A3EFE
92680683FD
9267B2C95B
92675F0F19
92670B5536
9266B79BB4
926663E291
92661029CE
9265BC716B
926568B967
92651501C4
9264C14A80
92646D939B
926419DD17
9263C626F2
926372712D
92631EBBC8
9262CB06C2
926277521C
9262239DD6
9261CFE9F0
92617C3669
9261288342
9260D4D07B
9260811E14
92602D6C0C
925FD9BA64
925F86091B
925F325833
925EDEA7AA
925E8AF780
925E3747B7
925DE3984D
925D8FE943
925D3C3A98
925CE88C4D
925C94DE62
925C4130D7
925BED83AB
925B99D6DF
925B462A73
925AF27E66
925A9ED2B9
925A4B276B
9259F77C7E
9259A3D1F0
92595027C1
9258FC7DF2
9258A8D483
9258552B74
92580182C4
9257ADDA74
92575A3283
9257068AF3
9256B2E3C1
92565F3CF0
92560B967E
9255B7F06B
9255644AB9
925510A566
9254BD0072
9254695BDE
925415B7AA
9253C213D6
92536E7061
92531ACD4B
9252C72A96
925273883F
92521FE649
9251CC44B2
925178A37B
92512502A3
9250D1622B
92507DC212
92502A2259
924FD68300
924F82E406
924F2F456C
924EDBA731
924E880956
924E346BDB
924DE0CEBF
924D8D3203
924D3995A6
924CE5F9A9
924C925E0B
924C3EC2CD
924BEB27EE
924B978D6F
924B43F350
924AF05990
924A9CC030
924A49272F
9249F58E8E
9249A1F64C
92494E5E6A
9248FAC6E7
9248A72FC4
9248539901
924800029D
9247AC6C98
924758D6F3
92470541AE
9246B1ACC8
92465E1841
92460A841A
9245B6F053
9245635CEB
92450FC9E3
9244BC373A
924468A4F1
9244151307
9243C1817C
92436DF051
92431A5F86
9242C6CF1A
9242733F0E
92421FAF61
9241CC2013
9241789125
9241250297
9240D17468
92407DE698
92402A5928
923FD6CC17
923F833F66
923F2FB314
923EDC2722
923E889B8F
923E35105C
923DE18588
923D8DFB13
923D3A70FE
923CE6E749
923C935DF3
923C3FD4FC
923BEC4C65
923B98C42D
923B453C54
923AF1B4DB
923A9E2DC2
923A4AA708
9239F720AD
9239A39AB2
9239501516
9238FC8FD9
9238A90AFC
923855867F
9238020260
9237AE7EA2
92375AFB42
9237077842
9236B3F5A1
9236607360
92360CF17E
9235B96FFC
923565EED9
9235126E15
9234BEEDB1
92346B6DAC
923417EE06
9233C46EC0
923370EFD9
92331D7152
9232C9F32A
9232767561
923222F7F7
9231CF7AED
92317BFE43
92312881F7
9230D5060B
9230818A7F
92302E0F51
922FDA9484
922F871A15
922F33A006
922EE02656
922E8CAD05
922E393414
922DE5BB82
922D92434F
922D3ECB7C
922CEB5408
922C97DCF4
922C44663E
922BF0EFE8
922B9D79F1
922B4A045A
922AF68F22
922AA31A49
922A4FA5D0
9229FC31B5
9229A8BDFB
9229554A9F
922901D7A3
9228AE6506
92285AF2C8
92280780E9
9227B40F6A
9227609E4A
92270D2D8A
9226B9BD28
9226664D26
922612DD84
9225BF6E40
92256BFF5C
92251890D7
9224C522B1
922471B4EA
92241E4783
9223CADA7B
9223776DD2
9223240189
9222D0959F
92227D2A14
922229BEE8
9221D6541B
922182E9AE
92212F7FA0
9220DC15F1
922088ACA1
92203543B1
921FE1DB20
921F8E72EE
921F3B0B1B
921EE7A3A7
921E943C93
921E40D5DE
921DED6F88
921D9A0991
921D46A3FA
921CF33EC1
921C9FD9E8
921C4C756E
921BF91154
921BA5AD98
921B524A3C
921AFEE73E
921AAB84A0
921A582262
921A04C082
9219B15F01
92195DFDE0
92190A9D1E
9218B73CBB
921863DCB7
9218107D13
9217BD1DCD
921769BEE7
9217166060
9216C30238
92166FA46F
92161C4705
9215C8E9FA
9215758D4F
9215223103
9214CED515
92147B7987
9214281E58
9213D4C389
9213816918
92132E0F06
9212DAB554
9212875C01
921234030D
9211E0AA78
92118D5242
921139FA6B
9210E6A2F3
9210934BDA
92103FF521
920FEC9EC6
920F9948CB
920F45F32F
920EF29DF2
920E9F4914
920E4BF495
920DF8A075
920DA54CB4
920D51F952
920CFEA650
920CAB53AC
920C580167
920C04AF82
920BB15DFC
920B5E0CD4
920B0ABC0C
920AB76BA3
920A641B99
920A10CBEE
9209BD7CA2
92096A2DB5
920916DF27
9208C390F8
9208704328
92081CF5B7
9207C9A8A5
9207765BF3
9207230F9F
9206CFC3AA
92067C7815
9206292CDE
9205D5E206
920582978E
92052F4D74
9204DC03BA
920488BA5E
9204357162
9203E228C4
92038EE086
92033B98A6
9202E85126
9202950A04
920241C341
9201EE7CDE
92019B36D9
920147F134
9200F4ABED
9200A16706
92004E227D
91FFFADE53
91FFA79A89
91FF54571D
91FF011410
91FEADD163
91FE5A8F14
91FE074D24
91FDB40B93
91FD60CA61
91FD0D898E
91FCBA491A
91FC670905
91FC13C94F
91FBC089F8
91FB6D4B00
91FB1A0C67
91FAC6CE2C
91FA739051
91FA2052D4
91F9CD15B7
91F979D8F8
91F9269C98
91F8D36098
91F88024F6
91F82CE9B3
91F7D9AECF
91F786744A
91F7333A24
91F6E0005C
91F68CC6F4
91F6398DEB
91F5E65540
91F5931CF4
91F53FE507
91F4ECAD7A
91F499764B
91F4463F7A
91F3F30909
91F39FD2F7
91F34C9D43
91F2F967EF
91F2A632F9
91F252FE62
91F1FFCA2A
91F1AC9651
91F15962D7
91F1062FBC
91F0B2FCFF
91F05FCAA2
91F00C98A3
91EFB96703
91EF6635C2
91EF1304E0
91EEBFD45C
91EE6CA438
91EE197472
91EDC6450B
91ED731603
91ED1FE75A
91ECCCB90F
91EC798B24
91EC265D97
91EBD33069
91EB80039A
91EB2CD72A
91EAD9AB19
91EA867F66
91EA335412
91E9E0291D
91E98CFE87
91E939D450
91E8E6AA77
91E89380FD
91E84057E2
91E7ED2F26
91E79A06C9
91E746DECA
91E6F3B72A
91E6A08FE9
91E64D6907
91E5FA4283
91E5A71C5F
91E553F699
91E500D131
91E4ADAC29
91E45A877F
91E4076335
91E3B43F49
91E3611BBB
91E30DF88D
91E2BAD5BD
91E267B34C
91E2149139
91E1C16F86
91E16E4E31
91E11B2D3B
91E0C80CA3
91E074EC6B
91E021CC91
91DFCEAD16
91DF7B8DF9
91DF286F3C
91DED550DD
91DE8232DC
91DE2F153B
91DDDBF7F8
91DD88DB14
91DD35BE8F
91DCE2A268
91DC8F86A0
91DC3C6B37
91DBE9502C
91DB963580
91DB431B33
91DAF00145
91DA9CE7B5
91DA49CE84
91D9F6B5B1
91D9A39D3E
91D9508529
91D8FD6D72
91D8AA561B
91D8573F22
91D8042887
91D7B1124C
91D75DFC6F
91D70AE6F0
91D6B7D1D1
91D664BD10
91D611A8AD
91D5BE94AA
91D56B8105
91D5186DBE
91D4C55AD7
91D472484D
91D41F3623
91D3CC2457
91D37912EA
91D32601DC
91D2D2F12C
91D27FE0DA
91D22CD0E8
91D1D9C154
91D186B21E
91D133A348
91D0E094CF
91D08D86B6
91D03A78FB
91CFE76B9F
91CF945EA1
91CF415202
91CEEE45C1
91CE9B39E0
91CE482E5C
91CDF52338
91CDA21871
91CD4F0E0A
91CCFC0401
91CCA8FA57
91CC55F10B
91CC02E81E
91CBAFDF8F
91CB5CD75F
91CB09CF8E
91CAB6C81B
91CA63C107
91CA10BA51
91C9BDB3FA
91C96AAE01
91C917A867
91C8C4A32C
91C8719E4F
91C81E99D0
91C7CB95B0
91C77891EF
91C7258E8C
91C6D28B88
91C67F88E3
91C62C869C
91C5D984B3
91C5868329
91C53381FD
91C4E08130
91C48D80C2
91C43A80B2
91C3E78101
91C39481AE
91C34182B9
91C2EE8423
91C29B85EC
91C2488813
91C1F58A99
91C1A28D7D
91C14F90C0
91C0FC9461
91C0A99860
91C0569CBE
91C003A17B
91BFB0A696
91BF5DAC10
91BF0AB1E8
91BEB7B81E
91BE64BEB3
91BE11C5A7
91BDBECCF9
91BD6BD4A9
91BD18DCB8
91BCC5E526
91BC72EDF2
91BC1FF71C
91BBCD00A5
91BB7A0A8C
91BB2714D2
91BAD41F76
91BA812A78
91BA2E35D9
91B9DB4199
91B9884DB7
91B9355A33
91B8E2670E
91B88F7447
91B83C81DF
91B7E98FD5
91B7969E29
91B743ACDC
91B6F0BBEE
91B69DCB5D
91B64ADB2C
91B5F7EB58
91B5A4FBE3
91B5520CCD
91B4FF1E14
91B4AC2FBB
91B45941BF
91B4065422
91B3B366E4
91B3607A04
91B30D8D82
91B2BAA15E
91B267B599
91B214CA33
91B1C1DF2B
91B16EF481
91B11C0A35
91B0C92048
91B07636B9
91B0234D89
91AFD064B7
91AF7D7C43
91AF2A942E
91AED7AC77
91AE84C51F
91AE31DE24
91ADDEF789
91AD8C114B
91AD392B6C
91ACE645EB
91AC9360C9
91AC407C05
91ABED979F
91AB9AB397
91AB47CFEE
91AAF4ECA3
91AAA209B7
91AA4F2729
91A9FC44F9
91A9A96328
91A95681B4
91A903A0A0
91A8B0BFE9
91A85DDF91
91A80AFF97
91A7B81FFB
91A76540BE
91A71261DF
91A6BF835E
91A66CA53C
91A619C778
91A5C6EA12
91A5740D0A
91A5213061
91A4CE5416
91A47B7829
91A4289C9B
91A3D5C16B
91A382E699
91A3300C25
91A2DD3210
91A28A5859
91A2377F00
91A1E4A606
91A191CD69
91A13EF52B
91A0EC1D4C
91A09945CA
91A0466EA7
919FF397E2
919FA0C17B
919F4DEB73
919EFB15C8
919EA8407C
919E556B8E
919E0296FF
919DAFC2CE
919D5CEEFA
919D0A1B86
919CB7486F
919C6475B6
919C11A35C
919BBED160
919B6BFFC2
919B192E83
919AC65DA1
919A738D1E
919A20BCF9
9199CDED32
91997B1DCA
9199284EBF
9198D58013
919882B1C5
91982FE3D5
9197DD1644
91978A4910
9197377C3B
9196E4AFC4
919691E3AB
91963F17F0
9195EC4C94
9195998195
919546B6F5
9194F3ECB3
9194A122CF
91944E5949
9193FB9022
9193A8C758
919355FEED
91930336E0
9192B06F31
91925DA7E0
91920AE0ED
9191B81A59
9191655422
9191128E4A
9190BFC8D0
91906D03B4
91901A3EF6
918FC77A96
918F74B695
918F21F2F1
918ECF2FAC
918E7C6CC4
918E29AA3B
918DD6E810
918D842643
918D3164D4
918CDEA3C3
918C8BE311
918C3922BC
918BE662C6
918B93A32D
918B40E3F3
918AEE2517
918A9B6699
918A48A879
9189F5EAB7
9189A32D53
918950704D
9188FDB3A5
9188AAF75B
9188583B70
9188057FE2
9187B2C4B3
91876009E1
91870D4F6E
9186BA9559
918667DBA2
9186152248
9185C2694D
91856FB0B0
91851CF871
9184CA4090
918477890D
918424D1E8
9183D21B21
91837F64B8
91832CAEAE
9182D9F901
91828743B2
9182348EC1
9181E1DA2E
91818F25FA
91813C7223
9180E9BEAA
9180970B8F
91804458D3
917FF1A674
917F9EF473
917F4C42D1
917EF9918C
917EA6E0A5
917E54301D
917E017FF2
917DAED025
917D5C20B6
917D0971A6
917CB6C2F3
917C64149E
917C1166A7
917BBEB90E
917B6C0BD4
917B195EF7
917AC6B278
917A740657
917A215A94
9179CEAF2F
91797C0427
917929597E
9178D6AF33
9178840546
9178315BB7
9177DEB285
91778C09B2
917739613C
9176E6B925
917694116B
9176416A0F
9175EEC312
91759C1C72
9175497630
9174F6D04C
9174A42AC6
917451859E
9173FEE0D3
9173AC3C67
9173599859
917306F4A8
9172B45155
917261AE61
91720F0BCA
9171BC6991
917169C7B6
9171172639
9170C4851A
917071E458
91701F43F5
916FCCA3EF
916F7A0448
916F2764FE
916ED4C612
916E822784
916E2F8953
916DDCEB81
916D8A4E0D
916D37B0F6
916CE5143D
916C9277E2
916C3FDBE5
916BED4046
916B9AA505
916B480A21
916AF56F9C
916AA2D574
916A503BAA
9169FDA23E
9169AB0930
916958707F
916905D82C
9168B34038
916860A8A1
91680E1168
9167BB7A8C
916768E40F
9167164DEF
9166C3B82D
91667122C9
91661E8DC3
9165CBF91A
91657964D0
916526D0E3
9164D43D54
916481AA23
91642F174F
9163DC84DA
916389F2C2
9163376108
9162E4CFAB
9162923EAD
91623FAE0C
9161ED1DC9
91619A8DE4
916147FE5D
9160F56F33
9160A2E067
91605051F9
915FFDC3E9
915FAB3636
915F58A8E1
915F061BEA
915EB38F51
915E610315
915E0E7737
915DBBEBB7
915D696095
915D16D5D0
915CC44B6A
915C71C160
915C1F37B5
915BCCAE67
915B7A2578
915B279CE5
915AD514B1
915A828CDA
915A300561
9159DD7E46
91598AF788
9159387128
9158E5EB26
9158936582
915840E03B
9157EE5B52
91579BD6C6
9157495299
9156F6CEC9
9156A44B56
915651C842
9155FF458B
9155ACC332
91555A4136
915507BF98
9154B53E58
915462BD76
9154103CF1
9153BDBCCA
91536B3D00
915318BD94
9152C63E86
915273BFD6
9152214183
9151CEC38E
91517C45F6
915129C8BC
9150D74BE0
915084CF61
9150325340
914FDFD77D
914F8D5C17
914F3AE10F
914EE86665
914E95EC18
914E437229
914DF0F898
914D9E7F64
914D4C068D
914CF98E15
914CA715FA
914C549E3C
914C0226DC
914BAFAFDA
914B5D3936
914B0AC2EF
914AB84D05
914A65D77A
914A13624B
9149C0ED7B
91496E7908
91491C04F2
9148C9913A
9148771DE0
914824AAE4
9147D23844
91477FC603
91472D541F
9146DAE299
9146887170
91463600A5
9145E39037
9145912027
91453EB074
9144EC411F
914499D228
914447638E
9143F4F552
9143A28773
91435019F2
9142FDACCE
9142AB4008
914258D3A0
9142066795
9141B3FBE7
9141619097
91410F25A5
9140BCBB10
91406A50D8
914017E6FE
913FC57D82
913F731463
913F20ABA2
913ECE433E
913E7BDB38
913E29738F
913DD70C44
913D84A556
913D323EC5
913CDFD893
913C8D72BD
913C3B0D46
913BE8A82B
913B96436E
913B43DF0F
913AF17B0D
913A9F1769
913A4CB422
9139FA5138
9139A7EEAD
9139558C7E
9139032AAD
9138B0C939
91385E6823
91380C076B
9137B9A710
9137674712
913714E772
9136C2882F
9136702949
91361DCAC2
9135CB6C97
9135790ECA
913526B15A
9134D45448
913481F794
91342F9B3C
9133DD3F42
91338AE3A6
9133388867
9132E62D85
913293D301
91324178DB
9131EF1F11
91319CC5A5
91314A6C97
9130F813E6
9130A5BB92
913053639C
9130010C03
912FAEB4C7
912F5C5DE9
912F0A0769
912EB7B145
912E655B7F
912E130617
912DC0B10C
912D6E5C5E
912D1C080D
912CC9B41A
912C776085
912C250D4D
912BD2BA72
912B8067F4
912B2E15D4
912ADBC411
912A8972AC
912A3721A4
9129E4D0F9
91299280AB
91294030BB
9128EDE129
91289B91F3
912849431B
9127F6F4A1
9127A4A683
91275258C3
9127000B61
9126ADBE5B
91265B71B3
9126092569
9125B6D97B
9125648DEB
91251242B9
9124BFF7E3
91246DAD6B
91241B6350
9123C91993
912376D033
9123248730
9122D23E8A
91227FF642
91222DAE57
9121DB66CA
9121891F99
912136D8C6
9120E49250
9120924C38
912040067D
911FEDC11F
911F9B7C1E
911F49377A
911EF6F334
911EA4AF4C
911E526BC0
911E002892
911DADE5C1
911D5BA34D
911D096136
911CB71F7D
911C64DE21
911C129D22
911BC05C81
911B6E1C3C
911B1BDC55
911AC99CCB
911A775D9F
911A251ECF
9119D2E05D
911980A248
91192E6491
9118DC2736
911889EA39
911837AD99
9117E57156
9117933571
911740F9E9
9116EEBEBD
91169C83F0
91164A497F
9115F80F6B
9115A5D5B5
9115539C5C
9115016360
9114AF2AC1
91145CF280
91140ABA9C
9113B88314
9113664BEB
911314151E
9112C1DEAE
91126FA89C
91121D72E7
9111CB3D8E
9111790894
911126D3F6
9110D49FB5
9110826BD2
911030384C
910FDE0523
910F8BD257
910F399FE8
910EE76DD6
910E953C22
910E430ACB
910DF0D9D0
910D9EA933
910D4C78F4
910CFA4911
910CA8198B
910C55EA63
910C03BB97
910BB18D29
910B5F5F18
910B0D3164
910ABB040D
910A68D713
910A16AA77
9109C47E37
9109725255
91092026D0
9108CDFBA7
91087BD0DC
910829A66E
9107D77C5D
91078552AA
9107332953
9106E10059
91068ED7BD
91063CAF7D
9105EA879B
9105986016
91054638ED
9104F41222
9104A1EBB4
91044FC5A3
9103FD9FEF
9103AB7A99
910359559F
9103073102
9102B50CC2
910262E8E0
910210C55A
9101BEA232
91016C7F66
91011A5CF8
9100C83AE7
9100761932
910023F7DB
90FFD1D6E1
90FF7FB644
90FF2D9603
90FEDB7620
90FE89569A
90FE373771
90FDE518A5
90FD92FA36
90FD40DC24
90FCEEBE6F
90FC9CA117
90FC4A841C
90FBF8677E
90FBA64B3D
90FB542F59
90FB0213D2
90FAAFF8A8
90FA5DDDDB
90FA0BC36B
90F9B9A958
90F9678FA2
90F9157649
90F8C35D4D
90F87144AE
90F81F2C6C
90F7CD1487
90F77AFCFF
90F728E5D4
90F6D6CF06
90F684B895
90F632A281
90F5E08CC9
90F58E776F
90F53C6272
90F4EA4DD1
90F498398E
90F44625A7
90F3F4121E
90F3A1FEF1
90F34FEC22
90F2FDD9AF
90F2ABC799
90F259B5E0
90F207A485
90F1B59386
90F16382E4
90F111729E
90F0BF62B6
90F06D532B
90F01B43FD
90EFC9352B
90EF7726B7
90EF25189F
90EED30AE5
90EE80FD87
90EE2EF086
90EDDCE3E2
90ED8AD79B
90ED38CBB1
90ECE6C023
90EC94B4F3
90EC42AA20
90EBF09FA9
90EB9E958F
90EB4C8BD2
90EAFA8272
90EAA8796F
90EA5670C9
90EA046880
90E9B26093
90E9605904
90E90E51D1
90E8BC4AFB
90E86A4482
90E8183E66
90E7C638A7
90E7743345
90E7222E3F
90E6D02996
90E67E254A
90E62C215B
90E5DA1DC9
90E5881A94
90E53617BB
90E4E41540
90E4921321
90E440115F
90E3EE0FFA
90E39C0EF1
90E34A0E46
90E2F80DF7
90E2A60E05
90E2540E70
90E2020F38
90E1B0105C
90E15E11DE
90E10C13BC
90E0BA15F7
90E068188F
90E0161B83
90DFC41ED5
90DF722283
90DF20268E
90DECE2AF6
90DE7C2FBA
90DE2A34DB
90DDD83A5A
90DD864034
90DD34466C
90DCE24D01
90DC9053F2
90DC3E5B40
90DBEC62EB
90DB9A6AF2
90DB487356
90DAF67C17
90DAA48535
90DA528EB0
90DA009887
90D9AEA2BB
90D95CAD4C
90D90AB839
90D8B8C384
90D866CF2B
90D814DB2F
90D7C2E78F
90D770F44C
90D71F0166
90D6CD0EDD
90D67B1CB0
90D6292AE1
90D5D7396E
90D5854857
90D533579D
90D4E16741
90D48F7740
90D43D879D
90D3EB9856
90D399A96C
90D347BADE
90D2F5CCAE
90D2A3DEDA
90D251F162
90D2000448
90D1AE178A
90D15C2B28
90D10A3F24
90D0B8537C
90D0666831
90D0147D42
90CFC292B0
90CF70A87B
90CF1EBEA3
90CECCD527
90CE7AEC08
90CE290345
90CDD71ADF
90CD8532D6
90CD334B2A
90CCE163DA
90CC8F7CE7
90CC3D9650
90CBEBB016
90CB99CA39
90CB47E4B8
90CAF5FF94
90CAA41ACD
90CA523662
90CA005254
90C9AE6EA3
90C95C8B4E
90C90AA856
90C8B8C5BA
90C866E37B
90C8150199
90C7C32013
90C7713EEA
90C71F5E1E
90C6CD7DAE
90C67B9D9B
90C629BDE4
90C5D7DE8A
90C585FF8D
90C53420EC
90C4E242A7
90C49064C0
90C43E8735
90C3ECAA06
90C39ACD34
90C348F0BF
90C2F714A6
90C2A538EA
90C2535D8A
90C2018287
90C1AFA7E1
90C15DCD97
90C10BF3AA
90C0BA1A19
90C06840E5
90C016680D
90BFC48F92
90BF72B774
90BF20DFB2
90BECF084C
90BE7D3144
90BE2B5A97
90BDD98447
90BD87AE54
90BD35D8BE
90BCE40383
90BC922EA6
90BC405A25
90BBEE8600
90BB9CB238
90BB4ADECD
90BAF90BBE
90BAA7390B
90BA5566B5
90BA0394BC
90B9B1C31F
90B95FF1DE
90B90E20FA
90B8BC5073
90B86A8048
90B818B07A
90B7C6E108
90B77511F2
90B7234339
90B6D174DD
90B67FA6DD
90B62DD93A
90B5DC0BF3
90B58A3F08
90B538727A
90B4E6A648
90B494DA73
90B4430EFB
90B3F143DF
90B39F791F
90B34DAEBC
90B2FBE4B5
90B2AA1B0B
90B25851BD
90B20688CC
90B1B4C037
90B162F7FE
90B1113022
90B0BF68A2
90B06DA17F
90B01BDAB9
90AFCA144E
90AF784E41
90AF26888F
90AED4C33A
90AE82FE42
90AE3139A6
90ADDF7566
90AD8DB183
90AD3BEDFC
90ACEA2AD1
90AC986803
90AC46A592
90ABF4E37C
90ABA321C4
90AB516067
90AAFF9F67
90AAADDEC4
90AA5C1E7C
90AA0A5E92
90A9B89F03
90A966DFD1
90A91520FC
90A8C36282
90A871A465
90A81FE6A5
90A7CE2941
90A77C6C39
90A72AAF8E
90A6D8F33F
90A687374C
90A6357BB6
90A5E3C07C
90A592059E
90A5404B1D
90A4EE90F8
90A49CD730
90A44B1DC4
90A3F964B4
90A3A7AC01
90A355F3A9
90A3043BAF
90A2B28410
90A260CCCE
90A20F15E9
90A1BD5F5F
90A16BA932
90A119F361
90A0C83DED
90A07688D5
90A024D419
909FD31FBA
909F816BB6
909F2FB810
909EDE04C5
909E8C51D7
909E3A9F45
909DE8ED0F
909D973B36
909D4589B9
909CF3D898
909CA227D4
909C50776C
909BFEC760
909BAD17B1
909B5B685D
909B09B966
909AB80ACC
909A665C8D
909A14AEAB
9099C30125
90997153FC
90991FA72E
9098CDFABD
90987C4EA8
90982AA2F0
9097D8F794
9097874C94
909735A1F0
9096E3F7A8
9096924DBD
909640A42E
9095EEFAFB
90959D5225
90954BA9AA
9094FA018C
9094A859CA
909456B265
9094050B5B
9093B364AE
909361BE5D
9093101869
9092BE72D0
90926CCD94
90921B28B4
9091C98430
909177E008
9091263C3D
9090D498CE
909082F5BB
9090315304
908FDFB0A9
908F8E0EAB
908F3C6D09
908EEACBC3
908E992AD9
908E478A4B
908DF5EA1A
908DA44A44
908D52AACB
908D010BAE
908CAF6CEE
908C5DCE89
908C0C3081
908BBA92D4
908B68F584
908B175890
908AC5BBF9
908A741FBD
908A2283DE
9089D0E85A
90897F4D33
90892DB268
9088DC17F9
90888A7DE7
908838E430
9087E74AD6
908795B1D7
9087441935
9086F280EF
9086A0E905
90864F5178
9085FDBA46
9085AC2370
90855A8CF7
908508F6DA
9084B76119
908465CBB4
90841436AB
9083C2A1FE
9083710DAD
90831F79B8
9082CDE620
90827C52E4
90822AC003
9081D92D7F
9081879B57
908136098B
9080E4781B
908092E707
908041564F
907FEFC5F3
907F9E35F4
907F4CA650
907EFB1709
907EA9881D
907E57F98E
907E066B5B
907DB4DD83
907D635008
907D11C2E9
907CC03626
907C6EA9BF
907C1D1DB4
907BCB9205
907B7A06B2
907B287BBB
907AD6F121
907A8566E2
907A33DCFF
9079E25379
907990CA4E
90793F417F
9078EDB90D
90789C30F6
90784AA93C
9077F921DD
9077A79ADB
9077561434
9077048DEA
9076B307FB
9076618269
90760FFD32
9075BE7858
90756CF3DA
90751B6FB7
9074C9EBF1
9074786886
907426E578
9073D562C5
907383E06F
9073325E74
9072E0DCD6
90728F5B93
90723DDAAD
9071EC5A22
90719AD9F4
9071495A21
9070F7DAAA
9070A65B90
907054DCD1
9070035E6E
906FB1E067
906F6062BC
906F0EE56D
906EBD687B
906E6BEBE3
906E1A6FA8
906DC8F3C9
906D777846
906D25FD1F
906CD48254
906C8307E4
906C318DD1
906BE01419
906B8E9ABE
906B3D21BE
906AEBA91A
906A9A30D2
906A48B8E7
9069F74157
9069A5CA23
906954534A
906902DCCE
9068B166AE
90685FF0E9
90680E7B81
9067BD0674
90676B91C3
90671A1D6F
9066C8A976
90667735D9
906625C297
9065D44FB2
906582DD29
9065316AFB
9064DFF929
90648E87B4
90643D169A
9063EBA5DC
90639A357A
906348C573
9062F755C9
9062A5E67A
9062547787
90620308F1
9061B19AB6
9061602CD6
90610EBF53
9060BD522C
90606BE560
90601A78F0
905FC90CDC
905F77A124
905F2635C8
905ED4CAC8
905E836023
905E31F5DA
905DE08BED
905D8F225C
905D3DB927
905CEC504D
905C9AE7D0
905C497FAE
905BF817E8
905BA6B07D
905B55496F
905B03E2BC
905AB27C66
905A61166B
905A0FB0CB
9059BE4B88
90596CE6A0
90591B8214
9058CA1DE4
905878BA10
9058275697
9057D5F37B
90578490BA
9057332E55
9056E1CC4B
9056906A9E
90563F094C
9055EDA856
90559C47BB
90554AE77D
9054F9879A
9054A82813
905456C8E8
9054056A18
9053B40BA4
905362AD8C
9053114FD0
9052BFF26F
90526E956B
90521D38C2
9051CBDC74
90517A8083
90512924ED
9050D7C9B3
9050866ED4
9050351451
904FE3BA2A
904F92605F
904F4106F0
904EEFADDC
904E9E5524
904E4CFCC7
904DFBA4C6
904DAA4D21
904D58F5D8
904D079EEB
904CB64859
904C64F222
904C139C48
904BC246C9
904B70F1A6
904B1F9CDF
904ACE4873
904A7CF463
904A2BA0AE
9049DA4D56
904988FA58
904937A7B7
9048E65571
9048950387
904843B1F9
9047F260C6
9047A10FEF
90474FBF74
9046FE6F54
9046AD1F90
90465BD027
90460A811B
9045B93269
904567E414
904516961A
9044C5487C
904473FB39
904422AE52
9043D161C7
9043801597
90432EC9C3
9042DD7E4B
90428C332E
90423AE86D
9041E99E07
90419853FD
9041470A4F
9040F5C0FC
9040A47805
9040532F69
904001E729
903FB09F45
903F5F57BC
903F0E108F
903EBCC9BE
903E6B8348
903E1A3D2D
903DC8F76E
903D77B20B
903D266D04
903CD52857
903C83E407
903C32A012
903BE15C79
903B90193B
903B3ED659
903AED93D2
903A9C51A7
903A4B0FD8
9039F9CE64
9039A88D4B
9039574C8F
9039060C2D
9038B4CC28
9038638C7D
9038124D2F
9037C10E3C
90376FCFA4
90371E9168
9036CD5388
90367C1603
90362AD8D9
9035D99C0B
9035885F99
9035372382
9034E5E7C7
903494AC67
9034437163
9033F236BA
9033A0FC6C
90334FC27B
9032FE88E4
9032AD4FAA
90325C16CA
90320ADE47
9031B9A61E
9031686E52
90311736E0
9030C5FFCB
903074C910
90302392B1
902FD25CAE
902F812706
902F2FF1BA
902EDEBCC9
902E8D8834
902E3C53FA
902DEB201B
902D99EC98
902D48B971
902CF786A4
902CA65434
902C55221F
902C03F065
902BB2BF07
902B618E04
902B105D5C
902ABF2D11
902A6DFD20
902A1CCD8B
9029CB9E51
90297A6F73
90292940F0
9028D812C9
902886E4FD
902835B78D
9027E48A78
9027935DBE
9027423160
9026F1055D
90269FD9B6
90264EAE6A
9025FD8379
9025AC58E4
90255B2EAA
90250A04CC
9024B8DB49
902467B222
9024168956
9023C560E5
90237438CF
9023231115
9022D1E9B7
902280C2B4
90222F9C0C
9021DE75BF
90218D4FCE
90213C2A39
9020EB04FE
902099E01F
902048BB9C
901FF79774
901FA673A7
901F555035
901F042D1F
901EB30A64
901E61E805
901E10C601
901DBFA458
901D6E830B
901D1D6219
901CCC4182
901C7B2147
901C2A0167
901BD8E1E2
901B87C2B9
901B36A3EB
901AE58578
901A946761
901A4349A4
9019F22C44
9019A10F3E
90194FF294
9018FED645
9018ADBA52
90185C9EBA
90180B837D
9017BA689B
9017694E15
90171833EA
9016C71A1A
90167600A6
901624E78D
9015D3CECF
901582B66D
9015319E66
9014E086BA
90148F6F69
90143E5874
9013ED41D9
90139C2B9B
90134B15B7
9012FA002F
9012A8EB02
901257D630
901206C1B9
9011B5AD9E
90116499DE
901113867A
9010C27370
90107160C2
9010204E6F
900FCF3C77
900F7E2ADB
900F2D1999
900EDC08B3
900E8AF829
900E39E7F9
900DE8D825
900D97C8AC
900D46B98E
900CF5AACB
900CA49C64
900C538E57
900C0280A6
900BB17351
900B606656
900B0F59B7
900ABE4D73
900A6D418A
900A1C35FC
9009CB2AC9
90097A1FF2
9009291576
9008D80B55
900887018F
900835F825
9007E4EF15
900793E661
900742DE08
9006F1D60A
9006A0CE68
90064FC720
9005FEC034
9005ADB9A3
90055CB36D
90050BAD92
9004BAA812
900469A2EE
9004189E24
9003C799B6
90037695A3
90032591EB
9002D48E8E
9002838B8D
90023288E6
9001E1869B
90019084AB
90013F8316
9000EE81DC
90009D80FD
90004C807A
8FFFFB8051
8FFFAA8084
8FFF598112
8FFF0881FA
8FFEB7833E
8FFE6684DD
8FFE1586D8
8FFDC4892D
8FFD738BDD
8FFD228EE9
8FFCD19250
8FFC809611
8FFC2F9A2E
8FFBDE9EA6
8FFB8DA379
8FFB3CA8A7
8FFAEBAE30
8FFA9AB415
8FFA49BA54
8FF9F8C0EF
8FF9A7C7E4
8FF956CF35
8FF905D6E1
8FF8B4DEE7
8FF863E749
8FF812F006
8FF7C1F91E
8FF7710291
8FF7200C5F
8FF6CF1688
8FF67E210D
8FF62D2BEC
8FF5DC3726
8FF58B42BC
8FF53A4EAC
8FF4E95AF8
8FF498679E
8FF44774A0
8FF3F681FC
8FF3A58FB4
8FF3549DC6
8FF303AC34
8FF2B2BAFD
8FF261CA21
8FF210D99F
8FF1BFE979
8FF16EF9AE
8FF11E0A3E
8FF0CD1B29
8FF07C2C6F
8FF02B3E0F
8FEFDA500B
8FEF896262
8FEF387514
8FEEE78821
8FEE969B89
8FEE45AF4C
8FEDF4C36A
8FEDA3D7E2
8FED52ECB6
8FED0201E5
8FECB1176F
8FEC602D54
8FEC0F4394
8FEBBE5A2E
8FEB6D7124
8FEB1C8875
8FEACBA020
8FEA7AB827
8FEA29D089
8FE9D8E945
8FE988025D
8FE9371BCF
8FE8E6359D
8FE8954FC5
8FE8446A49
8FE7F38527
8FE7A2A060
8FE751BBF4
8FE700D7E3
8FE6AFF42E
8FE65F10D3
8FE60E2DD2
8FE5BD4B2D
8FE56C68E3
8FE51B86F4
8FE4CAA560
8FE479C426
8FE428E348
8FE3D802C4
8FE387229B
8FE33642CE
8FE2E5635B
8FE2948443
8FE243A586
8FE1F2C724
8FE1A1E91D
8FE1510B70
8FE1002E1F
8FE0AF5128
8FE05E748D
8FE00D984C
8FDFBCBC66
8FDF6BE0DB
8FDF1B05AB
8FDECA2AD6
8FDE79505C
8FDE28763C
8FDDD79C78
8FDD86C30E
8FDD35E9FF
8FDCE5114B
8FDC9438F2
8FDC4360F4
8FDBF28951
8FDBA1B208
8FDB50DB1B
8FDB000488
8FDAAF2E50
8FDA5E5873
8FDA0D82F0
8FD9BCADC9
8FD96BD8FD
8FD91B048B
8FD8CA3074
8FD8795CB8
8FD8288957
8FD7D7B650
8FD786E3A5
8FD7361154
8FD6E53F5E
8FD6946DC3
8FD6439C83
8FD5F2CB9D
8FD5A1FB13
8FD5512AE3
8FD5005B0E
8FD4AF8B93
8FD45EBC74
8FD40DEDAF
8FD3BD1F46
8FD36C5137
8FD31B8382
8FD2CAB629
8FD279E92A
8FD2291C86
8FD1D8503D
8FD187844F
8FD136B8BC
8FD0E5ED83
8FD09522A5
8FD0445822
8FCFF38DF9
8FCFA2C42C
8FCF51FAB9
8FCF0131A1
8FCEB068E3
8FCE5FA081
8FCE0ED879
8FCDBE10CC
8FCD6D497A
8FCD1C8282
8FCCCBBBE5
8FCC7AF5A3
8FCC2A2FBC
8FCBD96A2F
8FCB88A4FD
8FCB37E026
8FCAE71BAA
8FCA965788
8FCA4593C1
8FC9F4D055
8FC9A40D44
8FC9534A8D
8FC9028831
8FC8B1C630
8FC8610489
8FC810433D
8FC7BF824C
8FC76EC1B6
8FC71E017A
8FC6CD4199
8FC67C8212
8FC62BC2E7
8FC5DB0416
8FC58A45A0
8FC5398784
8FC4E8C9C3
8FC4980C5D
8FC4474F52
8FC3F692A1
8FC3A5D64B
8FC3551A4F
8FC3045EAE
8FC2B3A368
8FC262E87D
8FC2122DEC
8FC1C173B6
8FC170B9DA
8FC120005A
8FC0CF4734
8FC07E8E68
8FC02DD5F7
8FBFDD1DE1
8FBF8C6626
8FBF3BAEC5
8FBEEAF7BF
8FBE9A4113
8FBE498AC2
8FBDF8D4CC
8FBDA81F30
8FBD5769EF
8FBD06B509
8FBCB6007D
8FBC654C4C
8FBC149875
8FBBC3E4FA
8FBB7331D8
8FBB227F12
8FBAD1CCA6
8FBA811A94
8FBA3068DD
8FB9DFB781
8FB98F0680
8FB93E55D9
8FB8EDA58C
8FB89CF59A
8FB84C4603
8FB7FB96C7
8FB7AAE7E5
8FB75A395D
8FB7098B30
8FB6B8DD5E
8FB6682FE7
8FB61782C9
8FB5C6D607
8FB576299F
8FB5257D92
8FB4D4D1DF
8FB4842687
8FB4337B89
8FB3E2D0E6
8FB392269D
8FB3417CB0
8FB2F0D31C
8FB2A029E3
8FB24F8105
8FB1FED881
8FB1AE3058
8FB15D8889
8FB10CE115
8FB0BC39FC
8FB06B933D
8FB01AECD8
8FAFCA46CE
8FAF79A11F
8FAF28FBCA
8FAED856D0
8FAE87B230
8FAE370DEA
8FADE66A00
8FAD95C66F
8FAD45233A
8FACF4805E
8FACA3DDDD
8FAC533BB7
8FAC0299EC
8FABB1F87A
8FAB615764
8FAB10B6A7
8FAAC01646
8FAA6F763E
8FAA1ED692
8FA9CE373F
8FA97D9848
8FA92CF9AA
8FA8DC5B67
8FA88BBD7F
8FA83B1FF1
8FA7EA82BE
8FA799E5E5
8FA7494967
8FA6F8AD43
8FA6A81179
8FA657760A
8FA606DAF6
8FA5B6403B
8FA565A5DC
8FA5150BD7
8FA4C4722C
8FA473D8DC
8FA4233FE6
8FA3D2A74A
8FA3820F09
8FA3317723
8FA2E0DF97
8FA2904865
8FA23FB18E
8FA1EF1B11
8FA19E84EF
8FA14DEF27
8FA0FD59B9
8FA0ACC4A6
8FA05C2FEE
8FA00B9B90
8F9FBB078C
8F9F6A73E2
8F9F19E093
8F9EC94D9F
8F9E78BB05
8F9E2828C5
8F9DD796DF
8F9D870554
8F9D367424
8F9CE5E34E
8F9C9552D2
8F9C44C2B0
8F9BF432E9
8F9BA3A37D
8F9B53146B
8F9B0285B3
8F9AB1F755
8F9A616952
8F9A10DBA9
8F99C04E5B
8F996FC167
8F991F34CD
8F98CEA88E
8F987E1CA9
8F982D911F
8F97DD05EE
8F978C7B19
8F973BF09D
8F96EB667C
8F969ADCB5
8F964A5349
8F95F9CA37
8F95A9417F
8F9558B922
8F9508311E
8F94B7A976
8F94672227
8F94169B33
8F93C61499
8F93758E5A
8F93250875
8F92D482EA
8F9283FDBA
8F923378E3
8F91E2F468
8F91927046
8F9141EC7F
8F90F16912
8F90A0E5FF
8F90506347
8F8FFFE0E9
8F8FAF5EE5
8F8F5EDD3C
8F8F0E5BED
8F8EBDDAF8
8F8E6D5A5D
8F8E1CDA1D
8F8DCC5A37
8F8D7BDAAB
8F8D2B5B7A
8F8CDADCA3
8F8C8A5E26
8F8C39E003
8F8BE9623B
8F8B98E4CD
8F8B4867B9
8F8AF7EB00
8F8AA76EA0
8F8A56F29B
8F8A0676F1
8F89B5FBA0
8F896580AA
8F8915060E
8F88C48BCC
8F887411E4
8F88239857
8F87D31F24
8F8782A64B
8F87322DCD
8F86E1B5A8
8F86913DDE
8F8640C66E
8F85F04F59
8F859FD89D
8F854F623C
8F84FEEC35
8F84AE7688
8F845E0136
8F840D8C3D
8F83BD179F
8F836CA35B
8F831C2F72
8F82CBBBE2
8F827B48AD
8F822AD5D2
8F81DA6351
8F8189F12A
8F81397F5D
8F80E90DEB
8F80989CD3
8F80482C15
8F7FF7BBB1
8F7FA74BA7
8F7F56DBF8
8F7F066CA3
8F7EB5FDA7
8F7E658F06
8F7E1520C0
8F7DC4B2D3
8F7D744541
8F7D23D808
8F7CD36B2A
8F7C82FEA6
8F7C32927C
8F7BE226AD
8F7B91BB37
8F7B41501C
8F7AF0E55B
8F7AA07AF3
8F7A5010E6
8F79FFA734
8F79AF3DDB
8F795ED4DC
8F790E6C38
8F78BE03EE
8F786D9BFE
8F781D3467
8F77CCCD2C
8F777C664A
8F772BFFC2
8F76DB9994
8F768B33C1
8F763ACE48
8F75EA6928
8F759A0463
8F75499FF8
8F74F93BE7
8F74A8D830
8F745874D4
8F740811D1
8F73B7AF28
8F73674CDA
8F7316EAE6
8F72C6894B
8F7276280B
8F7225C725
8F71D56699
8F71850667
8F7134A68F
8F70E44711
8F7093E7ED
8F70438924
8F6FF32AB4
8F6FA2CC9E
8F6F526EE3
8F6F021181
8F6EB1B47A
8F6E6157CD
8F6E10FB79
8F6DC09F80
8F6D7043E1
8F6D1FE89C
8F6CCF8DB0
8F6C7F331F
8F6C2ED8E8
8F6BDE7F0B
8F6B8E2588
8F6B3DCC5F
8F6AED7390
8F6A9D1B1B
8F6A4CC300
8F69FC6B40
8F69AC13D9
8F695BBCCC
8F690B6619
8F68BB0FC0
8F686AB9C1
8F681A641D
8F67CA0ED2
8F6779B9E1
8F6729654A
8F66D9110D
8F6688BD2A
8F663869A2
8F65E81673
8F6597C39E
8F65477123
8F64F71F02
8F64A6CD3B
8F64567BCE
8F64062ABB
8F63B5DA02
8F636589A3
8F6315399E
8F62C4E9F3
8F62749AA2
8F62244BAB
8F61D3FD0E
8F6183AECB
8F613360E1
8F60E31352
8F6092C61D
8F60427941
8F5FF22CC0
8F5FA1E098
8F5F5194CA
8F5F014957
8F5EB0FE3D
8F5E60B37D
8F5E106917
8F5DC01F0C
8F5D6FD55A
8F5D1F8C01
8F5CCF4303
8F5C7EFA5F
8F5C2EB215
8F5BDE6A24
8F5B8E228E
8F5B3DDB51
8F5AED946F
8F5A9D4DE6
8F5A4D07B7
8F59FCC1E2
8F59AC7C67
8F595C3746
8F590BF27E
8F58BBAE11
8F586B69FE
8F581B2644
8F57CAE2E4
8F577A9FDE
8F572A5D33
8F56DA1AE0
8F5689D8E8
8F5639974A
8F55E95606
8F5599151B
8F5548D48A
8F54F89453
8F54A85476
8F545814F3
8F5407D5CA
8F53B796FB
8F53675885
8F53171A69
8F52C6DCA7
8F52769F3F
8F52266231
8F51D6257D
8F5185E923
8F5135AD22
8F50E5717B
8F5095362E
8F5044FB3B
8F4FF4C0A2
8F4FA48662
8F4F544C7C
8F4F0412F1
8F4EB3D9BF
8F4E63A0E6
8F4E136868
8F4DC33043
8F4D72F879
8F4D22C108
8F4CD289F0
8F4C825333
8F4C321CD0
8F4BE1E6C6
8F4B91B116
8F4B417BC0
8F4AF146C3
8F4AA11221
8F4A50DDD8
8F4A00A9E9
8F49B07654
8F49604318
8F49101036
8F48BFDDAE
8F486FAB80
8F481F79AC
8F47CF4831
8F477F1711
8F472EE649
8F46DEB5DC
8F468E85C9
8F463E560F
8F45EE26AF
8F459DF7A9
8F454DC8FC
8F44FD9AA9
8F44AD6CB0
8F445D3F11
8F440D11CB
8F43BCE4DF
8F436CB84D
8F431C8C15
8F42CC6036
8F427C34B2
8F422C0986
8F41DBDEB5
8F418BB43D
8F413B8A1F
8F40EB605B
8F409B36F0
8F404B0DDF
8F3FFAE528
8F3FAABCCB
8F3F5A94C7
8F3F0A6D1D
8F3EBA45CD
8F3E6A1ED6
8F3E19F839
8F3DC9D1F6
8F3D79AC0D
8F3D29867D
8F3CD96147
8F3C893C6A
8F3C3917E7
8F3BE8F3BE
8F3B98CFEF
8F3B48AC79
8F3AF8895D
8F3AA8669A
8F3A584432
8F3A082223
8F39B8006D
8F3967DF11
8F3917BE0F
8F38C79D67
8F38777D18
8F38275D23
8F37D73D88
8F37871E46
8F3736FF5E
8F36E6E0CF
8F3696C29A
8F3646A4BF
8F35F6873D
8F35A66A15
8F35564D47
8F350630D2
8F34B614B7
8F3465F8F6
8F3415DD8E
8F33C5C280
8F3375A7CB
8F33258D70
8F32D5736F
8F328559C7
8F32354079
8F31E52784
8F31950EE9
8F3144F6A8
8F30F4DEC0
8F30A4C732
8F3054AFFE
8F30049923
8F2FB482A1
8F2F646C7A
8F2F1456AB
8F2EC44137
8F2E742C1C
8F2E24175A
8F2DD402F3
8F2D83EEE4
8F2D33DB30
8F2CE3C7D4
8F2C93B4D3
8F2C43A22B
8F2BF38FDC
8F2BA37DE8
8F2B536C4C
8F2B035B0B
8F2AB34A22
8F2A633994
8F2A13295F
8F29C31983
8F29730A01
8F2922FAD9
8F28D2EC0A
8F2882DD94
8F2832CF78
8F27E2C1B6
8F2792B44D
8F2742A73E
8F26F29A88
8F26A28E2C
8F2652822A
8F26027680
8F25B26B31
8F2562603B
8F2512559E
8F24C24B5B
8F24724171
8F242237E1
8F23D22EAB
8F238225CE
8F23321D4A
8F22E21520
8F22920D4F
8F224205D8
8F21F1FEBB
8F21A1F7F7
8F2151F18C
8F2101EB7B
8F20B1E5C3
8F2061E065
8F2011DB60
8F1FC1D6B5
8F1F71D263
8F1F21CE6B
8F1ED1CACC
8F1E81C787
8F1E31C49B
8F1DE1C208
8F1D91BFCF
8F1D41BDF0
8F1CF1BC6A
8F1CA1BB3D
8F1C51BA6A
8F1C01B9F0
8F1BB1B9D0
8F1B61BA09
8F1B11BA9C
8F1AC1BB88
8F1A71BCCD
8F1A21BE6C
8F19D1C065
8F1981C2B7
8F1931C562
8F18E1C866
8F1891CBC4
8F1841CF7C
8F17F1D38D
8F17A1D7F7
8F1751DCBB
8F1701E1D8
8F16B1E74E
8F1661ED1E
8F1611F348
8F15C1F9CA
8F157200A7
8F152207DC
8F14D20F6B
8F14821753
8F14321F95
8F13E22830
8F13923125
8F13423A73
8F12F2441A
8F12A24E1A
8F12525874
8F12026328
8F11B26E35
8F1162799B
8F1112855A
8F10C29173
8F10729DE5
8F1022AAB1
8F0FD2B7D6
8F0F82C554
8F0F32D32C
8F0EE2E15D
8F0E92EFE7
8F0E42FECB
8F0DF30E08
8F0DA31D9E
8F0D532D8E
8F0D033DD7
8F0CB34E79
8F0C635F75
8F0C1370CA
8F0BC38278
8F0B739480
8F0B23A6E1
8F0AD3B99B
8F0A83CCAF
8F0A33E01C
8F09E3F3E2
8F09940802
8F09441C7B
8F08F4314D
8F08A44679
8F08545BFE
8F080471DC
8F07B48813
8F07649EA4
8F0714B58E
8F06C4CCD1
8F0674E46E
8F0624FC64
8F05D514B3
8F05852D5B
8F0535465D
8F04E55FB8
8F0495796C
8F0445937A
8F03F5ADE1
8F03A5C8A1
8F0355E3BA
8F0305FF2D
8F02B61AF9
8F0266371E
8F0216539C
8F01C67074
8F01768DA5
8F0126AB2F
8F00D6C912
8F0086E74F
8F003705E5
8EFFE724D4
8EFF97441D
8EFF4763BE
8EFEF783B9
8EFEA7A40D
8EFE57C4BA
8EFE07E5C1
8EFDB80721
8EFD6828DA
8EFD184AEC
8EFCC86D57
8EFC78901C
8EFC28B33A
8EFBD8D6B1
8EFB88FA81
8EFB391EAB
8EFAE9432E
8EFA996809
8EFA498D3F
8EF9F9B2CD
8EF9A9D8B4
8EF959FEF5
8EF90A258F
8EF8BA4C82
8EF86A73CE
8EF81A9B74
8EF7CAC372
8EF77AEBCA
8EF72B147B
8EF6DB3D85
8EF68B66E9
8EF63B90A5
8EF5EBBABB
8EF59BE52A
8EF54C0FF2
8EF4FC3B13
8EF4AC668D
8EF45C9260
8EF40CBE8D
8EF3BCEB13
8EF36D17F2
8EF31D452A
8EF2CD72BB
8EF27DA0A5
8EF22DCEE9
8EF1DDFD86
8EF18E2C7B
8EF13E5BCA
8EF0EE8B72
8EF09EBB74
8EF04EEBCE
8EEFFF1C81
8EEFAF4D8E
8EEF5F7EF4
8EEF0FB0B2
8EEEBFE2CA
8EEE70153B
8EEE204805
8EEDD07B29
8EED80AEA5
8EED30E27A
8EECE116A9
8EEC914B31
8EEC418011
8EEBF1B54B
8EEBA1EADE
8EEB5220CA
8EEB02570F
8EEAB28DAE
8EEA62C4A5
8EEA12FBF5
8EE9C3339F
8EE9736BA1
8EE923A3FD
8EE8D3DCB1
8EE88415BF
8EE8344F26
8EE7E488E6
8EE794C2FF
8EE744FD71
8EE6F5383C
8EE6A57360
8EE655AEDD
8EE605EAB3
8EE5B626E3
8EE566636B
8EE516A04C
8EE4C6DD87
8EE4771B1A
8EE4275907
8EE3D7974C
8EE387D5EB
8EE33814E3
8EE2E85433
8EE29893DD
8EE248D3DF
8EE1F9143B
8EE1A954F0
8EE15995FE
8EE109D764
8EE0BA1924
8EE06A5B3D
8EE01A9DAF
8EDFCAE079
8EDF7B239D
8EDF2B671A
8EDEDBAAF0
8EDE8BEF1F
8EDE3C33A6
8EDDEC7887
8EDD9CBDC1
8EDD4D0354
8EDCFD4940
8EDCAD8F84
8EDC5DD622
8EDC0E1D19
8EDBBE6468
8EDB6EAC11
8EDB1EF413
8EDACF3C6D
8EDA7F8521
8EDA2FCE2D
8ED9E01793
8ED9906151
8ED940AB69
8ED8F0F5D9
8ED8A140A2
8ED8518BC5
8ED801D740
8ED7B22314
8ED7626F41
8ED712BBC7
8ED6C308A6
8ED67355DE
8ED623A36F
8ED5D3F159
8ED5843F9C
8ED5348E37
8ED4E4DD2C
8ED4952C79
8ED4457C20
8ED3F5CC1F
8ED3A61C77
8ED3566D29
8ED306BE33
8ED2B70F96
8ED2676152
8ED217B367
8ED1C805D4
8ED178589B
8ED128ABBA
8ED0D8FF33
8ED0895304
8ED039A72E
8ECFE9FBB2
8ECF9A508E
8ECF4AA5C2
8ECEFAFB50
8ECEAB5137
8ECE5BA776
8ECE0BFE0F
8ECDBC5500
8ECD6CAC4A
8ECD1D03ED
8ECCCD5BE9
8ECC7DB43E
8ECC2E0CEC
8ECBDE65F2
8ECB8EBF52
8ECB3F190A
8ECAEF731B
8ECA9FCD85
8ECA502847
8ECA008363
8EC9B0DED8
8EC9613AA5
8EC91196CB
8EC8C1F34A
8EC8725022
8EC822AD52
8EC7D30ADC
8EC78368BE
8EC733C6F9
8EC6E4258D
8EC694847A
8EC644E3C0
8EC5F5435E
8EC5A5A355
8EC55603A5
8EC506644E
8EC4B6C550
8EC46726AA
8EC417885E
8EC3C7EA6A
8EC3784CCF
8EC328AF8C
8EC2D912A3
8EC2897612
8EC239D9DA
8EC1EA3DFB
8EC19AA275
8EC14B0747
8EC0FB6C72
8EC0ABD1F6
8EC05C37D3
8EC00C9E09
8EBFBD0497
8EBF6D6B7E
8EBF1DD2BE
8EBECE3A57
8EBE7EA248
8EBE2F0A92
8EBDDF7335
8EBD8FDC31
8EBD404585
8EBCF0AF32
8EBCA11938
8EBC518397
8EBC01EE4E
8EBBB2595E
8EBB62C4C7
8EBB133089
8EBAC39CA3
8EBA740916
8EBA2475E2
8EB9D4E307
8EB9855084
8EB935BE5A
8EB8E62C89
8EB8969B10
8EB84709F1
8EB7F77929
8EB7A7E8BB
8EB75858A5
8EB708C8E8
8EB6B93984
8EB669AA79
8EB61A1BC6
8EB5CA8D6C
8EB57AFF6A
8EB52B71C1
8EB4DBE471
8EB48C577A
8EB43CCADB
8EB3ED3E95
8EB39DB2A8
8EB34E2713
8EB2FE9BD7
8EB2AF10F4
8EB25F866A
8EB20FFC38
8EB1C0725E
8EB170E8DE
8EB1215FB6
8EB0D1D6E7
8EB0824E70
8EB032C652
8EAFE33E8D
8EAF93B720
8EAF44300C
8EAEF4A951
8EAEA522EE
8EAE559CE4
8EAE061733
8EADB691DA
8EAD670CDA
8EAD178833
8EACC803E4
8EAC787FEE
8EAC28FC50
8EABD9790B
8EAB89F61F
8EAB3A738B
8EAAEAF150
8EAA9B6F6E
8EAA4BEDE4
8EA9FC6CB3
8EA9ACEBDA
8EA95D6B5A
8EA90DEB33
8EA8BE6B64
8EA86EEBEE
8EA81F6CD0
8EA7CFEE0B
8EA7806F9F
8EA730F18B
8EA6E173D0
8EA691F66D
8EA6427963
8EA5F2FCB2
8EA5A38059
8EA5540459
8EA50488B1
8EA4B50D62
8EA465926B
8EA41617CD
8EA3C69D88
8EA377239B
8EA327AA07
8EA2D830CB
8EA288B7E8
8EA2393F5D
8EA1E9C72B
8EA19A4F52
8EA14AD7D1
8EA0FB60A9
8EA0ABE9D9
8EA05C7361
8EA00CFD43
8E9FBD877C
8E9F6E120F
8E9F1E9CFA
8E9ECF283D
8E9E7FB3D9
8E9E303FCD
8E9DE0CC1A
8E9D9158C0
8E9D41E5BE
8E9CF27315
8E9CA300C4
8E9C538ECB
8E9C041D2B
8E9BB4ABE4
8E9B653AF5
8E9B15CA5F
8E9AC65A21
8E9A76EA3B
8E9A277AAF
8E99D80B7A
8E99889C9E
8E99392E1B
8E98E9BFF0
8E989A521E
8E984AE4A4
8E97FB7782
8E97AC0AB9
8E975C9E49
8E970D3231
8E96BDC671
8E966E5B0A
8E961EEFFC
8E95CF8545
8E95801AE8
8E9530B0E3
8E94E14736
8E9491DDE2
8E944274E6
8E93F30C42
8E93A3A3F8
8E93543C05
8E9304D46B
8E92B56D29
8E92660640
8E92169FB0
8E91C73977
8E9177D398
8E91286E10
8E90D908E1
8E9089A40B
8E903A3F8D
8E8FEADB67
8E8F9B779A
8E8F4C1425
8E8EFCB109
8E8EAD4E45
8E8E5DEBD9
8E8E0E89C6
8E8DBF280B
8E8D6FC6A9
8E8D20659F
8E8CD104ED
8E8C81A494
8E8C324493
8E8BE2E4EB
8E8B93859B
8E8B4426A4
8E8AF4C804
8E8AA569BE
8E8A560BCF
8E8A06AE39
8E89B750FB
8E8967F416
8E89189789
8E88C93B55
8E8879DF79
8E882A83F5
8E87DB28CA
8E878BCDF6
8E873C737C
8E86ED1959
8E869DBF8F
8E864E661E
8E85FF0D05
8E85AFB444
8E85605BDB
8E851103CB
8E84C1AC13
8E847254B4
8E8422FDAC
8E83D3A6FD
8E838450A7
8E8334FAA9
8E82E5A503
8E82964FB5
8E8246FAC0
8E81F7A623
8E81A851DF
8E8158FDF3
8E8109AA5F
8E80BA5723
8E806B0440
8E801BB1B5
8E7FCC5F82
8E7F7D0DA8
8E7F2DBC26
8E7EDE6AFC
8E7E8F1A2A
8E7E3FC9B1
8E7DF07990
8E7DA129C8
8E7D51DA57
8E7D028B3F
8E7CB33C80
8E7C63EE18
8E7C14A009
8E7BC55252
8E7B7604F4
8E7B26B7ED
8E7AD76B3F
8E7A881EE9
8E7A38D2EC
8E79E98747
8E799A3BFA
8E794AF105
8E78FBA668
8E78AC5C24
8E785D1238
8E780DC8A4
8E77BE7F69
8E776F3686
8E771FEDFB
8E76D0A5C8
8E76815DEE
8E7632166B
8E75E2CF41
8E75938870
8E754441F6
8E74F4FBD5
8E74A5B60C
8E7456709B
8E74072B82
8E73B7E6C2
8E7368A259
8E73195E49
8E72CA1A92
8E727AD732
8E722B942B
8E71DC517C
8E718D0F25
8E713DCD26
8E70EE8B7F
8E709F4A31
8E7050093B
8E7000C89D
8E6FB18857
8E6F624869
8E6F1308D4
8E6EC3C997
8E6E748AB2
8E6E254C25
8E6DD60DF0
8E6D86D014
8E6D37928F
8E6CE85563
8E6C99188F
8E6C49DC13
8E6BFA9FF0
8E6BAB6424
8E6B5C28B1
8E6B0CED96
8E6ABDB2D3
8E6A6E7868
8E6A1F3E55
8E69D0049A
8E6980CB38
8E6931922E
8E68E2597C
8E68932122
8E6843E920
8E67F4B176
8E67A57A24
8E6756432B
8E67070C8A
8E66B7D640
8E6668A04F
8E66196AB6
8E65CA3575
8E657B008D
8E652BCBFC
8E64DC97C4
8E648D63E3
8E643E305B
8E63EEFD2B
8E639FCA53
8E635097D3
8E630165AB
8E62B233DB
8E62630263
8E6213D144
8E61C4A07C
8E6175700D
8E61263FF5
8E60D71036
8E6087E0CF
8E6038B1C0
8E5FE98309
8E5F9A54AA
8E5F4B26A3
8E5EFBF8F4
8E5EACCB9D
8E5E5D9E9F
8E5E0E71F8
8E5DBF45AA
8E5D7019B3
8E5D20EE15
8E5CD1C2CE
8E5C8297E0
8E5C336D4A
8E5BE4430B
8E5B951925
8E5B45EF97
8E5AF6C661
8E5AA79D83
8E5A5874FD
8E5A094CCF
8E59BA24F9
8E596AFD7B
8E591BD655
8E58CCAF87
8E587D8911
8E582E62F3
8E57DF3D2E
8E579017C0
8E5740F2AA
8E56F1CDEC
8E56A2A986
8E56538579
8E560461C3
8E55B53E65
8E55661B5F
8E5516F8B2
8E54C7D65C
8E5478B45E
8E542992B8
8E53DA716A
8E538B5075
8E533C2FD7
8E52ED0F91
8E529DEFA3
8E524ED00D
8E51FFB0CF
8E51B091E9
8E5161735B
8E51125525
8E50C33747
8E507419C1
8E5024FC93
8E4FD5DFBD
8E4F86C33F
8E4F37A719
8E4EE88B4A
8E4E996FD4
8E4E4A54B6
8E4DFB39EF
8E4DAC1F81
8E4D5D056A
8E4D0DEBAC
8E4CBED245
8E4C6FB936
8E4C20A07F
8E4BD18821
8E4B82701A
8E4B33586B
8E4AE44114
8E4A952A14
8E4A46136D
8E49F6FD1E
8E49A7E726
8E4958D187
8E4909BC3F
8E48BAA750
8E486B92B8
8E481C7E78
8E47CD6A90
8E477E5700
8E472F43C8
8E46E030E7
8E46911E5F
8E46420C2F
8E45F2FA56
8E45A3E8D5
8E4554D7AC
8E4505C6DB
8E44B6B662
8E4467A641
8E44189678
8E43C98706
8E437A77ED
8E432B692B
8E42DC5AC1
8E428D4CAF
8E423E3EF5
8E41EF3193
8E41A02488
8E415117D6
8E41020B7B
8E40B2FF78
8E4063F3CD
8E4014E87A
8E3FC5DD7F
8E3F76D2DB
8E3F27C890
8E3ED8BE9C
8E3E89B500
8E3E3AABBC
8E3DEBA2D0
8E3D9C9A3B
8E3D4D91FE
8E3CFE8A1A
8E3CAF828D
8E3C607B57
8E3C11747A
8E3BC26DF4
8E3B7367C7
8E3B2461F1
8E3AD55C73
8E3A86574C
8E3A37527E
8E39E84E07
8E399949E8
8E394A4621
8E38FB42B2
8E38AC3F9A
8E385D3CDB
8E380E3A73
8E37BF3862
8E377036AA
8E37213549
8E36D23441
8E36833390
8E36343336
8E35E53335
8E3596338B
8E35473439
8E34F8353F
8E34A9369C
8E345A3852
8E340B3A5F
8E33BC3CC4
8E336D3F80
8E331E4295
8E32CF4601
8E328049C5
8E32314DE0
8E31E25253
8E3193571F
8E31445C41
8E30F561BC
8E30A6678E
8E30576DB8
8E3008743A
8E2FB97B13
8E2F6A8245
8E2F1B89CE
8E2ECC91AE
8E2E7D99E7
8E2E2EA277
8E2DDFAB5E
8E2D90B49E
8E2D41BE35
8E2CF2C824
8E2CA3D26B
8E2C54DD09
8E2C05E7FF
8E2BB6F34D
8E2B67FEF2
8E2B190AEF
8E2ACA1744
8E2A7B23F1
8E2A2C30F5
8E29DD3E51
8E298E4C04
8E293F5A0F
8E28F06872
8E28A1772D
8E2852863F
8E280395A9
8E27B4A56B
8E2765B584
8E2716C5F5
8E26C7D6BE
8E2678E7DE
8E2629F956
8E25DB0B25
8E258C1D4D
8E253D2FCB
8E24EE42A2
8E249F55D0
8E24506956
8E24017D33
8E23B29169
8E2363A5F5
8E2314BADA
8E22C5D016
8E2276E5A9
8E2227FB95
8E21D911D7
8E218A2872
8E213B3F64
8E20EC56AE
8E209D6E4F
8E204E8648
8E1FFF9E99
8E1FB0B741
8E1F61D041
8E1F12E998
8E1EC40347
8E1E751D4E
8E1E2637AC
8E1DD75262
8E1D886D70
8E1D3988D5
8E1CEAA491
8E1C9BC0A6
8E1C4CDD11
8E1BFDF9D5
8E1BAF16F0
8E1B603462
8E1B11522C
8E1AC2704E
8E1A738EC7
8E1A24AD98
8E19D5CCC1
8E1986EC41
8E19380C18
8E18E92C47
8E189A4CCE
8E184B6DAC
8E17FC8EE2
8E17ADB06F
8E175ED254
8E170FF491
8E16C11725
8E16723A10
8E16235D53
8E15D480EE
8E1585A4E0
8E1536C92A
8E14E7EDCB
8E149912C4
8E144A3814
8E13FB5DBC
8E13AC83BB
8E135DAA12
8E130ED0C1
8E12BFF7C6
8E12711F24
8E122246D9
8E11D36EE5
8E11849749
8E1135C005
8E10E6E918
8E10981282
8E10493C44
8E0FFA665E
8E0FAB90CF
8E0F5CBB97
8E0F0DE6B7
8E0EBF122E
8E0E703DFD
8E0E216A24
8E0DD296A2
8E0D83C377
8E0D34F0A4
8E0CE61E28
8E0C974C04
8E0C487A37
8E0BF9A8C2
8E0BAAD7A4
8E0B5C06DE
8E0B0D366F
8E0ABE6658
8E0A6F9698
8E0A20C72F
8E09D1F81E
8E09832964
8E09345B02
8E08E58CF8
8E0896BF44
8E0847F1E9
8E07F924E4
8E07AA5837
8E075B8BE2
8E070CBFE4
8E06BDF43D
8E066F28EE
8E06205DF6
8E05D19356
8E0582C90D
8E0533FF1B
8E04E53581
8E04966C3F
8E0447A353
8E03F8DAC0
8E03AA1283
8E035B4A9E
8E030C8311
8E02BDBBDA
8E026EF4FC
8E02202E74
8E01D16844
8E0182A26B
8E0133DCEA
8E00E517C0
8E009652EE
8E00478E73
8DFFF8CA4F
8DFFAA0683
8DFF5B430E
8DFF0C7FF0
8DFEBDBD2A
8DFE6EFABB
8DFE2038A4
8DFDD176E4
8DFD82B57B
8DFD33F46A
8DFCE533B0
8DFC96734D
8DFC47B342
8DFBF8F38E
8DFBAA3431
8DFB5B752C
8DFB0CB67E
8DFABDF828
8DFA6F3A29
8DFA207C81
8DF9D1BF30
8DF9830237
8DF9344595
8DF8E5894B
8DF896CD58
8DF84811BC
8DF7F95677
8DF7AA9B8A
8DF75BE0F4
8DF70D26B6
8DF6BE6CCE
8DF66FB33E
8DF620FA06
8DF5D24124
8DF583889A
8DF534D068
8DF4E6188C
8DF4976108
8DF448A9DB
8DF3F9F306
8DF3AB3C88
8DF35C8661
8DF30DD091
8DF2BF1B19
8DF27065F8
8DF221B12E
8DF1D2FCBC
8DF18448A0
8DF13594DC
8DF0E6E170
8DF0982E5A
8DF0497B9C
8DEFFAC935
8DEFAC1726
8DEF5D656D
8DEF0EB40C
8DEEC00303
8DEE715250
8DEE22A1F5
8DEDD3F1F1
8DED854244
8DED3692EE
8DECE7E3F0
8DEC993549
8DEC4A86F9
8DEBFBD901
8DEBAD2B5F
8DEB5E7E15
8DEB0FD122
8DEAC12487
8DEA727842
8DEA23CC55
8DE9D520BF
8DE9867580
8DE937CA99
8DE8E92009
8DE89A75CF
8DE84BCBEE
8DE7FD2263
8DE7AE792F
8DE75FD053
8DE71127CE
8DE6C27FA0
8DE673D7CA
8DE625304A
8DE5D68922
8DE587E251
8DE5393BD7
8DE4EA95B4
8DE49BEFE9
8DE44D4A74
8DE3FEA557
8DE3B00091
8DE3615C22
8DE312B80B
8DE2C4144A
8DE27570E1
8DE226CDCF
8DE1D82B14
8DE18988B0
8DE13AE6A4
8DE0EC44EE
8DE09DA390
8DE04F0289
8DE00061D9
8DDFB1C180
8DDF63217E
8DDF1481D4
8DDEC5E280
8DDE774384
8DDE28A4DF
8DDDDA0691
8DDD8B689A
8DDD3CCAFA
8DDCEE2DB2
8DDC9F90C0
8DDC50F426
8DDC0257E2
8DDBB3BBF6
8DDB652061
8DDB168524
8DDAC7EA3D
8DDA794FAD
8DDA2AB575
8DD9DC1B93
8DD98D8209
8DD93EE8D6
8DD8F04FFA
8DD8A1B775
8DD8531F47
8DD8048770
8DD7B5EFF0
8DD76758C8
8DD718C1F6
8DD6CA2B7C
8DD67B9558
8DD62CFF8C
8DD5DE6A17
8DD58FD4F8
8DD5414031
8DD4F2ABC1
8DD4A417A9
8DD45583E7
8DD406F07C
8DD3B85D68
8DD369CAAC
8DD31B3846
8DD2CCA637
8DD27E1480
8DD22F831F
8DD1E0F216
8DD1926164
8DD143D108
8DD0F54104
8DD0A6B157
8DD0582201
8DD0099302
8DCFBB045A
8DCF6C7609
8DCF1DE80F
8DCECF5A6C
8DCE80CD20
8DCE32402B
8DCDE3B38D
8DCD952746
8DCD469B56
8DCCF80FBD
8DCCA9847B
8DCC5AF990
8DCC0C6EFC
8DCBBDE4C0
8DCB6F5ADA
8DCB20D14B
8DCAD24813
8DCA83BF32
8DCA3536A8
8DC9E6AE76
8DC998269A
8DC9499F15
8DC8FB17E7
8DC8AC9110
8DC85E0A90
8DC80F8467
8DC7C0FE95
8DC772791A
8DC723F3F6
8DC6D56F29
8DC686EAB3
8DC6386694
8DC5E9E2CC
8DC59B5F5B
8DC54CDC41
8DC4FE597D
8DC4AFD711
8DC46154FC
8DC412D33D
8DC3C451D6
8DC375D0C6
8DC327500C
8DC2D8CFA9
8DC28A4F9E
8DC23BCFE9
8DC1ED508B
8DC19ED184
8DC15052D4
8DC101D47B
8DC0B35679
8DC064D8CE
8DC0165B7A
8DBFC7DE7D
8DBF7961D6
8DBF2AE587
8DBEDC698E
8DBE8DEDED
8DBE3F72A2
8DBDF0F7AE
8DBDA27D11
8DBD5402CB
8DBD0588DC
8DBCB70F44
8DBC689603
8DBC1A1D18
8DBBCBA485
8DBB7D2C48
8DBB2EB462
8DBAE03CD3
8DBA91C59B
8DBA434EBA
8DB9F4D830
8DB9A661FD
8DB957EC20
8DB909769B
8DB8BB016C
8DB86C8C94
8DB81E1813
8DB7CFA3E9
8DB7813016
8DB732BC99
8DB6E44974
8DB695D6A5
8DB647642D
8DB5F8F20C
8DB5AA8042
8DB55C0ECF
8DB50D9DB2
8DB4BF2CEC
8DB470BC7E
8DB4224C66
8DB3D3DCA5
8DB3856D3A
8DB336FE27
8DB2E88F6A
8DB29A2104
8DB24BB2F5
8DB1FD453D
8DB1AED7DC
8DB1606AD1
8DB111FE1E
8DB0C391C1
8DB07525BB
8DB026BA0C
8DAFD84EB3
8DAF89E3B1
8DAF3B7907
8DAEED0EB2
8DAE9EA4B5
8DAE503B0F
8DAE01D1BF
8DADB368C6
8DAD650024
8DAD1697D9
8DACC82FE4
8DAC79C846
8DAC2B6100
8DABDCFA0F
8DAB8E9376
8DAB402D33
8DAAF1C747
8DAAA361B2
8DAA54FC74
8DAA06978C
8DA9B832FC
8DA969CEC2
8DA91B6ADE
8DA8CD0752
8DA87EA41C
8DA830413D
8DA7E1DEB5
8DA7937C83
8DA7451AA8
8DA6F6B924
8DA6A857F7
8DA659F720
8DA60B96A1
8DA5BD3677
8DA56ED6A5
8DA5207729
8DA4D21805
8DA483B936
8DA4355ABF
8DA3E6FC9E
8DA3989ED4
8DA34A4161
8DA2FBE444
8DA2AD877E
8DA25F2B0F
8DA210CEF7
8DA1C27335
8DA17417CA
8DA125BCB6
8DA0D761F8
8DA0890791
8DA03AAD81
8D9FEC53C7
8D9F9DFA64
8D9F4FA158
8D9F0148A2
8D9EB2F044
8D9E64983B
8D9E16408A
8D9DC7E92F
8D9D79922B
8D9D2B3B7E
8D9CDCE527
8D9C8E8F27
8D9C40397D
8D9BF1E42B
8D9BA38F2E
8D9B553A89
8D9B06E63A
8D9AB89242
8D9A6A3EA0
8D9A1BEB56
8D99CD9861
8D997F45C4
8D9930F37D
8D98E2A18D
8D98944FF3
8D9845FEB0
8D97F7ADC4
8D97A95D2E
8D975B0CEF
8D970CBD06
8D96BE6D75
8D96701E39
8D9621CF55
8D95D380C7
8D9585328F
8D9536E4AF
8D94E89724
8D949A49F1
8D944BFD14
8D93FDB08E
8D93AF645E
8D93611885
8D9312CD02
8D92C481D7
8D92763701
8D9227EC82
8D91D9A25A
8D918B5889
8D913D0F0E
8D90EEC5EA
8D90A07D1C
8D905234A5
8D9003EC84
8D8FB5A4BA
8D8F675D46
8D8F191629
8D8ECACF63
8D8E7C88F3
8D8E2E42DA
8D8DDFFD17
8D8D91B7AB
8D8D437296
8D8CF52DD7
8D8CA6E96E
8D8C58A55D
8D8C0A61A1
8D8BBC1E3D
8D8B6DDB2E
8D8B1F9877
8D8AD15615
8D8A83140B
8D8A34D257
8D89E690F9
8D89984FF2
8D894A0F42
8D88FBCEE8
8D88AD8EE4
8D885F4F38
8D88110FE1
8D87C2D0E1
8D87749238
8D872653E5
8D86D815E9
8D8689D843
8D863B9AF4
8D85ED5DFB
8D859F2159
8D8550E50D
8D8502A918
8D84B46D79
8D84663230
8D8417F73F
8D83C9BCA3
8D837B825F
8D832D4870
8D82DF0ED8
8D8290D597
8D82429CAC
8D81F46418
8D81A62BDA
8D8157F3F2
8D8109BC61
8D80BB8527
8D806D4E43
8D801F17B5
8D7FD0E17E
8D7F82AB9D
8D7F347613
8D7EE640DF
8D7E980C02
8D7E49D77B
8D7DFBA34B
8D7DAD6F71
8D7D5F3BED
8D7D1108C0
8D7CC2D5E9
8D7C74A369
8D7C26713F
8D7BD83F6C
8D7B8A0DEF
8D7B3BDCC9
8D7AEDABF9
8D7A9F7B7F
8D7A514B5C
8D7A031B8F
8D79B4EC19
8D7966BCF9
8D79188E2F
8D78CA5FBC
8D787C319F
8D782E03D9
8D77DFD669
8D7791A950
8D77437C8D
8D76F55020
8D76A72409
8D7658F84A
8D760ACCE0
8D75BCA1CD
8D756E7710
8D75204CAA
8D74D2229A
8D7483F8E0
8D7435CF7D
8D73E7A670
8D73997DBA
8D734B555A
8D72FD2D50
8D72AF059D
8D7260DE40
8D7212B739
8D71C49089
8D71766A2F
8D7128442B
8D70DA1E7E
8D708BF927
8D703DD427
8D6FEFAF7D
8D6FA18B29
8D6F53672B
8D6F054384
8D6EB72033
8D6E68FD39
8D6E1ADA95
8D6DCCB847
8D6D7E9650
8D6D3074AF
8D6CE25364
8D6C94326F
8D6C4611D1
8D6BF7F189
8D6BA9D198
8D6B5BB1FD
8D6B0D92B8
8D6ABF73C9
8D6A715531
8D6A2336EF
8D69D51903
8D6986FB6E
8D6938DE2F
8D68EAC146
8D689CA4B4
8D684E8878
8D68006C92
8D67B25102
8D676435C9
8D67161AE6
8D66C80059
8D6679E623
8D662BCC43
8D65DDB2B9
8D658F9985
8D654180A8
8D64F36821
8D64A54FF0
8D64573815
8D64092091
8D63BB0963
8D636CF28B
8D631EDC0A
8D62D0C5DF
8D6282B00A
8D62349A8B
8D61E68562
8D61987090
8D614A5C14
8D60FC47EE
8D60AE341F
8D606020A5
8D60120D82
8D5FC3FAB6
8D5F75E83F
8D5F27D61F
8D5ED9C454
8D5E8BB2E1
8D5E3DA1C3
8D5DEF90FB
8D5DA1808A
8D5D53706F
8D5D0560AA
8D5CB7513C
8D5C694223
8D5C1B3361
8D5BCD24F5
8D5B7F16DF
8D5B310920
8D5AE2FBB6
8D5A94EEA3
8D5A46E1E6
8D59F8D57F
8D59AAC96F
8D595CBDB4
8D590EB250
8D58C0A742
8D58729C8A
8D58249228
8D57D6881D
8D57887E67
8D573A7508
8D56EC6BFF
8D569E634C
8D56505AEF
8D560252E9
8D55B44B38
8D556643DE
8D55183CDA
8D54CA362C
8D547C2FD5
8D542E29D3
8D53E02427
8D53921ED2
8D534419D3
8D52F6152A
8D52A810D7
8D525A0CDA
8D520C0934
8D51BE05E3
8D517002E9
8D51220045
8D50D3FDF7
8D5085FBFF
8D5037FA5D
8D4FE9F911
8D4F9BF81B
8D4F4DF77C
8D4EFFF732
8D4EB1F73F
8D4E63F7A2
8D4E15F85B
8D4DC7F96A
8D4D79FACF
8D4D2BFC8A
8D4CDDFE9C
8D4C900103
8D4C4203C1
8D4BF406D4
8D4BA60A3E
8D4B580DFE
8D4B0A1214
8D4ABC167F
8D4A6E1B41
8D4A20205A
8D49D225C8
8D49842B8C
8D493631A6
8D48E83817
8D489A3EDD
8D484C45FA
8D47FE4D6C
8D47B05535
8D47625D54
8D471465C8
8D46C66E93
8D467877B4
8D462A812B
8D45DC8AF8
8D458E951B
8D45409F94
8D44F2AA63
8D44A4B588
8D4456C104
8D4408CCD5
8D43BAD8FC
8D436CE579
8D431EF24D
8D42D0FF76
8D42830CF5
8D42351ACB
8D41E728F6
8D41993777
8D414B464F
8D40FD557C
8D40AF6500
8D406174D9
8D40138509
8D3FC5958E
8D3F77A66A
8D3F29B79B
8D3EDBC922
8D3E8DDB00
8D3E3FED33
8D3DF1FFBD
8D3DA4129C
8D3D5625D2
8D3D08395D
8D3CBA4D3E
8D3C6C6176
8D3C1E7603
8D3BD08AE6
8D3B82A020
8D3B34B5AF
8D3AE6CB94
8D3A98E1CF
8D3A4AF861
8D39FD0F48
8D39AF2685
8D39613E18
8D39135601
8D38C56E40
8D387786D5
8D38299FC0
8D37DBB900
8D378DD297
8D373FEC84
8D36F206C6
8D36A4215F
8D36563C4D
8D36085792
8D35BA732C
8D356C8F1D
8D351EAB63
8D34D0C7FF
8D3482E4F1
8D34350239
8D33E71FD7
8D33993DCB
8D334B5C15
8D32FD7AB4
8D32AF99AA
8D3261B8F5
8D3213D897
8D31C5F88E
8D317818DB
8D312A397E
8D30DC5A77
8D308E7BC6
8D30409D6B
8D2FF2BF66
8D2FA4E1B6
8D2F57045D
8D2F092759
8D2EBB4AAB
8D2E6D6E53
8D2E1F9251
8D2DD1B6A5
8D2D83DB4F
8D2D36004E
8D2CE825A4
8D2C9A4B4F
8D2C4C7150
8D2BFE97A7
8D2BB0BE54
8D2B62E557
8D2B150CB0
8D2AC7345E
8D2A795C63
8D2A2B84BD
8D29DDAD6D
8D298FD673
8D2941FFCE
8D28F42980
8D28A65387
8D28587DE5
8D280AA898
8D27BCD3A1
8D276EFEFF
8D27212AB4
8D26D356BE
8D2685831F
8D2637AFD5
8D25E9DCE1
8D259C0A42
8D254E37FA
8D25006607
8D24B2946A
8D2464C323
8D2416F232
8D23C92196
8D237B5151
8D232D8161
8D22DFB1C7
8D2291E282
8D22441394
8D21F644FB
8D21A876B8
8D215AA8CB
8D210CDB34
8D20BF0DF2
8D20714107
8D20237471
8D1FD5A831
8D1F87DC46
8D1F3A10B1
8D1EEC4573
8D1E9E7A89
8D1E50AFF6
8D1E02E5B8
8D1DB51BD1
8D1D67523F
8D1D198902
8D1CCBC01C
8D1C7DF78B
8D1C302F50
8D1BE2676B
8D1B949FDB
8D1B46D8A1
8D1AF911BD
8D1AAB4B2F
8D1A5D84F6
8D1A0FBF13
8D19C1F986
8D1974344F
8D19266F6D
8D18D8AAE1
8D188AE6AB
8D183D22CA
8D17EF5F40
8D17A19C0B
8D1753D92B
8D170616A2
8D16B8546E
8D166A928F
8D161CD107
8D15CF0FD4
8D15814EF7
8D15338E70
8D14E5CE3E
8D14980E62
8D144A4EDC
8D13FC8FAB
8D13AED0D0
8D1361124B
8D1313541B
8D12C59641
8D1277D8BD
8D122A1B8F
8D11DC5EB6
8D118EA233
8D1140E605
8D10F32A2D
8D10A56EAB
8D1057B37F
8D1009F8A8
8D0FBC3E27
8D0F6E83FB
8D0F20CA25
8D0ED310A5
8D0E85577B
8D0E379EA6
8D0DE9E627
8D0D9C2DFD
8D0D4E7629
8D0D00BEAB
8D0CB30782
8D0C6550AF
8D0C179A32
8D0BC9E40A
8D0B7C2E38
8D0B2E78BB
8D0AE0C394
8D0A930EC3
8D0A455A48
8D09F7A622
8D09A9F251
8D095C3ED6
8D090E8BB1
8D08C0D8E2
8D08732668
8D08257444
8D07D7C275
8D078A10FC
8D073C5FD8
8D06EEAF0A
8D06A0FE92
8D06534E6F
8D06059EA2
8D05B7EF2B
8D056A4009
8D051C913C
8D04CEE2C5
8D048134A4
8D043386D9
8D03E5D963
8D03982C42
8D034A7F77
8D02FCD302
8D02AF26E2
8D02617B18
8D0213CFA3
8D01C62484
8D017879BB
8D012ACF47
8D00DD2528
8D008F7B60
8D0041D1EC
8CFFF428CF
8CFFA68006
8CFF58D794
8CFF0B2F77
8CFEBD87AF
8CFE6FE03D
8CFE223921
8CFDD4925A
8CFD86EBE8
8CFD3945CC
8CFCEBA006
8CFC9DFA95
8CFC50557A
8CFC02B0B4
8CFBB50C44
8CFB676829
8CFB19C464
8CFACC20F4
8CFA7E7DDA
8CFA30DB15
8CF9E338A6
8CF995968C
8CF947F4C8
8CF8FA535A
8CF8ACB240
8CF85F117D
8CF811710E
8CF7C3D0F6
8CF7763132
8CF72891C5
8CF6DAF2AC
8CF68D53EA
8CF63FB57C
8CF5F21765
8CF5A479A2
8CF556DC35
8CF5093F1E
8CF4BBA25C
8CF46E05F0
8CF42069D9
8CF3D2CE17
8CF38532AB
8CF3379794
8CF2E9FCD3
8CF29C6268
8CF24EC851
8CF2012E91
8CF1B39525
8CF165FC0F
8CF118634F
8CF0CACAE4
8CF07D32CE
8CF02F9B0E
8CEFE203A3
8CEF946C8E
8CEF46D5CE
8CEEF93F64
8CEEABA94F
8CEE5E138F
8CEE107E25
8CEDC2E911
8CED755451
8CED27BFE7
8CECDA2BD3
8CEC8C9814
8CEC3F04AA
8CEBF17196
8CEBA3DED7
8CEB564C6E
8CEB08BA5A
8CEABB289B
8CEA6D9732
8CEA20061E
8CE9D27560
8CE984E4F6
8CE93754E3
8CE8E9C525
8CE89C35BC
8CE84EA6A8
8CE80117EA
8CE7B38981
8CE765FB6E
8CE7186DB0
8CE6CAE047
8CE67D5334
8CE62FC676
8CE5E23A0D
8CE594ADFA
8CE547223C
8CE4F996D4
8CE4AC0BC1
8CE45E8103
8CE410F69B
8CE3C36C88
8CE375E2CA
8CE3285961
8CE2DAD04E
8CE28D4791
8CE23FBF28
8CE1F23715
8CE1A4AF58
8CE15727EF
8CE109A0DC
8CE0BC1A1F
8CE06E93B6
8CE0210DA3
8CDFD387E6
8CDF86027D
8CDF387D6A
8CDEEAF8AC
8CDE9D7444
8CDE4FF031
8CDE026C73
8CDDB4E90A
8CDD6765F7
8CDD19E339
8CDCCC60D1
8CDC7EDEBD
8CDC315CFF
8CDBE3DB96
8CDB965A83
8CDB48D9C5
8CDAFB595C
8CDAADD948
8CDA60598A
8CDA12DA21
8CD9C55B0D
8CD977DC4F
8CD92A5DE6
8CD8DCDFD2
8CD88F6213
8CD841E4AA
8CD7F46796
8CD7A6EAD7
8CD7596E6D
8CD70BF259
8CD6BE769A
8CD670FB30
8CD623801B
8CD5D6055C
8CD5888AF2
8CD53B10DD
8CD4ED971D
8CD4A01DB3
8CD452A49E
8CD4052BDE
8CD3B7B373
8CD36A3B5E
8CD31CC39E
8CD2CF4C33
8CD281D51D
8CD2345E5D
8CD1E6E7F2
8CD19971DB
8CD14BFC1B
8CD0FE86AF
8CD0B11199
8CD0639CD7
8CD016286B
8CCFC8B455
8CCF7B4093
8CCF2DCD27
8CCEE05A10
8CCE92E74E
8CCE4574E1
8CCDF802C9
8CCDAA9107
8CCD5D1F9A
8CCD0FAE82
8CCCC23DBF
8CCC74CD51
8CCC275D39
8CCBD9ED76
8CCB8C7E07
8CCB3F0EEE
8CCAF1A02B
8CCAA431BC
8CCA56C3A3
8CCA0955DF
8CC9BBE86F
8CC96E7B56
8CC9210E91
8CC8D3A221
8CC8863607
8CC838CA41
8CC7EB5ED1
8CC79DF3B6
8CC75088F0
8CC7031E80
8CC6B5B464
8CC6684A9E
8CC61AE12D
8CC5CD7810
8CC5800F49
8CC532A6D8
8CC4E53EBB
8CC497D6F3
8CC44A6F81
8CC3FD0863
8CC3AFA19B
8CC3623B28
8CC314D50A
8CC2C76F41
8CC27A09CD
8CC22CA4AF
8CC1DF3FE5
8CC191DB71
8CC1447751
8CC0F71387
8CC0A9B012
8CC05C4CF2
8CC00EEA27
8CBFC187B1
8CBF742590
8CBF26C3C5
8CBED9624E
8CBE8C012D
8CBE3EA060
8CBDF13FE9
8CBDA3DFC7
8CBD567FF9
8CBD092081
8CBCBBC15E
8CBC6E6290
8CBC210417
8CBBD3A5F4
8CBB864825
8CBB38EAAB
8CBAEB8D86
8CBA9E30B7
8CBA50D43C
8CBA037817
8CB9B61C46
8CB968C0CB
8CB91B65A5
8CB8CE0AD3
8CB880B057
8CB8335630
8CB7E5FC5E
8CB798A2E1
8CB74B49B9
8CB6FDF0E5
8CB6B09867
8CB663403E
8CB615E86A
8CB5C890EB
8CB57B39C2
8CB52DE2ED
8CB4E08C6D
8CB4933642
8CB445E06C
8CB3F88AEB
8CB3AB35BF
8CB35DE0E8
8CB3108C67
8CB2C3383A
8CB275E462
8CB22890DF
8CB1DB3DB1
8CB18DEAD8
8CB1409854
8CB0F34625
8CB0A5F44C
8CB058A2C7
8CB00B5197
8CAFBE00BC
8CAF70B036
8CAF236005
8CAED61029
8CAE88C0A2
8CAE3B7170
8CADEE2293
8CADA0D40A
8CAD5385D7
8CAD0637F9
8CACB8EA70
8CAC6B9D3B
8CAC1E505C
8CABD103D2
8CAB83B79C
8CAB366BBC
8CAAE92030
8CAA9BD4FA
8CAA4E8A18
8CAA013F8B
8CA9B3F553
8CA966AB70
8CA91961E3
8CA8CC18AA
8CA87ECFC5
8CA8318736
8CA7E43EFC
8CA796F717
8CA749AF86
8CA6FC684B
8CA6AF2164
8CA661DAD3
8CA6149496
8CA5C74EAE
8CA57A091B
8CA52CC3DD
8CA4DF7EF4
8CA4923A60
8CA444F621
8CA3F7B237
8CA3AA6EA1
8CA35D2B60
8CA30FE875
8CA2C2A5DE
8CA275639C
8CA22821AF
8CA1DAE017
8CA18D9ED3
8CA1405DE5
8CA0F31D4C
8CA0A5DD07
8CA0589D17
8CA00B5D7C
8C9FBE1E36
8C9F70DF45
8C9F23A0A9
8C9ED66261
8C9E89246F
8C9E3BE6D1
8C9DEEA988
8C9DA16C94
8C9D542FF5
8C9D06F3AA
8C9CB9B7B5
8C9C6C7C14
8C9C1F40C8
8C9BD205D1
8C9B84CB2F
8C9B3790E2
8C9AEA56E9
8C9A9D1D46
8C9A4FE3F7
8C9A02AAFD
8C99B57258
8C99683A08
8C991B020C
8C98CDCA65
8C98809313
8C98335C16
8C97E6256E
8C9798EF1B
8C974BB91C
8C96FE8372
8C96B14E1D
8C9664191D
8C9616E471
8C95C9B01B
8C957C7C19
8C952F486C
8C94E21514
8C9494E210
8C9447AF62
8C93FA7D08
8C93AD4B03
8C93601952
8C9312E7F7
8C92C5B6F0
8C9278863E
8C922B55E1
8C91DE25D8
8C9190F624
8C9143C6C5
8C90F697BB
8C90A96906
8C905C3AA5
8C900F0C99
8C8FC1DEE2
8C8F74B180
8C8F278472
8C8EDA57B9
8C8E8D2B55
8C8E3FFF46
8C8DF2D38B
8C8DA5A825
8C8D587D14
8C8D0B5257
8C8CBE27F0
8C8C70FDDD
8C8C23D41E
8C8BD6AAB5
8C8B8981A0
8C8B3C58E0
8C8AEF3075
8C8AA2085E
8C8A54E09C
8C8A07B92F
8C89BA9216
8C896D6B52
8C892044E3
8C88D31EC9
8C8885F903
8C8838D392
8C87EBAE76
8C879E89AE
8C8751653B
8C8704411D
8C86B71D54
8C8669F9DF
8C861CD6BF
8C85CFB3F3
8C8582917D
8C85356F5A
8C84E84D8D
8C849B2C14
8C844E0AF0
8C8400EA21
8C83B3C9A6
8C8366A980
8C831989AF
8C82CC6A32
8C827F4B0A
8C82322C36
8C81E50DB8
8C8197EF8D
8C814AD1B8
8C80FDB437
8C80B0970B
8C80637A34
8C80165DB1
8C7FC94182
8C7F7C25A9
8C7F2F0A24
8C7EE1EEF4
8C7E94D418
8C7E47B991
8C7DFA9F5E
8C7DAD8581
8C7D606BF7
8C7D1352C3
8C7CC639E3
8C7C792158
8C7C2C0921
8C7BDEF13F
8C7B91D9B1
8C7B44C278
8C7AF7AB94
8C7AAA9505
8C7A5D7ECA
8C7A1068E3
8C79C35351
8C79763E14
8C7929292B
8C78DC1497
8C788F0058
8C7841EC6D
8C77F4D8D7
8C77A7C595
8C775AB2A8
8C770DA00F
8C76C08DCB
8C76737BDC
8C76266A41
8C75D958FB
8C758C4809
8C753F376C
8C74F22723
8C74A5172F
8C74580790
8C740AF845
8C73BDE94F
8C7370DAAD
8C7323CC60
8C72D6BE67
8C7289B0C3
8C723CA373
8C71EF9678
8C71A289D2
8C71557D80
8C71087182
8C70BB65DA
8C706E5A85
8C70214F85
8C6FD444DA
8C6F873A83
8C6F3A3081
8C6EED26D3
8C6EA01D7A
8C6E531476
8C6E060BC5
8C6DB9036A
8C6D6BFB63
8C6D1EF3B0
8C6CD1EC52
8C6C84E548
8C6C37DE93
8C6BEAD833
8C6B9DD227
8C6B50CC6F
8C6B03C70C
8C6AB6C1FD
8C6A69BD43
8C6A1CB8DD
8C69CFB4CC
8C6982B110
8C6935ADA7
8C68E8AA94
8C689BA7D4
8C684EA56A
8C6801A353
8C67B4A192
8C6767A024
8C671A9F0B
8C66CD9E47
8C66809DD7
8C66339DBC
8C65E69DF5
8C65999E82
8C654C9F64
8C64FFA09A
8C64B2A225
8C6465A404
8C6418A638
8C63CBA8C0
8C637EAB9D
8C6331AECE
8C62E4B253
8C6297B62D
8C624ABA5B
8C61FDBEDE
8C61B0C3B5
8C6163C8E1
8C6116CE61
8C60C9D435
8C607CDA5E
8C602FE0DB
8C5FE2E7AD
8C5F95EED3
8C5F48F64E
8C5EFBFE1D
8C5EAF0640
8C5E620EB8
8C5E151784
8C5DC820A4
8C5D7B2A19
8C5D2E33E3
8C5CE13E00
8C5C944873
8C5C475339
8C5BFA5E54
8C5BAD69C3
8C5B607587
8C5B13819F
8C5AC68E0C
8C5A799ACC
8C5A2CA7E2
8C59DFB54B
8C5992C309
8C5945D11B
8C58F8DF82
8C58ABEE3D
8C585EFD4D
8C58120CB0
8C57C51C69
8C57782C75
8C572B3CD6
8C56DE4D8B
8C56915E95
8C56446FF3
8C55F781A5
8C55AA93AB
8C555DA606
8C5510B8B6
8C54C3CBB9
8C5476DF11
8C5429F2BD
8C53DD06BE
8C53901B13
8C53432FBC
8C52F644BA
8C52A95A0C
8C525C6FB2
8C520F85AD
8C51C29BFB
8C5175B29F
8C5128C996
8C50DBE0E2
8C508EF882
8C50421077
8C4FF528BF
8C4FA8415C
8C4F5B5A4E
8C4F0E7393
8C4EC18D2D
8C4E74A71B
8C4E27C15E
8C4DDADBF5
8C4D8DF6E0
8C4D41121F
8C4CF42DB3
8C4CA7499B
8C4C5A65D7
8C4C0D8267
8C4BC09F4C
8C4B73BC85
8C4B26DA13
8C4AD9F7F4
8C4A8D162A
8C4A4034B4
8C49F35392
8C49A672C5
8C4959924C
8C490CB227
8C48BFD257
8C4872F2DA
8C482613B2
8C47D934DE
8C478C565F
8C473F7833
8C46F29A5C
8C46A5BCD9
8C4658DFAB
8C460C02D0
8C45BF264A
8C45724A18
8C45256E3A
8C44D892B1
8C448BB77B
8C443EDC9A
8C43F2020E
8C43A527D5
8C43584DF1
8C430B7460
8C42BE9B24
8C4271C23D
8C4224E9A9
8C41D8116A
8C418B397F
8C413E61E8
8C40F18AA5
8C40A4B3B6
8C4057DD1C
8C400B06D6
8C3FBE30E4
8C3F715B46
8C3F2485FC
8C3ED7B107
8C3E8ADC66
8C3E3E0819
8C3DF13420
8C3DA4607B
8C3D578D2A
8C3D0ABA2E
8C3CBDE786
8C3C711532
8C3C244332
8C3BD77186
8C3B8AA02F
8C3B3DCF2B
8C3AF0FE7C
8C3AA42E21
8C3A575E1A
8C3A0A8E67
8C39BDBF09
8C3970EFFE
8C39242148
8C38D752E6
8C388A84D8
8C383DB71E
8C37F0E9B8
8C37A41CA6
8C37574FE9
8C370A837F
8C36BDB76A
8C3670EBA9
8C3624203C
8C35D75523
8C358A8A5E
8C353DBFED
8C34F0F5D1
8C34A42C08
8C34576294
8C340A9974
8C33BDD0A8
8C33710830
8C3324400C
8C32D7783C
8C328AB0C0
8C323DE999
8C31F122C5
8C31A45C46
8C3157961A
8C310AD043
8C30BE0AC0
8C30714591
8C302480B6
8C2FD7BC2F
8C2F8AF7FC
8C2F3E341D
8C2EF17092
8C2EA4AD5C
8C2E57EA79
8C2E0B27EB
8C2DBE65B0
8C2D71A3CA
8C2D24E238
8C2CD820F9
8C2C8B600F
8C2C3E9F79
8C2BF1DF37
8C2BA51F49
8C2B585FAF
8C2B0BA069
8C2ABEE177
8C2A7222D9
8C2A25648F
8C29D8A699
8C298BE8F7
8C293F2BAA
8C28F26EB0
8C28A5B20A
8C2858F5B9
8C280C39BB
8C27BF7E11
8C2772C2BC
8C272607BA
8C26D94D0D
8C268C92B3
8C263FD8AD
8C25F31EFC
8C25A6659E
8C2559AC95
8C250CF3DF
8C24C03B7E
8C24738370
8C2426CBB7
8C23DA1451
8C238D5D40
8C2340A682
8C22F3F018
8C22A73A03
8C225A8441
8C220DCED4
8C21C119BA
8C217464F4
8C2127B083
8C20DAFC65
8C208E489B
8C20419525
8C1FF4E204
8C1FA82F36
8C1F5B7CBC
8C1F0ECA96
8C1EC218C4
8C1E756746
8C1E28B61C
8C1DDC0546
8C1D8F54C4
8C1D42A495
8C1CF5F4BB
8C1CA94535
8C1C5C9602
8C1C0FE724
8C1BC3389A
8C1B768A63
8C1B29DC80
8C1ADD2EF2
8C1A9081B7
8C1A43D4D0
8C19F7283D
8C19AA7BFE
8C195DD013
8C1911247C
8C18C47939
8C1877CE49
8C182B23AE
8C17DE7966
8C1791CF73
8C174525D3
8C16F87C87
8C16ABD38F
8C165F2AEB
8C1612829B
8C15C5DA9F
8C157932F7
8C152C8BA2
8C14DFE4A2
8C14933DF5
8C1446979C
8C13F9F198
8C13AD4BE7
8C1360A689
8C13140180
8C12C75CCB
8C127AB869
8C122E145C
8C11E170A2
8C1194CD3C
8C11482A2A
8C10FB876C
8C10AEE502
8C106242EB
8C1015A128
8C0FC8FFBA
8C0F7C5E9F
8C0F2FBDD8
8C0EE31D65
8C0E967D45
8C0E49DD7A
8C0DFD3E02
8C0DB09EDE
8C0D64000E
8C0D176192
8C0CCAC36A
8C0C7E2595
8C0C318815
8C0BE4EAE8
8C0B984E0F
8C0B4BB18A
8C0AFF1558
8C0AB2797B
8C0A65DDF1
8C0A1942BB
8C09CCA7D9
8C09800D4A
8C09337310
8C08E6D929
8C089A3F96
8C084DA657
8C08010D6C
8C07B474D4
8C0767DC91
8C071B44A1
8C06CEAD05
8C068215BC
8C06357EC8
8C05E8E827
8C059C51DA
8C054FBBE1
8C0503263B
8C04B690EA
8C0469FBEC
8C041D6742
8C03D0D2EB
8C03843EE9
8C0337AB3A
8C02EB17DF
8C029E84D8
8C0251F224
8C02055FC4
8C01B8CDB8
8C016C3C00
8C011FAA9C
8C00D3198B
8C008688CE
8C0039F865
8BFFED684F
8BFFA0D88D
8BFF54491F
8BFF07BA05
8BFEBB2B3E
8BFE6E9CCB
8BFE220EAC
8BFDD580E1
8BFD88F369
8BFD3C6645
8BFCEFD975
8BFCA34CF9
8BFC56C0D0
8BFC0A34FB
8BFBBDA979
8BFB711E4C
8BFB249372
8BFAD808EB
8BFA8B7EB9
8BFA3EF4DA
8BF9F26B4F
8BF9A5E217
8BF9595934
8BF90CD0A4
8BF8C04867
8BF873C07F
8BF82738EA
8BF7DAB1A8
8BF78E2ABB
8BF741A421
8BF6F51DDB
8BF6A897E8
8BF65C1249
8BF60F8CFE
8BF5C30806
8BF5768362
8BF529FF12
8BF4DD7B16
8BF490F76D
8BF4447417
8BF3F7F116
8BF3AB6E68
8BF35EEC0E
8BF3126A07
8BF2C5E854
8BF27966F5
8BF22CE5E9
8BF1E06531
8BF193E4CD
8BF14764BC
8BF0FAE4FF
8BF0AE6595
8BF061E67F
8BF01567BD
8BEFC8E94F
8BEF7C6B34
8BEF2FED6C
8BEEE36FF9
8BEE96F2D9
8BEE4A760C
8BEDFDF993
8BEDB17D6E
8BED65019C
8BED18861E
8BECCC0AF4
8BEC7F901D
8BEC33159A
8BEBE69B6A
8BEB9A218E
8BEB4DA806
8BEB012ED1
8BEAB4B5F0
8BEA683D62
8BEA1BC528
8BE9CF4D42
8BE982D5AF
8BE9365E70
8BE8E9E784
8BE89D70EC
8BE850FAA7
8BE80484B6
8BE7B80F19
8BE76B99CF
8BE71F24D9
8BE6D2B036
8BE6863BE7
8BE639C7EB
8BE5ED5443
8BE5A0E0EF
8BE5546DEE
8BE507FB41
8BE4BB88E7
8BE46F16E1
8BE422A52E
8BE3D633CF
8BE389C2C3
8BE33D520B
8BE2F0E1A7
8BE2A47196
8BE25801D8
8BE20B926E
8BE1BF2358
8BE172B495
8BE1264626
8BE0D9D80A
8BE08D6A41
8BE040FCCD
8BDFF48FAB
8BDFA822DE
8BDF5BB663
8BDF0F4A3D
8BDEC2DE69
8BDE7672EA
8BDE2A07BE
8BDDDD9CE5
8BDD913260
8BDD44C82E
8BDCF85E50
8BDCABF4C5
8BDC5F8B8E
8BDC1322AA
8BDBC6BA1A
8BDB7A51DD
8BDB2DE9F4
8BDAE1825E
8BDA951B1C
8BDA48B42D
8BD9FC4D92
8BD9AFE74A
8BD9638155
8BD9171BB5
8BD8CAB667
8BD87E516D
8BD831ECC7
8BD7E58874
8BD7992474
8BD74CC0C8
8BD7005D6F
8BD6B3FA6A
8BD66797B8
8BD61B355A
8BD5CED34F
8BD5827197
8BD5361033
8BD4E9AF23
8BD49D4E66
8BD450EDFC
8BD4048DE6
8BD3B82E23
8BD36BCEB4
8BD31F6F98
8BD2D310CF
8BD286B25A
8BD23A5438
8BD1EDF66A
8BD1A198EF
8BD1553BC8
8BD108DEF4
8BD0BC8273
8BD0702646
8BD023CA6C
8BCFD76EE6
8BCF8B13B3
8BCF3EB8D3
8BCEF25E47
8BCEA6040E
8BCE59AA29
8BCE0D5097
8BCDC0F758
8BCD749E6D
8BCD2845D5
8BCCDBED91
8BCC8F959F
8BCC433E02
8BCBF6E6B7
8BCBAA8FC1
8BCB5E391D
8BCB11E2CD
8BCAC58CD0
8BCA793726
8BCA2CE1D0
8BC9E08CCE
8BC994381E
8BC947E3C2
8BC8FB8FBA
8BC8AF3C04
8BC862E8A2
8BC8169594
8BC7CA42D9
8BC77DF071
8BC7319E5C
8BC6E54C9B
8BC698FB2D
8BC64CAA13
8BC600594B
8BC5B408D8
8BC567B8B7
8BC51B68EA
8BC4CF1970
8BC482CA49
8BC4367B76
8BC3EA2CF6
8BC39DDECA
8BC35190F0
8BC305436B
8BC2B8F638
8BC26CA959
8BC2205CCD
8BC1D41094
8BC187C4AF
8BC13B791C
8BC0EF2DDE
8BC0A2E2F2
8BC056985A
8BC00A4E15
8BBFBE0423
8BBF71BA85
8BBF25713A
8BBED92842
8BBE8CDF9E
8BBE40974D
8BBDF44F4F
8BBDA807A4
8BBD5BC04D
8BBD0F7949
8BBCC33298
8BBC76EC3B
8BBC2AA630
8BBBDE6079
8BBB921B16
8BBB45D605
8BBAF99148
8BBAAD4CDE
8BBA6108C7
8BBA14C504
8BB9C88194
8BB97C3E77
8BB92FFBAD
8BB8E3B937
8BB8977713
8BB84B3543
8BB7FEF3C7
8BB7B2B29D
8BB76671C7
8BB71A3144
8BB6CDF114
8BB681B138
8BB63571AE
8BB5E93278
8BB59CF395
8BB550B506
8BB50476C9
8BB4B838E0
8BB46BFB4A
8BB41FBE07
8BB3D38117
8BB387447B
8BB33B0832
8BB2EECC3C
8BB2A29099
8BB2565549
8BB20A1A4D
8BB1BDDFA4
8BB171A54E
8BB1256B4B
8BB0D9319B
8BB08CF83F
8BB040BF36
8BAFF48680
8BAFA84E1D
8BAF5C160D
8BAF0FDE51
8BAEC3A6E7
8BAE776FD1
8BAE2B390E
8BADDF029E
8BAD92CC81
8BAD4696B8
8BACFA6142
8BACAE2C1E
8BAC61F74E
8BAC15C2D1
8BABC98EA8
8BAB7D5AD1
8BAB31274E
8BAAE4F41D
8BAA98C140
8BAA4C8EB6
8BAA005C7F
8BA9B42A9C
8BA967F90B
8BA91BC7CE
8BA8CF96E3
8BA883664C
8BA8373608
8BA7EB0617
8BA79ED679
8BA752A72F
8BA7067837
8BA6BA4993
8BA66E1B41
8BA621ED43
8BA5D5BF98
8BA5899240
8BA53D653B
8BA4F13889
8BA4A50C2B
8BA458E01F
8BA40CB467
8BA3C08901
8BA3745DEF
8BA3283330
8BA2DC08C4
8BA28FDEAB
8BA243B4E5
8BA1F78B72
8BA1AB6252
8BA15F3986
8BA113110C
8BA0C6E8E6
8BA07AC112
8BA02E9992
8B9FE27264
8B9F964B8A
8B9F4A2503
8B9EFDFECF
8B9EB1D8EE
8B9E65B360
8B9E198E25
8B9DCD693D
8B9D8144A8
8B9D352067
8B9CE8FC78
8B9C9CD8DC
8B9C50B594
8B9C04929E
8B9BB86FFB
8B9B6C4DAC
8B9B202BB0
8B9AD40A06
8B9A87E8B0
8B9A3BC7AC
8B99EFA6FC
8B99A3869F
8B99576694
8B990B46DD
8B98BF2779
8B98730868
8B9826E9AA
8B97DACB3E
8B978EAD26
8B97428F61
8B96F671EF
8B96AA54D0
8B965E3804
8B96121B8B
8B95C5FF64
8B9579E391
8B952DC811
8B94E1ACE4
8B9495920A
8B94497783
8B93FD5D4E
8B93B1436D
8B936529DF
8B931910A4
8B92CCF7BC
8B9280DF26
8B9234C6E4
8B91E8AEF5
8B919C9758
8B9150800F
8B91046918
8B90B85275
8B906C3C25
8B90202627
8B8FD4107C
8B8F87FB25
8B8F3BE620
8B8EEFD16E
8B8EA3BD10
8B8E57A904
8B8E0B954B
8B8DBF81E5
8B8D736ED2
8B8D275C12
8B8CDB49A5
8B8C8F378B
8B8C4325C4
8B8BF7144F
8B8BAB032E
8B8B5EF25F
8B8B12E1E4
8B8AC6D1BB
8B8A7AC1E6
8B8A2EB263
8B89E2A333
8B89969456
8B894A85CC
8B88FE7795
8B88B269B1
8B88665C20
8B881A4EE1
8B87CE41F6
8B8782355D
8B87362917
8B86EA1D25
8B869E1185
8B86520638
8B8605FB3E
8B85B9F096
8B856DE642
8B8521DC41
8B84D5D292
8B8489C936
8B843DC02E
8B83F1B778
8B83A5AF15
8B8359A704
8B830D9F47
8B82C197DD
8B827590C5
8B82298A00
8B81DD838E
8B81917D6F
8B814577A3
8B80F9722A
8B80AD6D04
8B80616830
8B801563AF
8B7FC95F81
8B7F7D5BA6
8B7F31581E
8B7EE554E9
8B7E995206
8B7E4D4F77
8B7E014D3A
8B7DB54B50
8B7D6949B9
8B7D1D4874
8B7CD14783
8B7C8546E4
8B7C394698
8B7BED469F
8B7BA146F9
8B7B5547A5
8B7B0948A5
8B7ABD49F7
8B7A714B9C
8B7A254D94
8B79D94FDE
8B798D527C
8B7941556C
8B78F558AF
8B78A95C45
8B785D602D
8B78116469
8B77C568F7
8B77796DD8
8B772D730C
8B76E17892
8B76957E6C
8B76498498
8B75FD8B17
8B75B191E8
8B7565990D
8B7519A084
8B74CDA84E
8B7481B06B
8B7435B8DA
8B73E9C19D
8B739DCAB2
8B7351D419
8B7305DDD4
8B72B9E7E1
8B726DF241
8B7221FCF4
8B71D607FA
8B718A1352
8B713E1EFD
8B70F22AFB
8B70A6374C
8B705A43EF
8B700E50E5
8B6FC25E2E
8B6F766BC9
8B6F2A79B7
8B6EDE87F8
8B6E92968C
8B6E46A573
8B6DFAB4AC
8B6DAEC438
8B6D62D416
8B6D16E447
8B6CCAF4CB
8B6C7F05A2
8B6C3316CC
8B6BE72848
8B6B9B3A17
8B6B4F4C38
8B6B035EAC
8B6AB77173
8B6A6B848D
8B6A1F97F9
8B69D3ABB8
8B6987BFCA
8B693BD42F
8B68EFE8E6
8B68A3FDEF
8B6858134C
8B680C28FB
8B67C03EFD
8B67745551
8B67286BF9
8B66DC82F3
8B66909A3F
8B6644B1DE
8B65F8C9D0
8B65ACE215
8B6560FAAC
8B65151396
8B64C92CD2
8B647D4662
8B64316043
8B63E57A78
8B639994FF
8B634DAFD9
8B6301CB05
8B62B5E684
8B626A0256
8B621E1E7A
8B61D23AF1
8B618657BB
8B613A74D7
8B60EE9246
8B60A2B008
8B6056CE1C
8B600AEC83
8B5FBF0B3C
8B5F732A48
8B5F2749A7
8B5EDB6958
8B5E8F895C
8B5E43A9B3
8B5DF7CA5C
8B5DABEB57
8B5D600CA6
8B5D142E47
8B5CC8503A
8B5C7C7280
8B5C309519
8B5BE4B804
8B5B98DB42
8B5B4CFED3
8B5B0122B6
8B5AB546EC
8B5A696B74
8B5A1D904F
8B59D1B57C
8B5985DAFC
8B593A00CF
8B58EE26F4
8B58A24D6C
8B58567436
8B580A9B53
8B57BEC2C3
8B5772EA85
8B57271299
8B56DB3B01
8B568F63BA
8B56438CC7
8B55F7B626
8B55ABDFD7
8B556009DB
8B55143431
8B54C85EDA
8B547C89D6
8B5430B524
8B53E4E0C5
8B53990CB8
8B534D38FE
8B53016596
8B52B59281
8B5269BFBE
8B521DED4E
8B51D21B31
8B51864966
8B513A77ED
8B50EEA6C7
8B50A2D5F4
8B50570573
8B500B3544
8B4FBF6568
8B4F7395DF
8B4F27C6A8
8B4EDBF7C4
8B4E902932
8B4E445AF2
8B4DF88D05
8B4DACBF6B
8B4D60F223
8B4D15252E
8B4CC9588B
8B4C7D8C3A
8B4C31C03C
8B4BE5F491
8B4B9A2938
8B4B4E5E31
8B4B02937D
8B4AB6C91C
8B4A6AFF0D
8B4A1F3550
8B49D36BE6
8B4987A2CE
8B493BDA09
8B48F01196
8B48A44976
8B485881A8
8B480CBA2D
8B47C0F304
8B47752C2E
8B472965AA
8B46DD9F78
8B4691D999
8B4646140D
8B45FA4ED2
8B45AE89EB
8B4562C555
8B45170113
8B44CB3D22
8B447F7984
8B4433B639
8B43E7F340
8B439C3099
8B43506E45
8B4304AC43
8B42B8EA93
8B426D2936
8B4221682C
8B41D5A774
8B4189E70E
8B413E26FB
8B40F2673A
8B40A6A7CB
8B405AE8AF
8B400F29E5
8B3FC36B6E
8B3F77AD49
8B3F2BEF77
8B3EE031F7
8B3E9474C9
8B3E48B7EE
8B3DFCFB65
8B3DB13F2E
8B3D65834A
8B3D19C7B8
8B3CCE0C79
8B3C82518C
8B3C3696F1
8B3BEADCA9
8B3B9F22B3
8B3B536910
8B3B07AFBE
8B3ABBF6C0
8B3A703E13
8B3A2485B9
8B39D8CDB1
8B398D15FC
8B39415E99
8B38F5A789
8B38A9F0CA
8B385E3A5E
8B38128445
8B37C6CE7E
8B377B1909
8B372F63E6
8B36E3AF16
8B3697FA98
8B364C466D
8B36009293
8B35B4DF0D
8B35692BD8
8B351D78F6
8B34D1C666
8B34861428
8B343A623D
8B33EEB0A4
8B33A2FF5E
8B33574E6A
8B330B9DC8
8B32BFED78
8B32743D7B
8B32288DD0
8B31DCDE77
8B31912F70
8B314580BC
8B30F9D25B
8B30AE244B
8B3062768E
8B3016C923
8B2FCB1C0A
8B2F7F6F44
8B2F33C2D0
8B2EE816AE
8B2E9C6ADF
8B2E50BF61
8B2E051436
8B2DB9695E
8B2D6DBED7
8B2D2214A3
8B2CD66AC2
8B2C8AC132
8B2C3F17F5
8B2BF36F0A
8B2BA7C671
8B2B5C1E2A
8B2B107636
8B2AC4CE94
8B2A792744
8B2A2D8047
8B29E1D99C
8B29963343
8B294A8D3C
8B28FEE787
8B28B34225
8B28679D15
8B281BF857
8B27D053EC
8B2784AFD3
8B27390C0B
8B26ED6897
8B26A1C574
8B265622A4
8B260A8025
8B25BEDDFA
8B25733C20
8B25279A98
8B24DBF963
8B24905880
8B2444B7EF
8B23F917B0
8B23AD77C4
8B2361D82A
8B231638E2
8B22CA99EC
8B227EFB48
8B22335CF7
8B21E7BEF7
8B219C214A
8B215083F0
8B2104E6E7
8B20B94A30
8B206DADCC
8B202211BA
8B1FD675FA
8B1F8ADA8C
8B1F3F3F71
8B1EF3A4A7
8B1EA80A30
8B1E5C700B
8B1E10D638
8B1DC53CB7
8B1D79A389
8B1D2E0AAC
8B1CE27222
8B1C96D9EA
8B1C4B4204
8B1BFFAA70
8B1BB4132F
8B1B687C3F
8B1B1CE5A2
8B1AD14F57
8B1A85B95E
8B1A3A23B7
8B19EE8E62
8B19A2F95F
8B195764AF
8B190BD051
8B18C03C44
8B1874A88A
8B18291522
8B17DD820D
8B1791EF49
8B17465CD7
8B16FACAB8
8B16AF38EA
8B1663A76F
8B16181646
8B15CC856F
8B1580F4EA
8B153564B7
8B14E9D4D7
8B149E4548
8B1452B60C
8B14072721
8B13BB9889
8B13700A43
8B13247C4F
8B12D8EEAD
8B128D615D
8B1241D45F
8B11F647B3
8B11AABB59
8B115F2F52
8B1113A39C
8B10C81839
8B107C8D28
8B10310268
8B0FE577FB
8B0F99EDE0
8B0F4E6417
8B0F02DAA0
8B0EB7517B
8B0E6BC8A8
8B0E204027
8B0DD4B7F8
8B0D89301C
8B0D3DA891
8B0CF22158
8B0CA69A72
8B0C5B13DD
8B0C0F8D9B
8B0BC407AA
8B0B78820C
8B0B2CFCC0
8B0AE177C5
8B0A95F31D
8B0A4A6EC7
8B09FEEAC3
8B09B36710
8B0967E3B0
8B091C60A2
8B08D0DDE6
8B08855B7C
8B0839D964
8B07EE579E
8B07A2D62A
8B07575508
8B070BD437
8B06C053B9
8B0674D38D
8B062953B3
8B05DDD42B
8B059254F5
8B0546D611
8B04FB577F
8B04AFD93F
8B04645B51
8B0418DDB5
8B03CD606B
8B0381E373
8B033666CD
8B02EAEA79
8B029F6E77
8B0253F2C6
8B02087768
8B01BCFC5C
8B017181A2
8B01260739
8B00DA8D23
8B008F135F
8B004399EC
8AFFF820CC
8AFFACA7FD
8AFF612F81
8AFF15B756
8AFECA3F7E
8AFE7EC7F7
8AFE3350C2
8AFDE7D9E0
8AFD9C634F
8AFD50ED10
8AFD057723
8AFCBA0188
8AFC6E8C3F
8AFC231748
8AFBD7A2A3
8AFB8C2E4F
8AFB40BA4E
8AFAF5469F
8AFAA9D341
8AFA5E6035
8AFA12ED7C
8AF9C77B14
8AF97C08FE
8AF930973A
8AF8E525C8
8AF899B4A8
8AF84E43DA
8AF802D35E
8AF7B76334
8AF76BF35B
8AF72083D4
8AF6D514A0
8AF689A5BD
8AF63E372C
8AF5F2C8ED
8AF5A75B00
8AF55BED65
8AF510801C
8AF4C51324
8AF479A67F
8AF42E3A2B
8AF3E2CE29
8AF3976279
8AF34BF71B
8AF3008C0F
8AF2B52155
8AF269B6EC
8AF21E4CD5
8AF1D2E311
8AF187799E
8AF13C107D
8AF0F0A7AE
8AF0A53F30
8AF059D705
8AF00E6F2B
8AEFC307A4
8AEF77A06E
8AEF2C398A
8AEEE0D2F7
8AEE956CB7
8AEE4A06C9
8AEDFEA12C
8AEDB33BE1
8AED67D6E8
8AED1C7241
8AECD10DEB
8AEC85A9E8
8AEC3A4636
8AEBEEE2D6
8AEBA37FC8
8AEB581D0C
8AEB0CBAA1
8AEAC15889
8AEA75F6C2
8AEA2A954D
8AE9DF342A
8AE993D358
8AE94872D9
8AE8FD12AB
8AE8B1B2CF
8AE8665345
8AE81AF40C
8AE7CF9526
8AE7843691
8AE738D84E
8AE6ED7A5D
8AE6A21CBD
8AE656BF70
8AE60B6274
8AE5C005CA
8AE574A971
8AE5294D6B
8AE4DDF1B6
8AE4929653
8AE4473B42
8AE3FBE082
8AE3B08615
8AE3652BF9
8AE319D22E
8AE2CE78B6
8AE2831F8F
8AE237C6BA
8AE1EC6E37
8AE1A11606
8AE155BE26
8AE10A6698
8AE0BF0F5C
8AE073B872
8AE02861D9
8ADFDD0B92
8ADF91B59D
8ADF465FF9
8ADEFB0AA8
8ADEAFB5A8
8ADE6460F9
8ADE190C9D
8ADDCDB892
8ADD8264D9
8ADD371172
8ADCEBBE5C
8ADCA06B98
8ADC551926
8ADC09C705
8ADBBE7536
8ADB7323B9
8ADB27D28E
8ADADC81B4
8ADA91312C
8ADA45E0F6
8AD9FA9111
8AD9AF417E
8AD963F23D
8AD918A34E
8AD8CD54B0
8AD8820664
8AD836B869
8AD7EB6AC0
8AD7A01D69
8AD754D064
8AD70983B0
8AD6BE374E
8AD672EB3E
8AD6279F7F
8AD5DC5412
8AD59108F7
8AD545BE2D
8AD4FA73B5
8AD4AF298F
8AD463DFBA
8AD4189637
8AD3CD4D05
8AD3820426
8AD336BB98
8AD2EB735B
8AD2A02B70
8AD254E3D7
8AD2099C90
8AD1BE559A
8AD1730EF6
8AD127C8A3
8AD0DC82A2
8AD0913CF3
8AD045F795
8ACFFAB289
8ACFAF6DCF
8ACF642966
8ACF18E54F
8ACECDA189
8ACE825E15
8ACE371AF3
8ACDEBD822
8ACDA095A3
8ACD555375
8ACD0A119A
8ACCBED00F
8ACC738ED7
8ACC284DEF
8ACBDD0D5A
8ACB91CD16
8ACB468D24
8ACAFB4D83
8ACAB00E34
8ACA64CF37
8ACA19908B
8AC9CE5230
8AC9831428
8AC937D671
8AC8EC990B
8AC8A15BF7
8AC8561F35
8AC80AE2C4
8AC7BFA6A4
8AC7746AD7
8AC7292F5B
8AC6DDF430
8AC692B957
8AC6477ED0
8AC5FC449A
8AC5B10AB5
8AC565D123
8AC51A97E1
8AC4CF5EF2
8AC4842654
8AC438EE07
8AC3EDB60C
8AC3A27E63
8AC357470B
8AC30C1004
8AC2C0D950
8AC275A2EC
8AC22A6CDA
8AC1DF371A
8AC19401AC
8AC148CC8E
8AC0FD97C3
8AC0B26349
8AC0672F20
8AC01BFB49
8ABFD0C7C3
8ABF85948F
8ABF3A61AD
8ABEEF2F1C
8ABEA3FCDC
8ABE58CAEE
8ABE0D9952
8ABDC26807
8ABD77370D
8ABD2C0665
8ABCE0D60F
8ABC95A60A
8ABC4A7656
8ABBFF46F4
8ABBB417E3
8ABB68E924
8ABB1DBAB7
8ABAD28C9B
8ABA875ED0
8ABA3C3157
8AB9F1042F
8AB9A5D759
8AB95AAAD5
8AB90F7EA1
8AB8C452C0
8AB879272F
8AB82DFBF1
8AB7E2D103
8AB797A667
8AB74C7C1D
8AB7015224
8AB6B6287C
8AB66AFF26
8AB61FD622
8AB5D4AD6F
8AB589850D
8AB53E5CFD
8AB4F3353E
8AB4A80DD0
8AB45CE6B4
8AB411BFEA
8AB3C69971
8AB37B7349
8AB3304D73
8AB2E527EE
8AB29A02BB
8AB24EDDD9
8AB203B948
8AB1B89509
8AB16D711C
8AB1224D7F
8AB0D72A34
8AB08C073B
8AB040E493
8AAFF5C23C
8AAFAAA037
8AAF5F7E83
8AAF145D21
8AAEC93C10
8AAE7E1B50
8AAE32FAE2
8AADE7DAC5
8AAD9CBAFA
8AAD519B80
8AAD067C57
8AACBB5D80
8AAC703EFA
8AAC2520C6
8AABDA02E3
8AAB8EE551
8AAB43C811
8AAAF8AB22
8AAAAD8E84
8AAA627238
8AAA17563D
8AA9CC3A93
8AA9811F3B
8AA9360435
8AA8EAE97F
8AA89FCF1B
8AA854B508
8AA8099B47
8AA7BE81D7
8AA77368B9
8AA7284FEB
8AA6DD376F
8AA6921F45
8AA647076B
8AA5FBEFE4
8AA5B0D8AD
8AA565C1C8
8AA51AAB34
8AA4CF94F1
8AA4847F00
8AA4396960
8AA3EE5412
8AA3A33F14
8AA3582A68
8AA30D160E
8AA2C20204
8AA276EE4C
8AA22BDAE6
8AA1E0C7D0
8AA195B50C
8AA14AA29A
8AA0FF9078
8AA0B47EA8
8AA0696D29
8AA01E5BFC
8A9FD34B1F
8A9F883A95
8A9F3D2A5B
8A9EF21A73
8A9EA70ADB
8A9E5BFB96
8A9E10ECA1
8A9DC5DDFE
8A9D7ACFAC
8A9D2FC1AB
8A9CE4B3FC
8A9C99A69E
8A9C4E9991
8A9C038CD6
8A9BB8806B
8A9B6D7452
8A9B22688B
8A9AD75D14
8A9A8C51EF
8A9A41471B
8A99F63C98
8A99AB3267
8A99602887
8A99151EF8
8A98CA15BA
8A987F0CCE
8A98340432
8A97E8FBE8
8A979DF3F0
8A9752EC48
8A9707E4F2
8A96BCDDED
8A9671D739
8A9626D0D7
8A95DBCAC5
8A9590C505
8A9545BF97
8A94FABA79
8A94AFB5AD
8A9464B131
8A9419AD07
8A93CEA92F
8A9383A5A7
8A9338A271
8A92ED9F8C
8A92A29CF8
8A92579AB5
8A920C98C4
8A91C19723
8A917695D4
8A912B94D6
8A90E09429
8A909593CE
8A904A93C4
8A8FFF940A
8A8FB494A3
8A8F69958C
8A8F1E96C6
8A8ED39852
8A8E889A2F
8A8E3D9C5D
8A8DF29EDC
8A8DA7A1AC
8A8D5CA4CD
8A8D11A840
8A8CC6AC04
8A8C7BB019
8A8C30B47F
8A8BE5B936
8A8B9ABE3F
8A8B4FC398
8A8B04C943
8A8AB9CF3F
8A8A6ED58C
8A8A23DC2A
8A89D8E31A
8A898DEA5A
8A8942F1EC
8A88F7F9CF
8A88AD0203
8A88620A88
8A8817135E
8A87CC1C85
8A878125FE
8A87362FC7
8A86EB39E2
8A86A0444E
8A86554F0B
8A860A5A19
8A85BF6578
8A85747129
8A85297D2A
8A84DE897D
8A84939620
8A8448A315
8A83FDB05B
8A83B2BDF2
8A8367CBDA
8A831CDA13
8A82D1E89D
8A8286F779
8A823C06A5
8A81F11623
8A81A625F2
8A815B3611
8A81104682
8A80C55744
8A807A6857
8A802F79BB
8A7FE48B70
8A7F999D77
8A7F4EAFCE
8A7F03C276
8A7EB8D570
8A7E6DE8BA
8A7E22FC56
8A7DD81043
8A7D8D2480
8A7D42390F
8A7CF74DEF
8A7CAC6320
8A7C6178A2
8A7C168E75
8A7BCBA499
8A7B80BB0E
8A7B35D1D4
8A7AEAE8EB
8A7AA00054
8A7A55180D
8A7A0A3017
8A79BF4873
8A7974611F
8A79297A1C
8A78DE936B
8A7893AD0A
8A7848C6FB
8A77FDE13C
8A77B2FBCF
8A776816B2
8A771D31E7
8A76D24D6D
8A76876943
8A763C856B
8A75F1A1E4
8A75A6BEAD
8A755BDBC8
8A7510F934
8A74C616F0
8A747B34FE
8A7430535D
8A73E5720C
8A739A910D
8A734FB05E
8A7304D001
8A72B9EFF5
8A726F1039
8A722430CF
8A71D951B6
8A718E72ED
8A71439476
8A70F8B64F
8A70ADD87A
8A7062FAF5
8A70181DC2
8A6FCD40DF
8A6F82644D
8A6F37880D
8A6EECAC1D
8A6EA1D07E
8A6E56F530
8A6E0C1A34
8A6DC13F88
8A6D76652D
8A6D2B8B23
8A6CE0B16A
8A6C95D802
8A6C4AFEEB
8A6C002624
8A6BB54DAF
8A6B6A758B
8A6B1F9DB7
8A6AD4C635
8A6A89EF03
8A6A3F1823
8A69F44193
8A69A96B55
8A695E9567
8A6913BFCA
8A68C8EA7E
8A687E1583
8A683340D9
8A67E86C7F
8A679D9877
8A6752C4C0
8A6707F159
8A66BD1E44
8A66724B7F
8A6627790B
8A65DCA6E8
8A6591D516
8A65470395
8A64FC3265
8A64B16186
8A646690F7
8A641BC0BA
8A63D0F0CD
8A63862132
8A633B51E7
8A62F082ED
8A62A5B444
8A625AE5EB
8A621017E4
8A61C54A2E
8A617A7CC8
8A612FAFB3
8A60E4E2EF
8A609A167C
8A604F4A5A
8A60047E89
8A5FB9B309
8A5F6EE7D9
8A5F241CFA
8A5ED9526C
8A5E8E882F
8A5E43BE43
8A5DF8F4A8
8A5DAE2B5D
8A5D636264
8A5D1899BB
8A5CCDD163
8A5C83095C
8A5C3841A6
8A5BED7A40
8A5BA2B32B
8A5B57EC68
8A5B0D25F5
8A5AC25FD3
8A5A779A01
8A5A2CD481
8A59E20F51
8A59974A72
8A594C85E4
8A5901C1A7
8A58B6FDBA
8A586C3A1F
8A582176D4
8A57D6B3DA
8A578BF131
8A57412ED8
8A56F66CD1
8A56ABAB1A
8A5660E9B4
8A5616289F
8A55CB67DA
8A5580A767
8A5535E744
8A54EB2772
8A54A067F0
8A5455A8C0
8A540AE9E0
8A53C02B51
8A53756D13
8A532AAF25
8A52DFF189
8A5295343D
8A524A7742
8A51FFBA97
8A51B4FE3E
8A516A4235
8A511F867D
8A50D4CB16
8A508A0FFF
8A503F5539
8A4FF49AC4
8A4FA9E0A0
8A4F5F26CC
8A4F146D49
8A4EC9B417
8A4E7EFB36
8A4E3442A5
8A4DE98A66
8A4D9ED276
8A4D541AD8
8A4D09638A
8A4CBEAC8D
8A4C73F5E1
8A4C293F86
8A4BDE897B
8A4B93D3C1
8A4B491E58
8A4AFE693F
8A4AB3B477
8A4A690000
8A4A1E4BD9
8A49D39804
8A4988E47F
8A493E314A
8A48F37E67
8A48A8CBD4
8A485E1991
8A481367A0
8A47C8B5FF
8A477E04AF
8A473353AF
8A46E8A300
8A469DF2A2
8A46534295
8A460892D8
8A45BDE36C
8A45733451
8A45288586
8A44DDD70C
8A449328E3
8A44487B0A
8A43FDCD82
8A43B3204B
8A43687364
8A431DC6CE
8A42D31A88
8A42886E94
8A423DC2F0
8A41F3179C
8A41A86C9A
8A415DC1E7
8A41131786
8A40C86D75
8A407DC3B5
8A40331A46
8A3FE87127
8A3F9DC858
8A3F531FDB
8A3F0877AE
8A3EBDCFD2
8A3E732846
8A3E28810B
8A3DDDDA20
8A3D933386
8A3D488D3D
8A3CFDE745
8A3CB3419D
8A3C689C45
8A3C1DF73F
8A3BD35289
8A3B88AE23
8A3B3E0A0E
8A3AF3664A
8A3AA8C2D6
8A3A5E1FB3
8A3A137CE1
8A39C8DA5F
8A397E382D
8A3933964D
8A38E8F4BD
8A389E537D
8A3853B28E
8A380911F0
8A37BE71A2
8A3773D1A5
8A372931F8
8A36DE929C
8A3693F391
8A364954D6
8A35FEB66C
8A35B41852
8A35697A89
8A351EDD10
8A34D43FE8
8A3489A311
8A343F068A
8A33F46A54
8A33A9CE6E
8A335F32D9
8A33149794
8A32C9FCA0
8A327F61FC
8A3234C7A9
8A31EA2DA7
8A319F93F5
8A3154FA93
8A310A6183
8A30BFC8C2
8A30753052
8A302A9833
8A2FE00065
8A2F9568E6
8A2F4AD1B9
8A2F003ADC
8A2EB5A44F
8A2E6B0E13
8A2E207827
8A2DD5E28C
8A2D8B4D42
8A2D40B848
8A2CF6239E
8A2CAB8F45
8A2C60FB3D
8A2C166785
8A2BCBD41D
8A2B814106
8A2B36AE40
8A2AEC1BCA
8A2AA189A4
8A2A56F7CF
8A2A0C664B
8A29C1D517
8A29774433
8A292CB3A0
8A28E2235D
8A2897936B
8A284D03CA
8A28027478
8A27B7E578
8A276D56C8
8A2722C868
8A26D83A59
8A268DAC9A
8A26431F2C
8A25F8920E
8A25AE0540
8A256378C3
8A2518EC97
8A24CE60BB
8A2483D52F
8A243949F4
8A23EEBF0A
8A23A4346F
8A2359AA26
8A230F202C
8A22C49683
8A227A0D2B
8A222F8423
8A21E4FB6B
8A219A7304
8A214FEAED
8A21056327
8A20BADBB1
8A2070548C
8A2025CDB7
8A1FDB4732
8A1F90C0FE
8A1F463B1A
8A1EFBB587
8A1EB13044
8A1E66AB52
8A1E1C26B0
8A1DD1A25E
8A1D871E5D
8A1D3C9AAC
8A1CF2174B
8A1CA7943B
8A1C5D117B
8A1C128F0C
8A1BC80CED
8A1B7D8B1F
8A1B3309A1
8A1AE88873
8A1A9E0796
8A1A538709
8A1A0906CC
8A19BE86E0
8A19740744
8A192987F9
8A18DF08FE
8A18948A53
8A184A0BF9
8A17FF8DEF
8A17B51035
8A176A92CC
8A172015B3
8A16D598EA
8A168B1C72
8A1640A04B
8A15F62473
8A15ABA8EC
8A15612DB5
8A1516B2CF
8A14CC3839
8A1481BDF3
8A143743FE
8A13ECCA59
8A13A25104
8A1357D800
8A130D5F4C
8A12C2E6E8
8A12786ED5
8A122DF712
8A11E37F9F
8A1199087D
8A114E91AB
8A11041B29
8A10B9A4F8
8A106F2F16
8A1024B986
8A0FDA4445
8A0F8FCF55
8A0F455AB5
8A0EFAE666
8A0EB07267
8A0E65FEB8
8A0E1B8B59
8A0DD1184B
8A0D86A58D
8A0D3C331F
8A0CF1C101
8A0CA74F34
8A0C5CDDB7
8A0C126C8B
8A0BC7FBAF
8A0B7D8B23
8A0B331AE7
8A0AE8AAFB
8A0A9E3B60
8A0A53CC15
8A0A095D1B
8A09BEEE70
8A09748016
8A092A120C
8A08DFA453
8A089536EA
8A084AC9D1
8A08005D08
8A07B5F08F
8A076B8467
8A0721188F
8A06D6AD07
8A068C41D0
8A0641D6E9
8A05F76C51
8A05AD020B
8A05629814
8A05182E6E
8A04CDC518
8A04835C12
8A0438F35C
8A03EE8AF7
8A03A422E2
8A0359BB1D
8A030F53A8
8A02C4EC84
8A027A85B0
8A02301F2C
8A01E5B8F8
8A019B5314
8A0150ED81
8A0106883E
8A00BC234B
8A0071BEA8
8A00275A56
89FFDCF653
89FF9292A1
89FF482F3F
89FEFDCC2E
89FEB3696C
89FE6906FB
89FE1EA4D9
89FDD44309
89FD89E188
89FD3F8057
89FCF51F77
89FCAABEE7
89FC605EA7
89FC15FEB7
89FBCB9F17
89FB813FC7
89FB36E0C8
89FAEC8219
89FAA223BA
89FA57C5AB
89FA0D67EC
89F9C30A7E
89F978AD60
89F92E5091
89F8E3F413
89F89997E5
89F84F3C08
89F804E07A
89F7BA853D
89F7702A4F
89F725CFB2
89F6DB7565
89F6911B68
89F646C1BC
89F5FC685F
89F5B20F53
89F567B696
89F51D5E2A
89F4D3060E
89F488AE42
89F43E56C6
89F3F3FF9B
89F3A9A8BF
89F35F5234
89F314FBF8
89F2CAA60D
89F2805072
89F235FB27
89F1EBA62C
89F1A15181
89F156FD27
89F10CA91C
89F0C25562
89F07801F7
89F02DAEDD
89EFE35C13
89EF990999
89EF4EB76F
89EF046595
89EEBA140B
89EE6FC2D1
89EE2571E8
89EDDB214E
89ED90D104
89ED46810B
89ECFC3162
89ECB1E208
89EC6792FF
89EC1D4446
89EBD2F5DD
89EB88A7C4
89EB3E59FB
89EAF40C82
89EAA9BF59
89EA5F7281
89EA1525F8
89E9CAD9BF
89E9808DD7
89E936423E
89E8EBF6F6
89E8A1ABFD
89E8576155
89E80D16FC
89E7C2CCF4
89E778833C
89E72E39D4
89E6E3F0BB
89E699A7F3
89E64F5F7B
89E6051753
89E5BACF7B
89E57087F3
89E52640BB
89E4DBF9D2
89E491B33A
89E4476CF2
89E3FD26FA
89E3B2E152
89E3689BFA
89E31E56F2
89E2D4123B
89E289CDD3
89E23F89BB
89E1F545F3
89E1AB027B
89E160BF53
89E1167C7B
89E0CC39F3
89E081F7BB
89E037B5D3
89DFED743B
89DFA332F3
89DF58F1FB
89DF0EB153
89DEC470FB
89DE7A30F2
89DE2FF13A
89DDE5B1D2
89DD9B72BA
89DD5133F2
89DD06F579
89DCBCB751
89DC727979
89DC283BF0
89DBDDFEB8
89DB93C1D0
89DB498537
89DAFF48EE
89DAB50CF6
89DA6AD14D
89DA2095F4
89D9D65AEC
89D98C2033
89D941E5CA
89D8F7ABB1
89D8AD71E8
89D863386F
89D818FF46
89D7CEC66D
89D7848DE3
89D73A55AA
89D6F01DC1
89D6A5E627
89D65BAEDE
89D61177E4
89D5C7413A
89D57D0AE0
89D532D4D6
89D4E89F1C
89D49E69B2
89D4543498
89D409FFCE
89D3BFCB53
89D3759729
89D32B634E
89D2E12FC4
89D296FC89
89D24CC99E
89D2029703
89D1B864B8
89D16E32BD
89D1240111
89D0D9CFB6
89D08F9EAA
89D0456DEF
89CFFB3D83
89CFB10D67
89CF66DD9B
89CF1CAE1F
89CED27EF2
89CE885016
89CE3E2189
89CDF3F34D
89CDA9C560
89CD5F97C3
89CD156A76
89CCCB3D78
89CC8110CB
89CC36E46D
89CBECB860
89CBA28CA2
89CB586134
89CB0E3615
89CAC40B47
89CA79E0C9
89CA2FB69A
89C9E58CBB
89C99B632C
89C95139ED
89C90710FE
89C8BCE85E
89C872C00E
89C828980E
89C7DE705E
89C79448FE
89C74A21EE
89C6FFFB2D
89C6B5D4BD
89C66BAE9C
89C62188CA
89C5D76349
89C58D3E18
89C5431936
89C4F8F4A4
89C4AED062
89C464AC6F
89C41A88CD
89C3D0657A
89C3864277
89C33C1FC4
89C2F1FD61
89C2A7DB4D
89C25DB989
89C2139815
89C1C976F1
89C17F561D
89C1353598
89C0EB1563
89C0A0F57E
89C056D5E9
89C00CB6A3
89BFC297AD
89BF787907
89BF2E5AB1
89BEE43CAB
89BE9A1EF4
89BE50018D
89BE05E476
89BDBBC7AE
89BD71AB37
89BD278F0F
89BCDD7336
89BC9357AE
89BC493C75
89BBFF218C
89BBB506F3
89BB6AECA9
89BB20D2B0
89BAD6B905
89BA8C9FAB
89BA4286A1
89B9F86DE6
89B9AE557B
89B9643D5F
89B91A2593
89B8D00E18
89B885F6EB
89B83BE00F
89B7F1C982
89B7A7B345
89B75D9D57
89B71387BA
89B6C9726C
89B67F5D6E
89B63548BF
89B5EB3460
89B5A12051
89B5570C91
89B50CF922
89B4C2E602
89B478D331
89B42EC0B0
89B3E4AE7F
89B39A9C9E
89B3508B0C
89B30679CB
89B2BC68D8
89B2725836
89B22847E3
89B1DE37DF
89B194282C
89B14A18C8
89B10009B4
89B0B5FAEF
89B06BEC7A
89B021DE55
89AFD7D07F
89AF8DC2F9
89AF43B5C3
89AEF9A8DC
89AEAF9C45
89AE658FFE
89AE1B8406
89ADD1785E
89AD876D06
89AD3D61FD
89ACF35744
89ACA94CDB
89AC5F42C1
89AC1538F7
89ABCB2F7C
89AB812651
89AB371D76
89AAED14EA
89AAA30CAE
89AA5904C2
89AA0EFD25
89A9C4F5D8
89A97AEEDA
89A930E82C
89A8E6E1CE
89A89CDBBF
89A852D600
89A808D090
89A7BECB70
89A774C6A0
89A72AC21F
89A6E0BDEE
89A696BA0D
89A64CB67B
89A602B338
89A5B8B046
89A56EADA2
89A524AB4F
89A4DAA94B
89A490A796
89A446A632
89A3FCA51C
89A3B2A457
89A368A3E1
89A31EA3BA
89A2D4A3E3
89A28AA45C
89A240A524
89A1F6A63C
89A1ACA7A3
89A162A95A
89A118AB60
89A0CEADB6
89A084B05C
89A03AB351
899FF0B696
899FA6BA2A
899F5CBE0E
899F12C241
899EC8C6C4
899E7ECB96
899E34D0B8
899DEAD62A
899DA0DBEB
899D56E1FB
899D0CE85B
899CC2EF0B
899C78F60A
899C2EFD59
899BE504F7
899B9B0CE4
899B511522
899B071DAE
899ABD268B
899A732FB7
899A293932
8999DF42FD
8999954D17
89994B5781
899901623A
8998B76D43
89986D789B
8998238443
8997D9903A
89978F9C81
899745A917
8996FBB5FD
8996B1C333
899667D0B7
89961DDE8C
8995D3ECAF
899589FB23
89954009E5
8994F618F7
8994AC2859
899462380A
899418480B
8993CE585B
89938468FA
89933A79E9
8992F08B28
8992A69CB6
89925CAE93
899212C0C0
8991C8D33C
89917EE608
899134F923
8990EB0C8E
8990A12048
8990573452
89900D48AB
898FC35D53
898F79724B
898F2F8792
898EE59D29
898E9BB30F
898E51C945
898E07DFCA
898DBDF69E
898D740DC2
898D2A2536
898CE03CF8
898C96550B
898C4C6D6C
898C02861D
898BB89F1E
898B6EB86E
898B24D20D
898ADAEBFB
898A91063A
898A4720C7
8989FD3BA4
8989B356D0
898969724C
89891F8E17
8988D5AA31
89888BC69B
898841E355
8987F8005D
8987AE1DB5
8987643B5D
89871A5953
8986D0779A
898686962F
89863CB514
8985F2D449
8985A8F3CC
89855F139F
89851533C2
8984CB5434
89848174F5
8984379605
8983EDB765
8983A3D914
898359FB13
8983101D61
8982C63FFE
89827C62EB
8982328627
8981E8A9B2
89819ECD8D
898154F1B7
89810B1631
8980C13AF9
8980776011
89802D8579
897FE3AB30
897F99D136
897F4FF78B
897F061E30
897EBC4524
897E726C67
897E2893FA
897DDEBBDC
897D94E40E
897D4B0C8E
897D01355E
897CB75E7E
897C6D87EC
897C23B1AA
897BD9DBB8
897B900614
897B4630C0
897AFC5BBB
897AB28706
897A68B29F
897A1EDE88
8979D50AC1
89798B3748
897941641F
8978F79146
8978ADBEBB
897863EC80
89781A1A94
8977D048F7
89778677AA
89773CA6AC
8976F2D5FD
8976A9059D
89765F358D
89761565CC
8975CB965A
897581C738
897537F865
8974EE29E1
8974A45BAC
89745A8DC7
897410C030
8973C6F2EA
89737D25F2
8973335949
8972E98CF0
89729FC0E6
897255F52C
89720C29C0
8971C25EA4
89717893D7
89712EC959
8970E4FF2B
89709B354C
8970516BBC
897007A27B
896FBDD989
896F7410E7
896F2A4894
896EE08090
896E96B8DB
896E4CF176
896E032A5F
896DB96398
896D6F9D20
896D25D6F8
896CDC111E
896C924B94
896C488659
896BFEC16D
896BB4FCD1
896B6B3883
896B217485
896AD7B0D6
896A8DED76
896A442A65
8969FA67A4
8969B0A532
896966E30E
89691D213B
8968D35FB6
8968899E80
89683FDD9A
8967F61D03
8967AC5CBB
8967629CC2
896718DD18
8966CF1DBD
8966855EB2
89663B9FF6
8965F1E189
8965A8236B
89655E659C
896514A81C
8964CAEAEC
8964812E0B
8964377179
8963EDB536
8963A3F942
89635A3D9D
8963108247
8962C6C741
89627D0C8A
8962335222
8961E99808
89619FDE3F
89615624C4
89610C6B98
8960C2B2BC
896078FA2E
89602F41F0
895FE58A01
895F9BD261
895F521B10
895F08640E
895EBEAD5B
895E74F6F8
895E2B40E3
895DE18B1E
895D97D5A8
895D4E2080
895D046BA8
895CBAB71F
895C7102E5
895C274EFB
895BDD9B5F
895B93E812
895B4A3515
895B008266
895AB6D007
895A6D1DF7
895A236C36
8959D9BAC3
89599009A0
89594658CC
8958FCA848
8958B2F812
895869482B
89581F9893
8957D5E94B
89578C3A51
8957428BA7
8956F8DD4B
8956AF2F3F
8956658182
89561BD413
8955D226F4
8955887A24
89553ECDA3
8954F52171
8954AB758E
895461C9FA
8954181EB5
8953CE73BF
895384C918
89533B1EC0
8952F174B7
8952A7CAFD
89525E2193
8952147877
8951CACFAA
895181272C
8951377EFE
8950EDD71E
8950A42F8D
89505A884C
895010E159
894FC73AB6
894F7D9461
894F33EE5B
894EEA48A5
894EA0A33D
894E56FE25
894E0D595B
894DC3B4E1
894D7A10B5
894D306CD8
894CE6C94B
894C9D260C
894C53831C
894C09E07C
894BC03E2A
894B769C27
894B2CFA74
894AE3590F
894A99B7F9
894A501732
894A0676BB
8949BCD692
89497336B8
894929972D
8948DFF7F1
8948965904
89484CBA66
8948031C17
8947B97E17
89476FE066
8947264304
8946DCA5F0
894693092C
8946496CB7
8945FFD090
8945B634B9
89456C9930
894522FDF7
8944D9630C
89448FC870
8944462E24
8943FC9426
8943B2FA77
8943696117
89431FC806
8942D62F43
89428C96D0
894242FEAC
8941F966D7
8941AFCF50
8941663818
89411CA130
8940D30A96
894089744B
89403FDE4F
893FF648A2
893FACB344
893F631E35
893F198975
893ECFF503
893E8660E1
893E3CCD0D
893DF33988
893DA9A652
893D60136B
893D1680D3
893CCCEE8A
893C835C90
893C39CAE4
893BF03988
893BA6A87A
893B5D17BB
893B13874B
893AC9F72A
893A806758
893A36D7D4
8939ED48A0
8939A3B9BA
89395A2B23
8939109CDC
8938C70EE2
89387D8138
893833F3DD
8937EA66D0
8937A0DA13
8937574DA4
89370DC184
8936C435B3
89367AAA30
8936311EFD
8935E79418
89359E0983
8935547F3C
89350AF543
8934C16B9A
893477E240
89342E5934
8933E4D077
89339B4809
893351BFEA
893308381A
8932BEB098
8932752965
89322BA281
8931E21BEC
89319895A6
89314F0FAE
8931058A06
8930BC04AC
8930727FA1
893028FAE4
892FDF7677
892F95F258
892F4C6E88
892F02EB07
892EB967D5
892E6FE4F1
892E26625C
892DDCE016
892D935E1F
892D49DC76
892D005B1D
892CB6DA12
892C6D5956
892C23D8E8
892BDA58CA
892B90D8FA
892B475979
892AFDDA47
892AB45B63
892A6ADCCE
892A215E88
8929D7E091
89298E62E8
892944E58F
8928FB6884
8928B1EBC7
8928686F5A
89281EF33B
8927D5776B
89278BFBEA
89274280B7
8926F905D3
8926AF8B3E
89266610F8
89261C9700
8925D31D57
892589A3FD
8925402AF2
8924F6B235
8924AD39C7
892463C1A8
89241A49D7
8923D0D255
8923875B22
89233DE43E
8922F46DA8
8922AAF761
8922618168
8922180BBF
8921CE9664
8921852158
89213BAC9A
8920F2382B
8920A8C40B
89205F503A
892015DCB7
891FCC6983
891F82F69D
891F398407
891EF011BF
891EA69FC5
891E5D2E1B
891E13BCBF
891DCA4BB1
891D80DAF3
891D376A83
891CEDFA61
891CA48A8F
891C5B1B0B
891C11ABD5
891BC83CEF
891B7ECE57
891B35600D
891AEBF213
891AA28467
891A591709
891A0FA9FB
8919C63D3B
89197CD0C9
89193364A6
8918E9F8D2
8918A08D4D
8918572216
89180DB72D
8917C44C94
89177AE249
891731784C
8916E80E9F
89169EA540
8916553C2F
89160BD36D
8915C26AFA
89157902D5
89152F9AFF
8914E63378
89149CCC3F
8914536555
891409FEB9
8913C0986C
891377326E
89132DCCBE
8912E4675D
89129B024B
8912519D87
8912083911
8911BED4EB
8911757112
89112C0D89
8910E2AA4E
8910994761
89104FE4C3
8910068274
890FBD2074
890F73BEC1
890F2A5D5E
890EE0FC49
890E979B83
890E4E3B0B
890E04DAE1
890DBB7B07
890D721B7B
890D28BC3D
890CDF5D4E
890C95FEAE
890C4CA05C
890C034258
890BB9E4A4
890B70873D
890B272A26
890ADDCD5D
890A9470E2
890A4B14B6
890A01B8D9
8909B85D4A
89096F0209
890925A717
8908DC4C74
890892F21F
8908499819
8908003E61
8907B6E4F8
89076D8BDD
8907243311
8906DADA93
8906918264
8906482A83
8905FED2F1
8905B57BAE
89056C24B8
890522CE12
8904D977BA
89049021B0
890446CBF5
8903FD7688
8903B4216A
89036ACC9B
890321781A
8902D823E7
89028ED003
8902457C6D
8901FC2926
8901B2D62D
8901698383
8901203128
8900D6DF1A
89008D8D5C
8900443BEB
88FFFAEACA
88FFB199F6
88FF684971
88FF1EF93B
88FED5A953
88FE8C59BA
88FE430A6F
88FDF9BB72
88FDB06CC4
88FD671E64
88FD1DD053
88FCD48290
88FC8B351C
88FC41E7F6
88FBF89B1F
88FBAF4E96
88FB66025C
88FB1CB670
88FAD36AD2
88FA8A1F83
88FA40D482
88F9F789D0
88F9AE3F6C
88F964F556
88F91BAB8F
88F8D26217
88F88918ED
88F83FD011
88F7F68784
88F7AD3F45
88F763F754
88F71AAFB2
88F6D1685E
88F6882159
88F63EDAA2
88F5F5943A
88F5AC4E20
88F5630854
88F519C2D7
88F4D07DA8
88F48738C8
88F43DF436
88F3F4AFF2
88F3AB6BFD
88F3622856
88F318E4FD
88F2CFA1F3
88F2865F38
88F23D1CCA
88F1F3DAAB
88F1AA98DB
88F1615758
88F1181625
88F0CED53F
88F08594A8
88F03C545F
88EFF31465
88EFA9D4B9
88EF60955B
88EF17564C
88EECE178B
88EE84D919
88EE3B9AF4
88EDF25D1F
88EDA91F97
88ED5FE25E
88ED16A573
88ECCD68D7
88EC842C88
88EC3AF089
88EBF1B4D7
88EBA87974
88EB5F3E5F
88EB160399
88EACCC921
88EA838EF7
88EA3A551C
88E9F11B8E
88E9A7E250
88E95EA95F
88E91570BD
88E8CC3869
88E8830064
88E839C8AC
88E7F09144
88E7A75A29
88E75E235D
88E714ECDF
88E6CBB6AF
88E68280CE
88E6394B3B
88E5F015F6
88E5A6E0FF
88E55DAC57
88E51477FD
88E4CB43F2
88E4821034
88E438DCC5
88E3EFA9A5
88E3A676D2
88E35D444E
88E3141218
88E2CAE031
88E281AE97
88E2387D4C
88E1EF4C4F
88E1A61BA1
88E15CEB41
88E113BB2F
88E0CA8B6B
88E0815BF5
88E0382CCE
88DFEEFDF5
88DFA5CF6B
88DF5CA12E
88DF137340
88DECA45A0
88DE81184E
88DE37EB4B
88DDEEBE96
88DDA5922F
88DD5C6616
88DD133A4C
88DCCA0ECF
88DC80E3A1
88DC37B8C2
88DBEE8E30
88DBA563ED
88DB5C39F8
88DB131051
88DAC9E6F8
88DA80BDEE
88DA379532
88D9EE6CC4
88D9A544A4
88D95C1CD3
88D912F54F
88D8C9CE1A
88D880A733
88D837809B
88D7EE5A50
88D7A53454
88D75C0EA6
88D712E946
88D6C9C434
88D6809F71
88D6377AFB
88D5EE56D4
88D5A532FB
88D55C0F71
88D512EC34
88D4C9C946
88D480A6A5
88D4378454
88D3EE6250
88D3A5409A
88D35C1F33
88D312FE19
88D2C9DD4E
88D280BCD1
88D2379CA2
88D1EE7CC2
88D1A55D2F
88D15C3DEB
88D1131EF5
88D0CA004D
88D080E1F3
88D037C3E7
88CFEEA62A
88CFA588BA
88CF5C6B99
88CF134EC6
88CECA3241
88CE81160A
88CE37FA22
88CDEEDE87
88CDA5C33B
88CD5CA83D
88CD138D8C
88CCCA732A
88CC815917
88CC383F51
88CBEF25D9
88CBA60CB0
88CB5CF3D4
88CB13DB47
88CACAC308
88CA81AB17
88CA389374
88C9EF7C1F
88C9A66519
88C95D4E60
88C91437F5
88C8CB21D9
88C8820C0B
88C838F68B
88C7EFE159
88C7A6CC75
88C75DB7DF
88C714A397
88C6CB8F9D
88C6827BF2
88C6396894
88C5F05585
88C5A742C3
88C55E3050
88C5151E2B
88C4CC0C54
88C482FACB
88C439E990
88C3F0D8A3
88C3A7C804
88C35EB7B3
88C315A7B0
88C2CC97FC
88C2838895
88C23A797D
88C1F16AB2
88C1A85C36
88C15F4E08
88C1164027
88C0CD3295
88C0842551
88C03B185B
88BFF20BB2
88BFA8FF58
88BF5FF34C
88BF16E78E
88BECDDC1E
88BE84D0FD
88BE3BC629
88BDF2BBA3
88BDA9B16B
88BD60A781
88BD179DE5
88BCCE9498
88BC858B98
88BC3C82E6
88BBF37A82
88BBAA726D
88BB616AA5
88BB18632B
88BACF5C00
88BA865522
88BA3D4E93
88B9F44851
88B9AB425D
88B9623CB8
88B9193760
88B8D03256
88B8872D9B
88B83E292D
88B7F5250E
88B7AC213C
88B7631DB8
88B71A1A82
88B6D1179B
88B6881501
88B63F12B5
88B5F610B8
88B5AD0F08
88B5640DA6
88B51B0C92
88B4D20BCC
88B4890B54
88B4400B2A
88B3F70B4E
88B3AE0BC0
88B3650C80
88B31C0D8E
88B2D30EEA
88B28A1094
88B241128C
88B1F814D1
88B1AF1765
88B1661A47
88B11D1D76
88B0D420F4
88B08B24BF
88B04228D9
88AFF92D40
88AFB031F5
88AF6736F8
88AF1E3C49
88AED541E8
88AE8C47D5
88AE434E10
88ADFA5499
88ADB15B70
88AD686295
88AD1F6A07
88ACD671C8
88AC8D79D6
88AC448232
88ABFB8ADD
88ABB293D5
88AB699D1B
88AB20A6AF
88AAD7B091
88AA8EBAC0
88AA45C53E
88A9FCD00A
88A9B3DB23
88A96AE68A
88A921F240
88A8D8FE43
88A8900A94
88A8471733
88A7FE2420
88A7B5315A
88A76C3EE3
88A7234CB9
88A6DA5ADE
88A6916950
88A6487810
88A5FF871E
88A5B6967A
88A56DA623
88A524B61B
88A4DBC660
88A492D6F3
88A449E7D4
88A400F903
88A3B80A80
88A36F1C4B
88A3262E64
88A2DD40CA
88A294537E
88A24B6680
88A20279D0
88A1B98D6E
88A170A159
88A127B593
88A0DECA1A
88A095DEEF
88A04CF412
88A0040983
889FBB1F42
889F72354E
889F294BA8
889EE06250
889E977946
889E4E908A
889E05A81C
889DBCBFFB
889D73D828
889D2AF0A3
889CE2096C
889C992282
889C503BE7
889C075599
889BBE6F99
889B7589E7
889B2CA483
889AE3BF6C
889A9ADAA3
889A51F628
889A0911FB
8899C02E1B
8899774A8A
88992E6746
8898E58450
88989CA1A8
889853BF4D
88980ADD40
8897C1FB81
8897791A10
88973038ED
8896E75817
88969E778F
8896559755
88960CB769
8895C3D7CA
88957AF879
8895321976
8894E93AC1
8894A05C5A
8894577E40
88940EA074
8893C5C2F5
88937CE5C5
88933408E2
8892EB2C4D
8892A25006
889259740C
8892109860
8891C7BD02
88917EE1F2
889136072F
8890ED2CBA
8890A45293
88905B78BA
8890129F2E
888FC9C5F0
888F80ED00
888F38145D
888EEF3C08
888EA66401
888E5D8C48
888E14B4DC
888DCBDDBE
888D8306EE
888D3A306B
888CF15A36
888CA8844F
888C5FAEB5
888C16D96A
888BCE046C
888B852FBB
888B3C5B58
888AF38743
888AAAB37C
888A61E003
888A190CD7
8889D039F8
8889876768
88893E9525
8888F5C330
8888ACF188
888864202E
88881B4F22
8887D27E63
888789ADF2
888740DDCF
8886F80DFA
8886AF3E72
8886666F38
88861DA04B
8885D4D1AC
88858C035B
8885433557
8884FA67A1
8884B19A39
888468CD1E
8884200051
8883D733D2
88838E67A0
8883459BBC
8882FCD026
8882B404DD
88826B39E2
8882226F34
8881D9A4D4
888190DAC2
88814810FD
8880FF4786
8880B67E5D
88806DB581
888024ECF3
887FDC24B2
887F935CBF
887F4A951A
887F01CDC2
887EB906B8
887E703FFC
887E27798D
887DDEB36B
887D95ED98
887D4D2811
887D0462D9
887CBB9DEE
887C72D951
887C2A1501
887BE150FF
887B988D4A
887B4FC9E3
887B0706CA
887ABE43FE
887A758180
887A2CBF4F
8879E3FD6C
88799B3BD7
8879527A8F
887909B995
8878C0F8E8
8878783889
88782F7877
8877E6B8B3
88779DF93C
8877553A13
88770C7B38
8876C3BCAA
88767AFE6A
8876324077
8875E982D2
8875A0C57A
8875580870
88750F4BB4
8874C68F45
88747DD323
887435174F
8873EC5BC9
8873A3A090
88735AE5A5
8873122B07
8872C970B7
887280B6B4
887237FCFF
8871EF4397
8871A68A7D
88715DD1B0
8871151931
8870CC60FF
887083A91B
88703AF185
886FF23A3C
886FA98340
886F60CC92
886F181631
886ECF601E
886E86AA59
886E3DF4E1
886DF53FB6
886DAC8AD9
886D63D64A
886D1B2208
886CD26E13
886C89BA6C
886C410712
886BF85406
886BAFA147
886B66EED6
886B1E3CB3
886AD58ADC
886A8CD954
886A442818
8869FB772B
8869B2C68A
88696A1637
8869216632
8868D8B67A
8868900710
88684757F3
8867FEA923
8867B5FAA1
88676D4C6C
8867249E85
8866DBF0EB
886693439F
88664A96A0
886601E9EF
8865B93D8B
8865709174
886527E5AB
8864DF3A30
8864968F01
88644DE421
886405398D
8863BC8F47
886373E54F
88632B3BA4
8862E29246
886299E936
8862514073
88620897FE
8861BFEFD6
88617747FB
88612EA06E
8860E5F92E
88609D523C
886054AB97
88600C0540
885FC35F36
885F7AB979
885F32140A
885EE96EE8
885EA0CA13
885E58258C
885E0F8152
885DC6DD66
885D7E39C7
885D359675
885CECF371
885CA450BA
885C5BAE51
885C130C35
885BCA6A66
885B81C8E5
885B3927B1
885AF086CB
885AA7E631
885A5F45E6
885A16A5E7
8859CE0636
88598566D2
88593CC7BC
8858F428F3
8858AB8A77
885862EC49
88581A4E68
8857D1B0D4
885789138E
8857407695
8856F7D9EA
8856AF3D8C
885666A17B
88561E05B7
8855D56A41
88558CCF18
885544343D
8854FB99AE
8854B2FF6D
88546A657A
885421CBD4
8853D9327B
885390996F
88534800B1
8852FF6840
8852B6D01C
88526E3846
885225A0BD
8851DD0981
8851947293
88514BDBF2
885103459E
8850BAAF98
88507219DF
8850298473
884FE0EF54
884F985A83
884F4FC5FF
884F0731C8
884EBE9DDF
884E760A43
884E2D76F4
884DE4E3F2
884D9C513E
884D53BED7
884D0B2CBD
884CC29AF1
884C7A0972
884C317840
884BE8E75B
884BA056C4
884B57C67A
884B0F367D
884AC6A6CE
884A7E176B
884A358856
8849ECF98F
8849A46B14
88495BDCE7
8849134F07
8848CAC174
884882342F
884839A736
8847F11A8B
8847A88E2E
884760021D
884717765A
8846CEEAE4
8846865FBB
88463DD4DF
8845F54A51
8845ACC010
884564361C
88451BAC75
8844D3231C
88448A9A10
8844421151
8843F988DF
8843B100BA
88436878E3
88431FF159
8842D76A1C
88428EE32C
8842465C89
8841FDD634
8841B5502C
88416CCA71
8841244503
8840DBBFE3
8840933B10
88404AB689
8840023251
883FB9AE65
883F712AC6
883F28A775
883EE02471
883E97A1BA
883E4F1F50
883E069D33
883DBE1B64
883D7599E1
883D2D18AC
883CE497C4
883C9C172A
883C5396DC
883C0B16DC
883BC29728
883B7A17C2
883B3198A9
883AE919DD
883AA09B5F
883A581D2D
883A0F9F49
8839C721B2
88397EA468
883936276B
8838EDAABB
8838A52E58
88385CB243
883814367B
8837CBBAFF
8837833FD1
88373AC4F0
8836F24A5D
8836A9D016
883661561C
883618DC70
8835D06311
883587E9FF
88353F713A
8834F6F8C2
8834AE8097
88346608B9
88341D9129
8833D519E5
88338CA2EF
8833442C45
8832FBB5E9
8832B33FDA
88326ACA18
88322254A3
8831D9DF7C
8831916AA1
883148F614
88310081D3
8830B80DE0
88306F9A39
88302726E0
882FDEB3D4
882F964115
882F4DCEA3
882F055C7E
882EBCEAA6
882E74791C
882E2C07DE
882DE396EE
882D9B264A
882D52B5F4
882D0A45EA
882CC1D62E
882C7966BF
882C30F79C
882BE888C7
882BA01A3F
882B57AC04
882B0F3E16
882AC6D075
882A7E6321
882A35F61B
8829ED8961
8829A51CF4
88295CB0D4
8829144502
8828CBD97C
8828836E44
88283B0358
8827F298BA
8827AA2E68
882761C464
8827195AAC
8826D0F142
8826888824
8826401F54
8825F7B6D1
8825AF4E9A
882566E6B1
88251E7F15
8824D617C6
88248DB0C3
8824454A0E
8823FCE3A6
8823B47D8B
88236C17BC
882323B23B
8822DB4D07
882292E820
88224A8385
8822021F38
8821B9BB38
8821715784
882128F41E
8820E09105
8820982E39
88204FCBB9
8820076987
881FBF07A1
881F76A609
881F2E44BE
881EE5E3BF
881E9D830E
881E5522A9
881E0CC291
881DC462C7
881D7C0349
881D33A419
881CEB4535
881CA2E69E
881C5A8854
881C122A57
881BC9CCA7
881B816F45
881B39122F
881AF0B565
881AA858E9
881A5FFCBA
881A17A0D8
8819CF4543
881986E9FA
88193E8EFF
8818F63450
8818ADD9EF
8818657FDA
88181D2612
8817D4CC98
88178C736A
8817441A89
8816FBC1F5
8816B369AE
88166B11B4
881622BA06
8815DA62A6
8815920B93
881549B4CC
8815015E52
8814B90826
881470B246
8814285CB3
8813E0076D
881397B274
88134F5DC8
8813070968
8812BEB556
8812766190
88122E0E18
8811E5BAEC
88119D680D
881155157B
88110CC336
8810C4713D
88107C1F92
881033CE34
880FEB7D22
880FA32C5D
880F5ADBE5
880F128BBA
880ECA3BDC
880E81EC4B
880E399D06
880DF14E0F
880DA8FF64
880D60B106
880D1862F5
880CD01531
880C87C7BA
880C3F7A8F
880BF72DB2
880BAEE121
880B6694DD
880B1E48E6
880AD5FD3C
880A8DB1DE
880A4566CE
8809FD1C0A
8809B4D193
88096C8769
8809243D8C
8808DBF3FB
880893AAB8
88084B61C1
8808031917
8807BAD0BA
88077288AA
88072A40E6
8806E1F96F
880699B245
8806516B68
88060924D8
8805C0DE95
880578989E
88053052F4
8804E80D97
88049FC887
88045783C3
88040F3F4D
8803C6FB23
88037EB746
88033673B6
8802EE3072
8802A5ED7B
88025DAAD1
8802156874
8801CD2664
880184E4A0
88013CA329
8800F461FF
8800AC2122
880063E092
88001BA04E
87FFD36057
87FF8B20AD
87FF42E14F
87FEFAA23F
87FEB2637B
87FE6A2503
87FE21E6D9
87FDD9A8FB
87FD916B6A
87FD492E26
87FD00F12F
87FCB8B484
87FC707826
87FC283C15
87FBE00051
87FB97C4D9
87FB4F89AE
87FB074ED0
87FABF143E
87FA76D9FA
87FA2EA002
87F9E66656
87F99E2CF8
87F955F3E6
87F90DBB21
87F8C582A8
87F87D4A7D
87F835129E
87F7ECDB0B
87F7A4A3C6
87F75C6CCD
87F7143621
87F6CBFFC1
87F683C9AF
87F63B93E9
87F5F35E6F
87F5AB2943
87F562F463
87F51ABFCF
87F4D28B89
87F48A578F
87F44223E2
87F3F9F081
87F3B1BD6E
87F3698AA7
87F321582C
87F2D925FE
87F290F41D
87F248C289
87F2009141
87F1B86046
87F1702F98
87F127FF36
87F0DFCF21
87F0979F59
87F04F6FDD
87F00740AE
87EFBF11CC
87EF76E336
87EF2EB4ED
87EEE686F1
87EE9E5941
87EE562BDE
87EE0DFEC7
87EDC5D1FD
87ED7DA580
87ED357950
87ECED4D6C
87ECA521D5
87EC5CF68A
87EC14CB8C
87EBCCA0DB
87EB847676
87EB3C4C5E
87EAF42293
87EAABF914
87EA63CFE2
87EA1BA6FC
87E9D37E63
87E98B5617
87E9432E17
87E8FB0664
87E8B2DEFD
87E86AB7E4
87E8229116
87E7DA6A96
87E7924462
87E74A1E7A
87E701F8DF
87E6B9D391
87E671AE8F
87E62989DA
87E5E16572
87E5994156
87E5511D87
87E508FA04
87E4C0D6CE
87E478B3E5
87E4309148
87E3E86EF7
87E3A04CF4
87E3582B3C
87E31009D2
87E2C7E8B4
87E27FC7E2
87E237A75D
87E1EF8725
87E1A76739
87E15F479A
87E1172848
87E0CF0942
87E086EA88
87E03ECC1B
87DFF6ADFB
87DFAE9027
87DF6672A0
87DF1E5565
87DED63877
87DE8E1BD5
87DE45FF80
87DDFDE377
87DDB5C7BB
87DD6DAC4C
87DD259129
87DCDD7653
87DC955BC9
87DC4D418C
87DC05279B
87DBBD0DF6
87DB74F49F
87DB2CDB93
87DAE4C2D5
87DA9CAA63
87DA54923D
87DA0C7A64
87D9C462D7
87D97C4B97
87D93434A3
87D8EC1DFC
87D8A407A2
87D85BF194
87D813DBD2
87D7CBC65D
87D783B134
87D73B9C58
87D6F387C9
87D6AB7386
87D6635F8F
87D61B4BE5
87D5D33887
87D58B2576
87D54312B2
87D4FB0039
87D4B2EE0E
87D46ADC2F
87D422CA9C
87D3DAB956
87D392A85C
87D34A97AF
87D302874E
87D2BA7739
87D2726771
87D22A57F6
87D1E248C7
87D19A39E5
87D1522B4F
87D10A1D05
87D0C20F08
87D07A0157
87D031F3F3
87CFE9E6DB
87CFA1DA10
87CF59CD91
87CF11C15E
87CEC9B578
87CE81A9DF
87CE399E92
87CDF19391
87CDA988DD
87CD617E75
87CD19745A
87CCD16A8B
87CC896108
87CC4157D2
87CBF94EE8
87CBB1464B
87CB693DFA
87CB2135F6
87CAD92E3E
87CA9126D2
87CA491FB3
87CA0118E0
87C9B9125A
87C9710C20
87C9290633
87C8E10091
87C898FB3D
87C850F634
87C808F178
87C7C0ED09
87C778E8E6
87C730E50F
87C6E8E185
87C6A0DE47
87C658DB55
87C610D8B0
87C5C8D657
87C580D44B
87C538D28B
87C4F0D117
87C4A8CFF0
87C460CF15
87C418CE86
87C3D0CE44
87C388CE4E
87C340CEA5
87C2F8CF48
87C2B0D037
87C268D172
87C220D2FA
87C1D8D4CF
87C190D6F0
87C148D95D
87C100DC16
87C0B8DF1C
87C070E26E
87C028E60C
87BFE0E9F7
87BF98EE2E
87BF50F2B2
87BF08F782
87BEC0FC9E
87BE790206
87BE3107BB
87BDE90DBC
87BDA1140A
87BD591AA3
87BD11218A
87BCC928BC
87BC81303B
87BC393806
87BBF1401D
87BBA94881
87BB615131
87BB195A2E
87BAD16376
87BA896D0B
87BA4176EC
87B9F9811A
87B9B18B94
87B969965A
87B921A16D
87B8D9ACCB
87B891B877
87B849C46E
87B801D0B2
87B7B9DD42
87B771EA1E
87B729F746
87B6E204BB
87B69A127C
87B652208A
87B60A2EE3
87B5C23D89
87B57A4C7C
87B5325BBA
87B4EA6B45
87B4A27B1C
87B45A8B3F
87B4129BAF
87B3CAAC6B
87B382BD73
87B33ACEC7
87B2F2E068
87B2AAF255
87B263048E
87B21B1713
87B1D329E5
87B18B3D03
87B143506D
87B0FB6423
87B0B37826
87B06B8C75
87B023A110
87AFDBB5F7
87AF93CB2B
87AF4BE0AB
87AF03F677
87AEBC0C8F
87AE7422F3
87AE2C39A4
87ADE450A1
87AD9C67EA
87AD547F80
87AD0C9761
87ACC4AF8F
87AC7CC809
87AC34E0D0
87ABECF9E2
87ABA51341
87AB5D2CEC
87AB1546E3
87AACD6126
87AA857BB6
87AA3D9691
87A9F5B1B9
87A9ADCD2D
87A965E8EE
87A91E04FA
87A8D62153
87A88E3DF8
87A8465AE9
87A7FE7826
87A7B695B0
87A76EB385
87A726D1A7
87A6DEF015
87A6970ECF
87A64F2DD6
87A6074D28
87A5BF6CC7
87A5778CB2
87A52FACE9
87A4E7CD6C
87A49FEE3C
87A4580F57
87A41030BF
87A3C85273
87A3807473
87A33896BF
87A2F0B957
87A2A8DC3C
87A260FF6C
87A21922E9
87A1D146B2
87A1896AC7
87A1418F28
87A0F9B3D6
87A0B1D8CF
87A069FE15
87A02223A6
879FDA4984
879F926FAE
879F4A9625
879F02BCE7
879EBAE3F5
879E730B50
879E2B32F6
879DE35AE9
879D9B8328
879D53ABB3
879D0BD48A
879CC3FDAD
879C7C271D
879C3450D8
879BEC7AE0
879BA4A533
879B5CCFD3
879B14FABF
879ACD25F7
879A85517B
879A3D7D4B
8799F5A968
8799ADD5D0
8799660284
87991E2F85
8798D65CD2
87988E8A6A
879846B84F
8797FEE680
8797B714FD
87976F43C6
87972772DB
8796DFA23C
879697D1E9
87965001E3
8796083228
8795C062BA
8795789397
879530C4C1
8794E8F636
8794A127F8
8794595A06
8794118C60
8793C9BF06
879381F1F8
87933A2536
8792F258C0
8792AA8C96
879262C0B8
87921AF526
8791D329E0
87918B5EE6
8791439439
8790FBC9D7
8790B3FFC1
87906C35F8
8790246C7A
878FDCA349
878F94DA63
878F4D11C9
878F05497C
878EBD817B
878E75B9C5
878E2DF25C
878DE62B3E
878D9E646D
878D569DE7
878D0ED7AE
878CC711C1
878C7F4C1F
878C3786CA
878BEFC1C1
878BA7FD03
878B603892
878B18746C
878AD0B093
878A88ED06
878A4129C4
8789F966CF
8789B1A426
878969E1C8
8789221FB7
8788DA5DF1
8788929C78
87884ADB4A
8788031A69
8787BB59D3
878773998A
87872BD98C
8786E419DA
87869C5A75
8786549B5B
87860CDC8D
8785C51E0B
87857D5FD6
878535A1EC
8784EDE44E
8784A626FC
87845E69F6
878416AD3C
8783CEF0CE
87838734AC
87833F78D5
8782F7BD4B
8782B0020D
878268471A
8782208C74
8781D8D21A
878191180B
8781495E48
878101A4D2
8780B9EBA7
87807232C8
87802A7A35
877FE2C1EE
877F9B09F3
877F535244
877F0B9AE1
877EC3E3C9
877E7C2CFE
877E34767E
877DECC04B
877DA50A63
877D5D54C7
877D159F77
877CCDEA73
877C8635BB
877C3E814F
877BF6CD2F
877BAF195A
877B6765D2
877B1FB295
877AD7FFA5
877A904D00
877A489AA7
877A00E89A
8779B936D9
8779718563
877929D43A
8778E2235D
87789A72CB
877852C285
87780B128B
8777C362DD
87777BB37B
8777340465
8776EC559A
8776A4A71C
87765CF8E9
8776154B02
8775CD9D67
877585F018
87753E4315
8774F6965D
8774AEE9F2
8774673DD2
87741F91FE
8773D7E676
8773903B3A
8773489049
877300E5A5
8772B93B4C
877271913F
877229E77E
8771E23E09
87719A94E0
877152EC02
87710B4371
8770C39B2B
87707BF331
8770344B82
876FECA420
876FA4FD09
876F5D563F
876F15AFC0
876ECE098C
876E8663A5
876E3EBE09
876DF718BA
876DAF73B6
876D67CEFE
876D202A91
876CD88671
876C90E29C
876C493F13
876C019BD6
876BB9F8E5
876B72563F
876B2AB3E5
876AE311D7
876A9B7015
876A53CE9E
876A0C2D74
8769C48C95
87697CEC02
8769354BBA
8768EDABBF
8768A60C0F
87685E6CAB
876816CD93
8767CF2EC6
8767879046
87673FF211
8766F85427
8766B0B68A
8766691938
8766217C32
8765D9DF78
876592430A
87654AA6E7
8765030B10
8764BB6F85
876473D445
87642C3952
8763E49EAA
87639D044E
8763556A3D
87630DD078
8762C636FF
87627E9DD2
87623704F0
8761EF6C5B
8761A7D410
8761603C12
876118A45F
8760D10CF8
87608975DD
876041DF0E
875FFA488A
875FB2B252
875F6B1C65
875F2386C5
875EDBF170
875E945C66
875E4CC7A9
875E053337
875DBD9F11
875D760B36
875D2E77A8
875CE6E465
875C9F516D
875C57BEC1
875C102C61
875BC89A4D
875B810884
875B397707
875AF1E5D6
875AAA54F1
875A62C457
875A1B3408
8759D3A406
87598C144F
87594484E4
8758FCF5C4
8758B566F0
87586DD868
8758264A2C
8757DEBC3B
8757972E95
87574FA13C
875708142E
8756C0876C
875678FAF5
8756316ECA
8755E9E2EB
8755A25757
87555ACC0F
8755134112
8754CBB662
8754842BFD
87543CA1E3
8753F51815
8753AD8E93
875366055C
87531E7C72
8752D6F3D2
87528F6B7E
875247E376
8752005BBA
8751B8D449
8751714D24
875129C64A
8750E23FBC
87509AB97A
8750533383
87500BADD8
874FC42878
874F7CA365
874F351E9C
874EED9A1F
874EA615EE
874E5E9209
874E170E6F
874DCF8B21
874D88081E
874D408567
874CF902FB
874CB180DB
874C69FF07
874C227D7E
874BDAFC41
874B937B4F
874B4BFAA9
874B047A4E
874ABCFA40
874A757A7C
874A2DFB04
8749E67BD8
87499EFCF8
8749577E62
8749100019
8748C8821B
8748810469
8748398702
8747F209E7
8747AA8D17
8747631093
87471B945A
8746D4186D
87468C9CCB
8746452176
8745FDA66B
8745B62BAC
87456EB139
8745273711
8744DFBD35
87449843A4
874450CA5F
8744095165
8743C1D8B7
87437A6054
874332E83D
8742EB7072
8742A3F8F2
87425C81BD
8742150AD4
8741CD9437
8741861DE5
87413EA7DE
8740F73223
8740AFBCB4
8740684790
874020D2B7
873FD95E2A
873F91E9E9
873F4A75F3
873F030249
873EBB8EEA
873E741BD6
873E2CA90E
873DE53692
873D9DC461
873D56527B
873D0EE0E1
873CC76F93
873C7FFE90
873C388DD8
873BF11D6C
873BA9AD4C
873B623D77
873B1ACDED
873AD35EAF
873A8BEFBC
873A448115
8739FD12B9
8739B5A4A9
87396E36E4
873926C96A
8738DF5C3C
873897EF5A
87385082C3
8738091677
8737C1AA77
87377A3EC3
873732D359
8736EB683C
8736A3FD69
87365C92E2
87361528A7
8735CDBEB7
8735865512
87353EEBB9
8734F782AB
8734B019E9
873468B172
8734214947
8733D9E167
87339279D2
87334B1289
873303AB8B
8732BC44D9
873274DE72
87322D7857
8731E61286
87319EAD02
87315747C9
87310FE2DB
8730C87E38
87308119E1
873039B5D6
872FF25215
872FAAEEA0
872F638B77
872F1C2899
872ED4C606
872E8D63BF
872E4601C3
872DFEA013
872DB73EAD
872D6FDD94
872D287CC5
872CE11C42
872C99BC0B
872C525C1F
872C0AFC7E
872BC39D28
872B7C3E1E
872B34DF5F
872AED80EC
872AA622C4
872A5EC4E7
872A176756
8729D00A10
872988AD16
8729415066
8728F9F402
8728B297EA
87286B3C1D
872823E09B
8727DC8565
8727952A79
87274DCFDA
8727067585
8726BF1B7C
872677C1BE
872630684C
8725E90F25
8725A1B649
87255A5DB9
8725130574
8724CBAD7A
87248455CB
87243CFE68
8723F5A750
8723AE5084
872366FA03
87231FA3CD
8722D84DE2
872290F843
872249A2EF
8722024DE7
8721BAF929
872173A4B7
87212C5091
8720E4FCB5
87209DA925
87205655E0
87200F02E7
871FC7B039
871F805DD6
871F390BBE
871EF1B9F2
871EAA6871
871E63173B
871E1BC651
871DD475B1
871D8D255E
871D45D555
871CFE8598
871CB73625
871C6FE6FF
871C289823
871BE14993
871B99FB4E
871B52AD54
871B0B5FA6
871AC41242
871A7CC52A
871A35785E
8719EE2BDC
8719A6DFA6
87195F93BB
871918481B
8718D0FCC7
871889B1BE
8718426700
8717FB1C8D
8717B3D266
87176C8889
8717253EF8
8716DDF5B3
871696ACB8
87164F6409
8716081BA5
8715C0D38C
8715798BBE
871532443C
8714EAFD05
8714A3B619
87145C6F78
8714152923
8713CDE318
8713869D59
87133F57E5
8712F812BD
8712B0CDDF
871269894D
8712224506
8711DB010A
871193BD5A
87114C79F4
87110536DA
8710BDF40B
871076B187
87102F6F4E
870FE82D61
870FA0EBBF
870F59AA68
870F12695C
870ECB289B
870E83E825
870E3CA7FB
870DF5681C
870DAE2888
870D66E93F
870D1FAA41
870CD86B8F
870C912D28
870C49EF0B
870C02B13B
870BBB73B5
870B74367A
870B2CF98B
870AE5BCE6
870A9E808D
870A57447F
870A1008BC
8709C8CD44
8709819218
87093A5736
8708F31CA0
8708ABE255
870864A855
87081D6EA0
8707D63536
87078EFC18
870747C344
8707008ABC
8706B9527F
8706721A8D
87062AE2E6
8705E3AB8A
87059C7479
8705553DB4
87050E0739
8704C6D10A
87047F9B26
870438658C
8703F1303E
8703A9FB3C
870362C684
87031B9217
8702D45DF6
87028D2A1F
870245F694
8701FEC354
8701B7905E
8701705DB4
8701292B55
8700E1F941
87009AC779
87005395FB
87000C64C8
86FFC533E1
86FF7E0344
86FF36D2F3
86FEEFA2ED
86FEA87331
86FE6143C1
86FE1A149C
86FDD2E5C2
86FD8BB733
86FD4488F0
86FCFD5AF7
86FCB62D49
86FC6EFFE6
86FC27D2CF
86FBE0A602
86FB997981
86FB524D4A
86FB0B215F
86FAC3F5BF
86FA7CCA69
86FA359F5F
86F9EE74A0
86F9A74A2C
86F9602003
86F918F625
86F8D1CC92
86F88AA34A
86F8437A4D
86F7FC519B
86F7B52934
86F76E0118
86F726D948
86F6DFB1C2
86F6988A87
86F6516397
86F60A3CF3
86F5C31699
86F57BF08A
86F534CAC7
86F4EDA54E
86F4A68021
86F45F5B3E
86F41836A6
86F3D1125A
86F389EE58
86F342CAA2
86F2FBA736
86F2B48415
86F26D6140
86F2263EB5
86F1DF1C76
86F197FA81
86F150D8D7
86F109B779
86F0C29665
86F07B759D
86F034551F
86EFED34EC
86EFA61505
86EF5EF568
86EF17D616
86EED0B70F
86EE899854
86EE4279E3
86EDFB5BBD
86EDB43DE2
86ED6D2052
86ED26030D
86ECDEE613
86EC97C964
86EC50AD00
86EC0990E7
86EBC27519
86EB7B5995
86EB343E5D
86EAED2370
86EAA608CD
86EA5EEE76
86EA17D46A
86E9D0BAA8
86E989A131
86E9428806
86E8FB6F25
86E8B4568F
86E86D3E44
86E8262645
86E7DF0E90
86E797F725
86E750E006
86E709C932
86E6C2B2A9
86E67B9C6A
86E6348677
86E5ED70CE
86E5A65B71
86E55F465E
86E5183196
86E4D11D19
86E48A08E7
86E442F500
86E3FBE164
86E3B4CE13
86E36DBB0D
86E326A851
86E2DF95E0
86E29883BB
86E25171E0
86E20A6050
86E1C34F0B
86E17C3E11
86E1352D62
86E0EE1CFD
86E0A70CE4
86E05FFD15
86E018ED92
86DFD1DE59
86DF8ACF6B
86DF43C0C8
86DEFCB270
86DEB5A462
86DE6E96A0
86DE278928
86DDE07BFB
86DD996F1A
86DD526283
86DD0B5636
86DCC44A35
86DC7D3E7F
86DC363313
86DBEF27F2
86DBA81D1C
86DB611291
86DB1A0851
86DAD2FE5C
86DA8BF4B1
86DA44EB52
86D9FDE23D
86D9B6D973
86D96FD0F4
86D928C8BF
86D8E1C0D6
86D89AB937
86D853B1E3
86D80CAADA
86D7C5A41C
86D77E9DA9
86D7379780
86D6F091A3
86D6A98C10
86D66286C8
86D61B81CA
86D5D47D18
86D58D78B0
86D5467493
86D4FF70C1
86D4B86D3A
86D47169FE
86D42A670C
86D3E36465
86D39C6209
86D3555FF8
86D30E5E31
86D2C75CB6
86D2805B85
86D2395A9F
86D1F25A04
86D1AB59B3
86D16459AD
86D11D59F2
86D0D65A82
86D08F5B5D
86D0485C82
86D0015DF3
86CFBA5FAD
86CF7361B3
86CF2C6404
86CEE5669F
86CE9E6985
86CE576CB6
86CE107031
86CDC973F8
86CD827809
86CD3B7C64
86CCF4810B
86CCAD85FC
86CC668B38
86CC1F90BF
86CBD89691
86CB919CAD
86CB4AA314
86CB03A9C6
86CABCB0C2
86CA75B80A
86CA2EBF9C
86C9E7C779
86C9A0CFA0
86C959D812
86C912E0CF
86C8CBE9D7
86C884F329
86C83DFCC6
86C7F706AE
86C7B010E1
86C7691B5E
86C7222626
86C6DB3139
86C6943C96
86C64D483E
86C6065431
86C5BF606F
86C5786CF7
86C53179CA
86C4EA86E8
86C4A39450
86C45CA203
86C415B001
86C3CEBE49
86C387CCDC
86C340DBBA
86C2F9EAE3
86C2B2FA56
86C26C0A14
86C2251A1C
86C1DE2A70
86C1973B0E
86C1504BF6
86C1095D29
86C0C26EA7
86C07B8070
86C0349283
86BFEDA4E1
86BFA6B78A
86BF5FCA7D
86BF18DDBB
86BED1F144
86BE8B0517
86BE441935
86BDFD2D9E
86BDB64251
86BD6F574F
86BD286C98
86BCE1822B
86BC9A9809
86BC53AE31
86BC0CC4A5
86BBC5DB62
86BB7EF26B
86BB3809BE
86BAF1215C
86BAAA3944
86BA635177
86BA1C69F5
86B9D582BD
86B98E9BD0
86B947B52D
86B900CED6
86B8B9E8C8
86B8730306
86B82C1D8E
86B7E53860
86B79E537E
86B7576EE5
86B7108A98
86B6C9A695
86B682C2DD
86B63BDF6F
86B5F4FC4C
86B5AE1973
86B56736E5
86B52054A2
86B4D972A9
86B49290FB
86B44BAF98
86B404CE7F
86B3BDEDB1
86B3770D2D
86B3302CF4
86B2E94D05
86B2A26D61
86B25B8E08
86B214AEF9
86B1CDD035
86B186F1BB
86B140138C
86B0F935A7
86B0B2580E
86B06B7ABE
86B0249DB9
86AFDDC0FF
86AF96E48F
86AF50086A
86AF092C90
86AEC25100
86AE7B75BA
86AE349ABF
86ADEDC00F
86ADA6E5A9
86AD600B8E
86AD1931BD
86ACD25837
86AC8B7EFC
86AC44A60A
86ABFDCD64
86ABB6F508
86AB701CF7
86AB294530
86AAE26DB3
86AA9B9681
86AA54BF9A
86AA0DE8FD
86A9C712AB
86A9803CA3
86A93966E6
86A8F29173
86A8ABBC4B
86A864E76E
86A81E12DA
86A7D73E92
86A7906A94
86A74996E0
86A702C377
86A6BBF058
86A6751D84
86A62E4AFB
86A5E778BC
86A5A0A6C7
86A559D51D
86A51303BD
86A4CC32A8
86A48561DE
86A43E915D
86A3F7C128
86A3B0F13D
86A36A219C
86A3235246
86A2DC833A
86A295B479
86A24EE602
86A20817D6
86A1C149F4
86A17A7C5D
86A133AF10
86A0ECE20E
86A0A61556
86A05F48E8
86A0187CC5
869FD1B0ED
869F8AE55F
869F441A1B
869EFD4F22
869EB68473
869E6FBA0F
869E28EFF5
869DE22626
869D9B5CA1
869D549366
869D0DCA76
869CC701D1
869C803976
869C397165
869BF2A99F
869BABE223
869B651AF2
869B1E540B
869AD78D6E
869A90C71C
869A4A0114
869A033B57
8699BC75E4
869975B0BC
86992EEBDE
8698E8274A
8698A16301
86985A9F02
869813DB4E
8697CD17E4
86978654C5
86973F91F0
8696F8CF65
8696B20D25
86966B4B2F
8696248983
8695DDC822
869597070B
869550463F
86950985BD
8694C2C585
86947C0598
86943545F6
8693EE869D
8693A7C78F
86936108CC
86931A4A52
8692D38C23
86928CCE3F
86924610A5
8691FF5355
8691B89650
869171D995
86912B1D24
8690E460FE
86909DA522
869056E990
8690102E49
868FC9734C
868F82B89A
868F3BFE32
868EF54414
868EAE8A41
868E67D0B7
868E211779
868DDA5E84
868D93A5DA
868D4CED7B
868D063565
868CBF7D9A
868C78C61A
868C320EE3
868BEB57F7
868BA4A156
868B5DEAFE
868B1734F1
868AD07F2E
868A89C9B6
868A431488
8689FC5FA4
8689B5AB0B
86896EF6BC
86892842B7
8688E18EFC
86889ADB8C
8688542866
86880D758B
8687C6C2FA
86878010B3
8687395EB6
8686F2AD04
8686ABFB9C
8686654A7E
86861E99AB
8685D7E921
86859138E3
86854A88EE
868503D944
8684BD29E4
8684767ACE
86842FCC03
8683E91D81
8683A26F4A
86835BC15E
86831513BC
8682CE6664
868287B956
8682410C92
8681FA6019
8681B3B3EA
86816D0805
8681265C6B
8680DFB11B
8680990615
8680525B59
86800BB0E8
867FC506C1
867F7E5CE4
867F37B351
867EF10A09
867EAA610A
867E63B856
867E1D0FED
867DD667CD
867D8FBFF8
867D49186D
867D02712D
867CBBCA36
867C75238A
867C2E7D28
867BE7D710
867BA13142
867B5A8BBF
867B13E686
867ACD4197
867A869CF2
867A3FF898
8679F95488
8679B2B0C2
86796C0D46
8679256A14
8678DEC72D
8678982490
867851823D
86780AE034
8677C43E75
86777D9D01
867736FBD7
8676F05AF7
8676A9BA61
8676631A15
86761C7A14
8675D5DA5D
86758F3AF0
8675489BCD
867501FCF4
8674BB5E66
867474C022
86742E2227
8673E78477
8673A0E712
86735A49F6
867313AD25
8672CD109D
8672867460
86723FD86D
8671F93CC5
8671B2A166
86716C0652
8671256B87
8670DED107
86709836D1
8670519CE6
86700B0344
866FC469ED
866F7DD0DF
866F37381C
866EF09FA3
866EAA0774
866E636F8F
866E1CD7F5
866DD640A4
866D8FA99E
866D4912E2
866D027C6F
866CBBE648
866C75506A
866C2EBAD6
866BE8258C
866BA1908D
866B5AFBD8
866B14676C
866ACDD34B
866A873F74
866A40ABE7
8669FA18A5
8669B385AC
86696CF2FE
8669266099
8668DFCE7F
8668993CAF
866852AB29
86680C19ED
8667C588FB
86677EF853
86673867F5
8666F1D7E1
8666AB4818
866664B899
86661E2963
8665D79A78
8665910BD7
86654A7D80
866503EF73
8664BD61B0
866476D437
8664304708
8663E9BA23
8663A32D89
86635CA138
8663161532
8662CF8975
866288FE03
86624272DA
8661FBE7FC
8661B55D68
86616ED31E
866128491E
8660E1BF68
86609B35FC
866054ACDA
86600E2402
865FC79B74
865F811330
865F3A8B37
865EF40387
865EAD7C21
865E66F506
865E206E34
865DD9E7AD
865D93616F
865D4CDB7C
865D0655D2
865CBFD073
865C794B5D
865C32C692
865BEC4211
865BA5BDD9
865B5F39EC
865B18B649
865AD232EF
865A8BAFE0
865A452D1B
8659FEAAA0
8659B8286E
865971A687
86592B24EA
8658E4A397
86589E228E
865857A1CE
8658112159
8657CAA12E
865784214D
86573DA1B5
8656F72268
8656B0A365
86566A24AC
865623A63C
8655DD2817
865596AA3C
8655502CAA
865509AF63
8654C33265
86547CB5B2
8654363949
8653EFBD29
8653A94154
865362C5C8
86531C4A86
8652D5CF8F
86528F54E1
865248DA7D
8652026064
8651BBE694
8651756D0E
86512EF3D2
8650E87AE0
8650A20238
86505B89DA
86501511C6
864FCE99FC
864F88227C
864F41AB46
864EFB3459
864EB4BDB7
864E6E475F
864E27D150
864DE15B8B
864D9AE611
864D5470E0
864D0DFBF9
864CC7875C
864C811309
864C3A9F00
864BF42B41
864BADB7CC
864B6744A1
864B20D1C0
864ADA5F28
864A93ECDB
864A4D7AD7
864A07091D
8649C097AD
86497A2687
864933B5AB
8648ED4519
8648A6D4D1
86486064D3
864819F51E
8647D385B4
86478D1693
864746A7BC
8647003930
8646B9CAED
8646735CF3
86462CEF44
8645E681DF
8645A014C3
864559A7F2
8645133B6A
8644CCCF2C
8644866338
86443FF78E
8643F98C2E
8643B32118
86436CB64B
8643264BC9
8642DFE190
86429977A1
8642530DFC
86420CA4A1
8641C63B8F
86417FD2C8
8641396A4A
8640F30216
8640AC9A2C
864066328C
86401FCB36
863FD9642A
863F92FD67
863F4C96EE
863F0630BF
863EBFCADA
863E79653F
863E32FFEE
863DEC9AE6
863DA63628
863D5FD1B4
863D196D8A
863CD309AA
863C8CA613
863C4642C7
863BFFDFC4
863BB97D0B
863B731A9C
863B2CB876
863AE6569B
863A9FF509
863A5993C1
863A1332C3
8639CCD20E
86398671A4
8639401183
8638F9B1AC
8638B3521F
86386CF2DB
86382693E2
8637E03532
863799D6CC
86375378B0
86370D1ADD
8636C6BD55
8636806016
86363A0321
8635F3A675
8635AD4A14
863566EDFC
863520922E
8634DA36AA
863493DB6F
86344D807F
86340725D8
8633C0CB7A
86337A7167
863334179D
8632EDBE1D
8632A764E7
8632610BFB
86321AB358
8631D45AFF
86318E02F0
863147AB2B
86310153AF
8630BAFC7D
863074A595
86302E4EF7
862FE7F8A2
862FA1A297
862F5B4CD6
862F14F75F
862ECEA231
862E884D4D
862E41F8B2
862DFBA462
862DB5505B
862D6EFC9E
862D28A92B
862CE25601
862C9C0321
862C55B08B
862C0F5E3E
862BC90C3B
862B82BA82
862B3C6913
862AF617ED
862AAFC711
862A69767F
862A232636
8629DCD637
8629968682
8629503717
862909E7F5
8628C3991D
86287D4A8E
862836FC4A
8627F0AE4F
8627AA609D
8627641336
86271DC618
8626D77943
8626912CB9
86264AE078
8626049481
8625BE48D3
862577FD6F
862531B255
8624EB6784
8624A51CFD
86245ED2C0
86241888CC
8623D23F22
86238BF5C2
862345ACAB
8622FF63DE
8622B91B5B
862272D321
86222C8B31
8621E6438B
86219FFC2E
862159B51B
8621136E52
8620CD27D2
862086E19C
8620409BAF
861FFA560D
861FB410B3
861F6DCBA4
861F2786DE
861EE14261
861E9AFE2F
861E54BA45
861E0E76A6
861DC83350
861D81F044
861D3BAD81
861CF56B08
861CAF28D9
861C68E6F3
861C22A557
861BDC6404
861B9622FB
861B4FE23C
861B09A1C6
861AC3619A
861A7D21B8
861A36E21F
8619F0A2CF
8619AA63CA
861964250D
86191DE69B
8618D7A872
8618916A93
86184B2CFD
861804EFB1
8617BEB2AE
86177875F5
8617323985
8616EBFD60
8616A5C183
86165F85F0
8616194AA7
8615D30FA8
86158CD4F2
8615469A85
8615006062
8614BA2689
861473ECF9
86142DB3B3
8613E77AB6
8613A14203
86135B099A
861314D17A
8612CE99A3
8612886216
8612422AD3
8611FBF3D9
8611B5BD29
86116F86C2
86112950A5
8610E31AD1
86109CE547
861056B007
8610107B10
860FCA4662
860F8411FE
860F3DDDE4
860EF7AA13
860EB1768C
860E6B434E
860E251059
860DDEDDAF
860D98AB4D
860D527935
860D0C4767
860CC615E2
860C7FE4A7
860C39B3B5
860BF3830D
860BAD52AE
860B672299
860B20F2CD
860ADAC34B
860A949412
860A4E6523
860A08367E
8609C20821
86097BDA0F
860935AC45
8608EF7EC5
8608A9518F
86086324A2
86081CF7FF
8607D6CBA5
8607909F95
86074A73CE
8607044851
8606BE1D1D
860677F232
860631C791
8605EB9D3A
8605A5732C
86055F4967
8605191FEC
8604D2F6BA
86048CCDD2
860446A533
8604007CDE
8603BA54D2
8603742D10
86032E0597
8602E7DE67
8602A1B781
86025B90E5
8602156A91
8601CF4488
8601891EC7
860142F951
8600FCD423
8600B6AF3F
8600708AA5
86002A6654
85FFE4424C
85FF9E1E8E
85FF57FB19
85FF11D7ED
85FECBB50B
85FE859273
85FE3F7024
85FDF94E1E
85FDB32C62
85FD6D0AEF
85FD26E9C5
85FCE0C8E5
85FC9AA84F
85FC548801
85FC0E67FE
85FBC84843
85FB8228D2
85FB3C09AA
85FAF5EACC
85FAAFCC37
85FA69ADEC
85FA238FEA
85F9DD7231
85F99754C2
85F951379C
85F90B1AC0
85F8C4FE2C
85F87EE1E3
85F838C5E2
85F7F2AA2B
85F7AC8EBE
85F7667399
85F72058BF
85F6DA3E2D
85F69423E5
85F64E09E6
85F607F031
85F5C1D6C5
85F57BBDA2
85F535A4C9
85F4EF8C39
85F4A973F2
85F4635BF5
85F41D4441
85F3D72CD7
85F39115B6
85F34AFEDE
85F304E84F
85F2BED20A
85F278BC0E
85F232A65C
85F1EC90F3
85F1A67BD3
85F16066FD
85F11A5270
85F0D43E2C
85F08E2A31
85F0481680
85F0020319
85EFBBEFFA
85EF75DD25
85EF2FCA99
85EEE9B857
85EEA3A65E
85EE5D94AE
85EE178347
85EDD1722A
85ED8B6156
85ED4550CC
85ECFF408A
85ECB93092
85EC7320E4
85EC2D117E
85EBE70262
85EBA0F38F
85EB5AE506
85EB14D6C6
85EACEC8CF
85EA88BB21
85EA42ADBD
85E9FCA0A2
85E9B693D0
85E9708748
85E92A7B09
85E8E46F13
85E89E6366
85E8585803
85E8124CE9
85E7CC4218
85E7863791
85E7402D52
85E6FA235E
85E6B419B2
85E66E104F
85E6280736
85E5E1FE66
85E59BF5E0
85E555EDA2
85E50FE5AE
85E4C9DE03
85E483D6A2
85E43DCF8A
85E3F7C8BA
85E3B1C235
85E36BBBF8
85E325B605
85E2DFB05B
85E299AAFA
85E253A5E2
85E20DA114
85E1C79C8E
85E1819853
85E13B9460
85E0F590B6
85E0AF8D56
85E0698A3F
85E0238771
85DFDD84ED
85DF9782B2
85DF5180BF
85DF0B7F17
85DEC57DB7
85DE7F7CA0
85DE397BD3
85DDF37B4F
85DDAD7B14
85DD677B23
85DD217B7A
85DCDB7C1B
85DC957D05
85DC4F7E38
85DC097FB5
85DBC3817A
85DB7D8389
85DB3785E1
85DAF18882
85DAAB8B6D
85DA658EA0
85DA1F921D
85D9D995E3
85D99399F2
85D94D9E4A
85D907A2EC
85D8C1A7D7
85D87BAD0A
85D835B287
85D7EFB84E
85D7A9BE5D
85D763C4B5
85D71DCB57
85D6D7D242
85D691D976
85D64BE0F3
85D605E8BA
85D5BFF0C9
85D579F922
85D53401C4
85D4EE0AAF
85D4A813E3
85D4621D60
85D41C2726
85D3D63136
85D3903B8F
85D34A4631
85D304511C
85D2BE5C50
85D27867CD
85D2327393
85D1EC7FA3
85D1A68BFC
85D160989D
85D11AA588
85D0D4B2BD
85D08EC03A
85D048CE00
85D002DC10
85CFBCEA68
85CF76F90A
85CF3107F5
85CEEB1728
85CEA526A6
85CE5F366C
85CE19467B
85CDD356D3
85CD8D6775
85CD47785F
85CD018993
85CCBB9B10
85CC75ACD6
85CC2FBEE5
85CBE9D13D
85CBA3E3DE
85CB5DF6C8
85CB1809FC
85CAD21D78
85CA8C313E
85CA46454C
85CA0059A4
85C9BA6E45
85C974832E
85C92E9861
85C8E8ADDD
85C8A2C3A3
85C85CD9B1
85C816F008
85C7D106A8
85C78B1D92
85C74534C4
85C6FF4C40
85C6B96404
85C6737C12
85C62D9469
85C5E7AD08
85C5A1C5F1
85C55BDF23
85C515F89E
85C4D01262
85C48A2C6F
85C44446C5
85C3FE6164
85C3B87C4C
85C372977D
85C32CB2F8
85C2E6CEBB
85C2A0EAC7
85C25B071D
85C21523BB
85C1CF40A2
85C1895DD3
85C1437B4C
85C0FD990F
85C0B7B71A
85C071D56F
85C02BF40C
85BFE612F3
85BFA03223
85BF5A519B
85BF14715D
85BECE9167
85BE88B1BB
85BE42D258
85BDFCF33D
85BDB7146C
85BD7135E4
85BD2B57A4
85BCE579AE
85BC9F9C01
85BC59BE9C
85BC13E181
85BBCE04AF
85BB882825
85BB424BE5
85BAFC6FEE
85BAB6943F
85BA70B8DA
85BA2ADDBD
85B9E502EA
85B99F2860
85B9594E1E
85B9137426
85B8CD9A76
85B887C110
85B841E7F2
85B7FC0F1D
85B7B63692
85B7705E4F
85B72A8655
85B6E4AEA5
85B69ED73D
85B659001E
85B6132948
85B5CD52BB
85B5877C77
85B541A67C
85B4FBD0CA
85B4B5FB61
85B4702641
85B42A5169
85B3E47CDB
85B39EA896
85B358D499
85B31300E6
85B2CD2D7B
85B2875A5A
85B2418781
85B1FBB4F1
85B1B5E2AB
85B17010AD
85B12A3EF8
85B0E46D8C
85B09E9C68
85B058CB8E
85B012FAFD
85AFCD2AB5
85AF875AB5
85AF418AFF
85AEFBBB91
85AEB5EC6C
85AE701D90
85AE2A4EFE
85ADE480B4
85AD9EB2B2
85AD58E4FA
85AD13178B
85ACCD4A65
85AC877D87
85AC41B0F2
85ABFBE4A7
85ABB618A4
85AB704CEA
85AB2A8179
85AAE4B651
85AA9EEB71
85AA5920DB
85AA13568E
85A9CD8C89
85A987C2CD
85A941F95A
85A8FC3030
85A8B6674F
85A8709EB7
85A82AD667
85A7E50E61
85A79F46A3
85A7597F2E
85A713B802
85A6CDF11F
85A6882A85
85A6426434
85A5FC9E2B
85A5B6D86B
85A57112F5
85A52B4DC7
85A4E588E1
85A49FC445
85A459FFF2
85A4143BE7
85A3CE7825
85A388B4AC
85A342F17C
85A2FD2E95
85A2B76BF7
85A271A9A1
85A22BE794
85A1E625D0
85A1A06455
85A15AA323
85A114E239
85A0CF2199
85A0896141
85A043A132
859FFDE16C
859FB821EE
859F7262BA
859F2CA3CE
859EE6E52B
859EA126D1
859E5B68C0
859E15AAF7
859DCFED77
859D8A3040
859D447352
859CFEB6AD
859CB8FA50
859C733E3D
859C2D8272
859BE7C6F0
859BA20BB6
859B5C50C6
859B16961E
859AD0DBBF
859A8B21A8
859A4567DB
8599FFAE56
8599B9F51A
8599743C27
85992E837D
8598E8CB1B
8598A31302
85985D5B32
859817A3AB
8597D1EC6C
85978C3577
8597467ECA
859700C865
8596BB124A
8596755C77
85962FA6ED
8595E9F1AC
8595A43CB3
85955E8804
859518D39D
8594D31F7E
85948D6BA9
859447B81C
85940204D8
8593BC51DD
8593769F2A
859330ECC0
8592EB3A9F
8592A588C7
85925FD737
85921A25F0
8591D474F2
85918EC43D
85914913D0
85910363AC
8590BDB3D1
859078043E
85903254F4
858FECA5F3
858FA6F73B
858F6148CB
858F1B9AA4
858ED5ECC5
858E903F30
858E4A91E3
858E04E4DF
858DBF3823
858D798BB0
858D33DF86
858CEE33A5
858CA8880C
858C62DCBC
858C1D31B5
858BD786F6
858B91DC80
858B4C3253
858B06886E
858AC0DED2
858A7B357F
858A358C74
8589EFE3B2
8589AA3B39
8589649308
85891EEB21
8588D94381
8588939C2B
85884DF51D
8588084E58
8587C2A7DB
85877D01A7
8587375BBC
8586F1B619
8586AC10BF
8586666BAE
858620C6E5
8585DB2265
8585957E2E
85854FDA3F
85850A3699
8584C4933C
85847EF027
8584394D5B
8583F3AAD7
8583AE089C
85836866AA
858322C500
8582DD239F
8582978287
858251E1B7
85820C4130
8581C6A0F2
85818100FC
85813B614F
8580F5C1EA
8580B022CE
85806A83FB
858024E570
857FDF472E
857F99A934
857F540B83
857F0E6E1B
857EC8D0FB
857E833424
857E3D9795
857DF7FB4F
857DB25F52
857D6CC39D
857D272831
857CE18D0D
857C9BF233
857C5657A0
857C10BD56
857BCB2355
857B85899C
857B3FF02C
857AFA5705
857AB4BE26
857A6F2590
857A298D42
8579E3F53D
85799E5D80
857958C60C
8579132EE1
8578CD97FE
8578880163
8578426B12
8577FCD508
8577B73F48
857771A9D0
85772C14A0
8576E67FB9
8576A0EB1A
85765B56C5
857615C2B7
8575D02EF2
85758A9B76
8575450842
8574FF7557
8574B9E2B5
857474505B
85742EBE49
8573E92C80
8573A39AFF
85735E09C7
85731878D8
8572D2E831
85728D57D3
857247C7BD
85720237F0
8571BCA86B
857177192E
8571318A3B
8570EBFB8F
8570A66D2D
857060DF12
85701B5141
856FD5C3B7
856F903677
856F4AA97E
856F051CCF
856EBF9068
856E7A0449
856E347873
856DEEECE5
856DA961A0
856D63D6A3
856D1E4BEF
856CD8C183
856C933760
856C4DAD85
856C0823F3
856BC29AA9
856B7D11A8
856B3788EF
856AF2007E
856AAC7856
856A66F077
856A2168E0
8569DBE192
8569965A8C
856950D3CE
85690B4D59
8568C5C72C
8568804148
85683ABBAD
8567F53659
8567AFB14E
85676A2C8C
856724A812
8566DF23E1
8566999FF8
8566541C57
85660E98FF
8565C915F0
8565839328
85653E10AA
8564F88E73
8564B30C86
85646D8AE0
8564280983
8563E2886F
85639D07A2
856357871F
85631206E3
8562CC86F1
8562870746
85624187E4
8561FC08CB
8561B689F9
8561710B71
85612B8D30
8560E60F38
8560A09189
85605B1422
8560159703
855FD01A2D
855F8A9D9F
855F452159
855EFFA55C
855EBA29A8
855E74AE3B
855E2F3317
855DE9B83C
855DA43DA9
855D5EC35E
855D19495C
855CD3CFA2
855C8E5630
855C48DD07
855C036426
855BBDEB8E
855B78733E
855B32FB36
855AED8377
855AA80C00
855A6294D1
855A1D1DEB
8559D7A74E
85599230F8
85594CBAEB
8559074526
8558C1CFAA
85587C5A76
855836E58A
8557F170E7
8557ABFC8C
855766887A
85572114B0
8556DBA12E
8556962DF4
855650BB03
85560B485A
8555C5D5FA
85558063E2
85553AF212
8554F5808A
8554B00F4B
85546A9E54
8554252DA6
8553DFBD40
85539A4D22
855354DD4D
85530F6DBF
8552C9FE7B
8552848F7E
85523F20CA
8551F9B25E
8551B4443B
85516ED65F
85512968CC
8550E3FB82
85509E8E80
85505921C6
855013B554
854FCE492A
854F88DD49
854F4371B1
854EFE0660
854EB89B58
854E733098
854E2DC621
854DE85BF1
854DA2F20A
854D5D886C
854D181F15
854CD2B607
854C8D4D41
854C47E4C4
854C027C8E
854BBD14A1
854B77ACFC
854B3245A0
854AECDE8C
854AA777C0
854A62113C
854A1CAB01
8549D7450E
854991DF63
85494C7A00
85490714E6
8548C1B014
85487C4B8A
854836E749
8547F1834F
8547AC1F9E
854766BC36
8547215915
8546DBF63D
85469693AD
8546513165
85460BCF65
8545C66DAE
8545810C3F
85453BAB18
8544F64A39
8544B0E9A3
85446B8955
854426294F
8543E0C991
85439B6A1C
8543560AEF
854310AC0A
8542CB4D6D
854285EF18
854240910C
8541FB3348
8541B5D5CC
8541707898
85412B1BAD
8540E5BF09
8540A062AE
85405B069C
854015AAD1
853FD04F4E
853F8AF414
853F459922
853F003E78
853EBAE417
853E7589FD
853E30302C
853DEAD6A3
853DA57D62
853D602469
853D1ACBB9
853CD57350
853C901B30
853C4AC358
853C056BC8
853BC01481
853B7ABD81
853B3566CA
853AF0105B
853AAABA34
853A656455
853A200EBF
8539DAB970
853995646A
8539500FAC
85390ABB36
8538C56708
8538801323
85383ABF85
8537F56C30
8537B01923
85376AC65E
85372573E1
8536E021AC
85369ACFBF
8536557E1B
8536102CBF
8535CADBAB
8535858ADF
8535403A5B
8534FAEA1F
8534B59A2B
8534704A80
85342AFB1C
8533E5AC01
8533A05D2E
85335B0EA3
853315C060
8532D07266
85328B24B3
853245D748
8532008A26
8531BB3D4C
853175F0BA
853130A470
8530EB586E
8530A60CB4
853060C142
85301B7618
852FD62B37
852F90E09E
852F4B964C
852F064C43
852EC10282
852E7BB909
852E366FD8
852DF126EF
852DABDE4E
852D6695F6
852D214DE5
852CDC061C
852C96BE9C
852C517764
852C0C3073
852BC6E9CB
852B81A36B
852B3C5D53
852AF71783
852AB1D1FB
852A6C8CBB
852A2747C3
8529E20314
85299CBEAC
8529577A8C
85291236B5
8528CCF325
852887AFDE
8528426CDF
8527FD2A27
8527B7E7B8
852772A591
85272D63B2
8526E8221A
8526A2E0CB
85265D9FC4
8526185F05
8525D31E8E
85258DDE5F
8525489E78
8525035EDA
8524BE1F83
852478E074
852433A1AD
8523EE632E
8523A924F8
852363E709
85231EA962
8522D96C04
8522942EED
85224EF21E
852209B598
8521C47959
85217F3D62
85213A01B4
8520F4C64D
8520AF8B2F
85206A5058
85202515CA
851FDFDB83
851F9AA184
851F5567CE
851F102E5F
851ECAF539
851E85BC5A
851E4083C3
851DFB4B75
851DB6136E
851D70DBB0
851D2BA439
851CE66D0A
851CA13624
851C5BFF85
851C16C92E
851BD1931F
851B8C5D59
851B4727DA
851B01F2A3
851ABCBDB4
851A77890D
851A3254AE
8519ED2097
8519A7ECC8
851962B941
85191D8602
8518D8530B
851893205B
85184DEDF4
851808BBD5
8517C389FE
85177E586E
8517392727
8516F3F627
8516AEC570
8516699500
85162464D8
8515DF34F8
85159A0561
851554D611
85150FA709
8514CA7849
85148549D1
8514401BA0
8513FAEDB8
8513B5C018
85137092BF
85132B65AF
8512E638E6
8512A10C66
85125BE02D
851216B43C
8511D18893
85118C5D32
8511473219
8511020748
8510BCDCBF
851077B27D
8510328884
850FED5ED2
850FA83569
850F630C47
850F1DE36D
850ED8BADB
850E939291
850E4E6A8F
850E0942D4
850DC41B62
850D7EF437
850D39CD55
850CF4A6BA
850CAF8067
850C6A5A5C
850C253499
850BE00F1D
850B9AE9EA
850B55C4FE
850B10A05B
850ACB7BFF
850A8657EB
850A41341F
8509FC109B
8509B6ED5E
850971CA6A
85092CA7BD
8508E78558
8508A2633B
85085D4166
8508181FD9
8507D2FE93
85078DDD96
850748BCE0
8507039C72
8506BE7C4C
8506795C6E
8506343CD8
8505EF1D89
8505A9FE83
850564DFC4
85051FC14D
8504DAA31E
8504958536
8504506797
85040B4A3F
8503C62D2F
8503811067
85033BF3E7
8502F6D7AE
8502B1BBBE
85026CA015
85022784B4
8501E2699B
85019D4EC9
8501583440
85011319FE
8500CE0004
850088E652
850043CCE8
84FFFEB3C5
84FFB99AEA
84FF748257
84FF2F6A0C
84FEEA5209
84FEA53A4D
84FE6022D9
84FE1B0BAD
84FDD5F4C9
84FD90DE2D
84FD4BC7D8
84FD06B1CB
84FCC19C06
84FC7C8689
84FC377153
84FBF25C66
84FBAD47C0
84FB683361
84FB231F4B
84FADE0B7C
84FA98F7F5
84FA53E4B6
84FA0ED1BF
84F9C9BF0F
84F984ACA7
84F93F9A87
84F8FA88AE
84F8B5771E
84F87065D5
84F82B54D4
84F7E6441A
84F7A133A9
84F75C237F
84F717139D
84F6D20402
84F68CF4B0
84F647E5A5
84F602D6E1
84F5BDC866
84F578BA32
84F533AC46
84F4EE9EA2
84F4A99145
84F4648431
84F41F7763
84F3DA6ADE
84F3955EA0
84F35052AA
84F30B46FC
84F2C63B96
84F2813077
84F23C25A0
84F1F71B10
84F1B210C9
84F16D06C9
84F127FD11
84F0E2F3A0
84F09DEA77
84F058E196
84F013D8FC
84EFCED0AB
84EF89C8A1
84EF44C0DE
84EEFFB964
84EEBAB231
84EE75AB45
84EE30A4A2
84EDEB9E46
84EDA69831
84ED619265
84ED1C8CE0
84ECD787A3
84EC9282AD
84EC4D7DFF
84EC087999
84EBC3757B
84EB7E71A4
84EB396E15
84EAF46ACD
84EAAF67CD
84EA6A6515
84EA2562A4
84E9E0607C
84E99B5E9A
84E9565D01
84E9115BAF
84E8CC5AA5
84E88759E2
84E8425967
84E7FD5934
84E7B85948
84E77359A4
84E72E5A48
84E6E95B33
84E6A45C66
84E65F5DE0
84E61A5FA2
84E5D561AC
84E59063FE
84E54B6697
84E5066977
84E4C16CA0
84E47C7010
84E43773C7
84E3F277C6
84E3AD7C0D
84E368809C
84E3238572
84E2DE8A8F
84E2998FF4
84E25495A1
84E20F9B96
84E1CAA1D2
84E185A856
84E140AF21
84E0FBB634
84E0B6BD8E
84E071C530
84E02CCD1A
84DFE7D54B
84DFA2DDC4
84DF5DE685
84DF18EF8D
84DED3F8DC
84DE8F0274
84DE4A0C53
84DE051679
84DDC020E7
84DD7B2B9C
84DD36369A
84DCF141DE
84DCAC4D6B
84DC67593F
84DC22655A
84DBDD71BD
84DB987E68
84DB538B5A
84DB0E9893
84DAC9A615
84DA84B3DE
84DA3FC1EE
84D9FAD046
84D9B5DEE6
84D970EDCD
84D92BFCFB
84D8E70C71
84D8A21C2F
84D85D2C34
84D8183C81
84D7D34D16
84D78E5DF2
84D7496F15
84D7048080
84D6BF9232
84D67AA42D
84D635B66E
84D5F0C8F7
84D5ABDBC8
84D566EEE0
84D5220240
84D4DD15E7
84D49829D6
84D4533E0C
84D40E528A
84D3C9674F
84D3847C5C
84D33F91B1
84D2FAA74C
84D2B5BD30
84D270D35B
84D22BE9CD
84D1E70087
84D1A21788
84D15D2ED1
84D1184662
84D0D35E3A
84D08E7659
84D0498EC0
84D004A76F
84CFBFC064
84CF7AD9A2
84CF35F327
84CEF10CF3
84CEAC2707
84CE674162
84CE225C05
84CDDD76F0
84CD989221
84CD53AD9B
84CD0EC95B
84CCC9E564
84CC8501B3
84CC401E4B
84CBFB3B29
84CBB6584F
84CB7175BD
84CB2C9372
84CAE7B16E
84CAA2CFB2
84CA5DEE3E
84CA190D11
84C9D42C2B
84C98F4B8D
84C94A6B36
84C9058B27
84C8C0AB5F
84C87BCBDF
84C836ECA6
84C7F20DB4
84C7AD2F0A
84C76850A8
84C723728C
84C6DE94B9
84C699B72C
84C654D9E7
84C60FFCEA
84C5CB2034
84C58643C5
84C541679E
84C4FC8BBF
84C4B7B026
84C472D4D5
84C42DF9CC
84C3E91F0A
84C3A4448F
84C35F6A5C
84C31A9070
84C2D5B6CC
84C290DD6F
84C24C0459
84C2072B8B
84C1C25304
84C17D7AC5
84C138A2CD
84C0F3CB1D
84C0AEF3B3
84C06A1C92
84C02545B7
84BFE06F24
84BF9B98D9
84BF56C2D5
84BF11ED18
84BECD17A2
84BE884274
84BE436D8E
84BDFE98EF
84BDB9C497
84BD74F086
84BD301CBD
84BCEB493B
84BCA67601
84BC61A30E
84BC1CD062
84BBD7FDFE
84BB932BE1
84BB4E5A0C
84BB09887D
84BAC4B737
84BA7FE637
84BA3B157F
84B9F6450E
84B9B174E5
84B96CA503
84B927D568
84B8E30615
84B89E3709
84B8596844
84B81499C7
84B7CFCB91
84B78AFDA3
84B7462FFB
84B701629B
84B6BC9583
84B677C8B2
84B632FC28
84B5EE2FE5
84B5A963EA
84B5649836
84B51FCCC9
84B4DB01A4
84B49636C6
84B4516C2F
84B40CA1E0
84B3C7D7D8
84B3830E17
84B33E449E
84B2F97B6C
84B2B4B281
84B26FE9DE
84B22B2182
84B1E6596D
84B1A1919F
84B15CCA19
84B11802DA
84B0D33BE3
84B08E7532
84B049AEC9
84B004E8A7
84AFC022CD
84AF7B5D3A
84AF3697EE
84AEF1D2E9
84AEAD0E2C
84AE6849B6
84AE238587
84ADDEC1A0
84AD99FE00
84AD553AA7
84AD107795
84ACCBB4CB
84AC86F248
84AC42300C
84ABFD6E18
84ABB8AC6A
84AB73EB04
84AB2F29E6
84AAEA690E
84AAA5A87E
84AA60E835
84AA1C2833
84A9D76879
84A992A906
84A94DE9DA
84A9092AF5
84A8C46C57
84A87FAE01
84A83AEFF2
84A7F6322B
84A7B174AA
84A76CB771
84A727FA7F
84A6E33DD4
84A69E8171
84A659C554
84A615097F
84A5D04DF1
84A58B92AB
84A546D7AB
84A5021CF3
84A4BD6282
84A478A859
84A433EE76
84A3EF34DB
84A3AA7B87
84A365C27A
84A32109B4
84A2DC5136
84A29798FF
84A252E10F
84A20E2966
84A1C97204
84A184BAEA
84A1400417
84A0FB4D8B
84A0B69746
84A071E148
84A02D2B92
849FE87623
849FA3C0FB
849F5F0C1A
849F1A5780
849ED5A32E
849E90EF23
849E4C3B5F
849E0787E2
849DC2D4AC
849D7E21BD
849D396F16
849CF4BCB6
849CB00A9D
849C6B58CB
849C26A740
849BE1F5FD
849B9D4500
849B58944B
849B13E3DD
849ACF33B6
849A8A83D7
849A45D43E
849A0124ED
8499BC75E2
849977C71F
84993318A3
8498EE6A6E
8498A9BC81
8498650EDA
849820617B
8497DBB463
8497970792
8497525B08
84970DAEC5
8496C902C9
8496845715
84963FABA7
8495FB0081
8495B655A2
849571AB0A
84952D00B9
8494E856AF
8494A3ACED
84945F0371
84941A5A3D
8493D5B14F
84939108A9
84934C604A
849307B832
8492C31061
84927E68D7
849239C195
8491F51A99
8491B073E5
84916BCD78
8491272751
8490E28172
84909DDBDA
8490593689
849014917F
848FCFECBD
848F8B4841
848F46A40C
848F02001F
848EBD5C78
848E78B919
848E341601
848DEF7330
848DAAD0A6
848D662E63
848D218C67
848CDCEAB2
848C984944
848C53A81D
848C0F073E
848BCA66A5
848B85C653
848B412649
848AFC8686
848AB7E709
848A7347D4
848A2EA8E6
8489EA0A3F
8489A56BDE
848960CDC5
84891C2FF3
8488D79268
848892F524
84884E5828
848809BB72
8487C51F03
84878082DB
84873BE6FA
8486F74B61
8486B2B00E
84866E1502
8486297A3E
8485E4DFC0
8485A0458A
84855BAB9A
84851711F2
8484D27890
84848DDF76
84844946A2
848404AE16
8483C015D1
84837B7DD2
848336E61B
8482F24EAA
8482ADB781
848269209F
8482248A03
8481DFF3AF
84819B5DA2
848156C7DB
848112325C
8480CD9D24
8480890832
8480447388
847FFFDF25
847FBB4B08
847F76B733
847F3223A4
847EED905D
847EA8FD5D
847E646AA3
847E1FD831
847DDB4605
847D96B421
847D522283
847D0D912D
847CC9001D
847C846F54
847C3FDED3
847BFB4E98
847BB6BEA4
847B722EF8
847B2D9F92
847AE91073
847AA4819B
847A5FF30A
847A1B64C0
8479D6D6BD
8479924901
84794DBB8C
8479092E5E
8478C4A177
84788014D6
84783B887D
8477F6FC6B
8477B2709F
84776DE51B
84772959DD
8476E4CEE6
8476A04437
84765BB9CE
8476172FAC
8475D2A5D1
84758E1C3D
84754992F0
84750509EA
8474C0812B
84747BF8B2
8474377081
8473F2E896
8473AE60F3
847369D996
8473255281
8472E0CBB2
84729C452A
847257BEE9
84721338EF
8471CEB33B
84718A2DCF
847145A8AA
84710123CB
8470BC9F34
8470781AE3
84703396D9
846FEF1316
846FAA8F9A
846F660C65
846F218977
846EDD06CF
846E98846F
846E540255
846E0F8082
846DCAFEF7
846D867DB2
846D41FCB3
846CFD7BFC
846CB8FB8C
846C747B62
846C2FFB80
846BEB7BE4
846BA6FC8F
846B627D81
846B1DFEBA
846AD9803A
846A950200
846A50840D
846A0C0662
8469C788FD
8469830BDF
84693E8F08
8468FA1277
8468B5962E
8468711A2B
84682C9E6F
8467E822FA
8467A3A7CC
84675F2CE5
84671AB244
8466D637EB
846691BDD8
84664D440C
846608CA87
8465C45148
84657FD851
84653B5FA0
8464F6E736
8464B26F13
84646DF737
8464297FA2
8463E50853
8463A0914B
84635C1A8A
846317A410
8462D32DDD
84628EB7F0
84624A424B
846205CCEC
8461C157D4
84617CE302
8461386E78
8460F3FA34
8460AF8637
84606B1281
8460269F12
845FE22BE9
845F9DB907
845F59466C
845F14D418
845ED0620B
845E8BF044
845E477EC4
845E030D8B
845DBE9C99
845D7A2BEE
845D35BB89
845CF14B6B
845CACDB94
845C686C03
845C23FCBA
845BDF8DB7
845B9B1EFB
845B56B085
845B124257
845ACDD46F
845A8966CE
845A44F973
845A008C60
8459BC1F93
845977B30D
84593346CD
8458EEDAD5
8458AA6F23
84586603B8
8458219894
8457DD2DB6
845798C31F
84575458CF
84570FEEC6
8456CB8503
8456871B87
845642B252
8455FE4963
8455B9E0BB
845575785A
8455311040
8454ECA86D
8454A840E0
845463D99A
84541F729A
8453DB0BE1
845396A56F
8453523F44
84530DD960
8452C973C2
8452850E6A
845240A95A
8451FC4490
8451B7E00D
8451737BD1
84512F17DB
8450EAB42C
8450A650C4
845061EDA2
84501D8AC7
844FD92833
844F94C5E6
844F5063DF
844F0C021F
844EC7A0A5
844E833F73
844E3EDE87
844DFA7DE1
844DB61D82
844D71BD6A
844D2D5D99
844CE8FE0E
844CA49ECA
844C603FCD
844C1BE116
844BD782A6
844B93247D
844B4EC69A
844B0A68FE
844AC60BA8
844A81AE9A
844A3D51D2
8449F8F550
8449B49915
8449703D21
84492BE174
8448E7860D
8448A32AED
84485ED013
84481A7580
8447D61B34
844791C12E
84474D676F
8447090DF7
8446C4B4C5
8446805BDA
84463C0336
8445F7AAD8
8445B352C1
84456EFAF0
84452AA366
8444E64C23
8444A1F526
84445D9E70
8444194800
8443D4F1D8
8443909BF5
84434C465A
844307F105
8442C39BF6
84427F472E
84423AF2AD
8441F69E72
8441B24A7E
84416DF6D1
844129A36A
8440E5504A
8440A0FD70
84405CAADD
8440185891
843FD4068B
843F8FB4CC
843F4B6353
843F071221
843EC2C135
843E7E7090
843E3A2032
843DF5D01A
843DB18049
843D6D30BE
843D28E17A
843CE4927D
843CA043C6
843C5BF556
843C17A72C
843BD35949
843B8F0BAC
843B4ABE56
843B067146
843AC2247D
843A7DD7FB
843A398BBF
8439F53FCA
8439B0F41B
84396CA8B3
8439285D91
8438E412B6
84389FC822
84385B7DD3
84381733CC
8437D2EA0B
84378EA091
84374A575D
8437060E6F
8436C1C5C9
84367D7D68
843639354F
8435F4ED7B
8435B0A5EF
84356C5EA9
84352817A9
8434E3D0F0
84349F8A7D
84345B4451
843416FE6B
8433D2B8CC
84338E7374
84334A2E62
843305E996
8432C1A511
84327D60D3
8432391CDB
8431F4D929
8431B095BE
84316C529A
8431280FBC
8430E3CD24
84309F8AD3
84305B48C9
8430170705
842FD2C587
842F8E8450
842F4A4360
842F0602B6
842EC1C252
842E7D8235
842E39425E
842DF502CE
842DB0C384
842D6C8481
842D2845C4
842CE4074E
842C9FC91E
842C5B8B35
842C174D92
842BD31036
842B8ED320
842B4A9650
842B0659C7
842AC21D85
842A7DE189
842A39A5D3
8429F56A64
8429B12F3B
84296CF459
842928B9BD
8428E47F68
8428A04559
84285C0B90
842817D20E
8427D398D3
84278F5FDD
84274B272F
842706EEC6
8426C2B6A4
84267E7EC9
84263A4734
8425F60FE5
8425B1D8DD
84256DA21B
8425296BA0
8424E5356B
8424A0FF7D
84245CC9D5
8424189473
8423D45F58
8423902A83
84234BF5F5
842307C1AD
8422C38DAB
84227F59F0
84223B267B
8421F6F34D
8421B2C065
84216E8DC3
84212A5B68
8420E62953
8420A1F785
84205DC5FD
84201994BB
841FD563C0
841F91330B
841F4D029D
841F08D275
841EC4A293
841E8072F8
841E3C43A3
841DF81494
841DB3E5CC
841D6FB74A
841D2B890F
841CE75B1A
841CA32D6B
841C5F0003
841C1AD2E1
841BD6A605
841B927970
841B4E4D21
841B0A2119
841AC5F557
841A81C9DB
841A3D9EA6
8419F973B7
8419B5490E
8419711EAB
84192CF48F
8418E8CABA
8418A4A12A
84186077E1
84181C4EDF
8417D82623
841793FDAD
84174FD57D
84170BAD94
8416C785F1
8416835E94
84163F377E
8415FB10AE
8415B6EA24
841572C3E1
84152E9DE4
8414EA782D
8414A652BD
8414622D93
84141E08AF
8413D9E412
841395BFBB
8413519BAA
84130D77DF
8412C9545B
841285311D
8412410E26
8411FCEB75
8411B8C90A
841174A6E5
8411308507
8410EC636F
8410A8421D
8410642112
841020004C
840FDBDFCE
840F97BF95
840F539FA3
840F0F7FF7
840ECB6091
840E874171
840E432298
840DFF0405
840DBAE5B9
840D76C7B2
840D32A9F2
840CEE8C79
840CAA6F45
840C665258
840C2235B1
840BDE1950
840B99FD36
840B55E161
840B11C5D4
840ACDAA8C
840A898F8A
840A4574CF
840A015A5A
8409BD402C
8409792643
8409350CA1
8408F0F345
8408ACDA30
840868C160
840824A8D7
8407E09094
84079C7897
84075860E1
8407144971
8406D03247
84068C1B63
84064804C5
840603EE6E
8405BFD85D
84057BC292
840537AD0D
8404F397CF
8404AF82D7
84046B6E25
84042759B9
8403E34593
84039F31B4
84035B1E1B
8403170AC8
8402D2F7BB
84028EE4F5
84024AD275
840206C03B
8401C2AE47
84017E9C99
84013A8B32
8400F67A10
8400B26935
84006E58A0
84002A4852
83FFE63849
83FFA22887
83FF5E190B
83FF1A09D5
83FED5FAE5
83FE91EC3B
83FE4DDDD8
83FE09CFBB
83FDC5C1E4
83FD81B453
83FD3DA708
83FCF99A04
83FCB58D45
83FC7180CD
83FC2D749B
83FBE968AF
83FBA55D0A
83FB6151AA
83FB1D4691
83FAD93BBD
83FA953130
83FA5126E9
83FA0D1CE9
83F9C9132E
83F98509BA
83F941008B
83F8FCF7A3
83F8B8EF01
83F874E6A5
83F830DE90
83F7ECD6C0
83F7A8CF37
83F764C7F3
83F720C0F6
83F6DCBA3F
83F698B3CE
83F654ADA4
83F610A7BF
83F5CCA221
83F5889CC8
83F54497B6
83F50092EA
83F4BC8E64
83F4788A24
83F434862A
83F3F08276
83F3AC7F09
83F3687BE2
83F3247900
83F2E07665
83F29C7410
83F2587201
83F2147038
83F1D06EB5
83F18C6D79
83F1486C82
83F1046BD2
83F0C06B67
83F07C6B43
83F0386B65
83EFF46BCD
83EFB06C7A
83EF6C6D6F
83EF286EA9
83EEE47029
83EEA071EF
83EE5C73FC
83EE18764E
83EDD478E7
83ED907BC5
83ED4C7EEA
83ED088255
83ECC48606
83EC8089FD
83EC3C8E3A
83EBF892BD
83EBB49786
83EB709C95
83EB2CA1EA
83EAE8A786
83EAA4AD67
83EA60B38E
83EA1CB9FC
83E9D8C0AF
83E994C7A9
83E950CEE9
83E90CD66E
83E8C8DE3A
83E884E64C
83E840EEA4
83E7FCF741
83E7B90025
83E775094F
83E73112BF
83E6ED1C75
83E6A92671
83E66530B3
83E6213B3B
83E5DD460A
83E599511E
83E5555C78
83E5116818
83E4CD73FE
83E489802B
83E4458C9D
83E4019955
83E3BDA653
83E379B398
83E335C122
83E2F1CEF2
83E2ADDD09
83E269EB65
83E225FA07
83E1E208F0
83E19E181E
83E15A2793
83E116374D
83E0D2474D
83E08E5794
83E04A6820
83E00678F2
83DFC28A0B
83DF7E9B69
83DF3AAD0D
83DEF6BEF7
83DEB2D128
83DE6EE39E
83DE2AF65A
83DDE7095C
83DDA31CA5
83DD5F3033
83DD1B4407
83DCD75821
83DC936C81
83DC4F8127
83DC0B9613
83DBC7AB45
83DB83C0BD
83DB3FD67B
83DAFBEC7F
83DAB802C9
83DA741959
83DA30302E
83D9EC474A
83D9A85EAC
83D9647653
83D9208E41
83D8DCA674
83D898BEEE
83D854D7AD
83D810F0B2
83D7CD09FE
83D789238F
83D7453D66
83D7015783
83D6BD71E6
83D6798C8F
83D635A77E
83D5F1C2B3
83D5ADDE2E
83D569F9EE
83D52615F5
83D4E23241
83D49E4ED4
83D45A6BAC
83D41688CA
83D3D2A62F
83D38EC3D9
83D34AE1C9
83D306FFFF
83D2C31E7A
83D27F3D3C
83D23B5C44
83D1F77B91
83D1B39B25
83D16FBAFE
83D12BDB1D
83D0E7FB83
83D0A41C2E
83D0603D1F
83D01C5E55
83CFD87FD2
83CF94A195
83CF50C39D
83CF0CE5EC
83CEC90880
83CE852B5A
83CE414E7A
83CDFD71E0
83CDB9958C
83CD75B97E
83CD31DDB5
83CCEE0233
83CCAA26F6
83CC664BFF
83CC22714E
83CBDE96E3
83CB9ABCBE
83CB56E2DE
83CB130945
83CACF2FF1
83CA8B56E4
83CA477E1C
83CA03A59A
83C9BFCD5D
83C97BF567
83C9381DB6
83C8F4464C
83C8B06F27
83C86C9848
83C828C1AF
83C7E4EB5C
83C7A1154E
83C75D3F86
83C7196A05
83C6D594C9
83C691BFD3
83C64DEB22
83C60A16B8
83C5C64293
83C5826EB5
83C53E9B1C
83C4FAC7C8
83C4B6F4BB
83C47321F4
83C42F4F72
83C3EB7D36
83C3A7AB40
83C363D990
83C3200825
83C2DC3701
83C2986622
83C2549589
83C210C536
83C1CCF528
83C1892561
83C14555DF
83C10186A3
83C0BDB7AD
83C079E8FD
83C0361A92
83BFF24C6D
83BFAE7E8E
83BF6AB0F5
83BF26E3A2
83BEE31694
83BE9F49CC
83BE5B7D4A
83BE17B10E
83BDD3E517
83BD901966
83BD4C4DFC
83BD0882D6
83BCC4B7F7
83BC80ED5D
83BC3D2309
83BBF958FB
83BBB58F33
83BB71C5B0
83BB2DFC74
83BAEA337D
83BAA66ACB
83BA62A260
83BA1EDA3A
83B9DB125A
83B9974AC0
83B953836B
83B90FBC5C
83B8CBF593
83B8882F10
83B84468D3
83B800A2DB
83B7BCDD29
83B77917BD
83B7355296
83B6F18DB5
83B6ADC91A
83B66A04C5
83B62640B5
83B5E27CEB
83B59EB967
83B55AF629
83B5173330
83B4D3707D
83B48FAE10
83B44BEBE8
83B4082A06
83B3C4686A
83B380A714
83B33CE603
83B2F92538
83B2B564B3
83B271A473
83B22DE47A
83B1EA24C5
83B1A66557
83B162A62E
83B11EE74B
83B0DB28AE
83B0976A56
83B053AC44
83B00FEE78
83AFCC30F2
83AF8873B1
83AF44B6B6
83AF00FA00
83AEBD3D90
83AE798166
83AE35C582
83ADF209E3
83ADAE4E8A
83AD6A9377
83AD26D8A9
83ACE31E21
83AC9F63DF
83AC5BA9E2
83AC17F02B
83ABD436B9
83AB907D8E
83AB4CC4A8
83AB090C07
83AAC553AD
83AA819B98
83AA3DE3C8
83A9FA2C3F
83A9B674FA
83A972BDFC
83A92F0743
83A8EB50D0
83A8A79AA3
83A863E4BB
83A8202F19
83A7DC79BC
83A798C4A5
83A7550FD4
83A7115B48
83A6CDA702
83A689F302
83A6463F47
83A6028BD2
83A5BED8A3
83A57B25B9
83A5377315
83A4F3C0B6
83A4B00E9D
83A46C5CCA
83A428AB3C
83A3E4F9F4
83A3A148F2
83A35D9835
83A319E7BE
83A2D6378C
83A29287A0
83A24ED7FA
83A20B2899
83A1C7797E
83A183CAA8
83A1401C18
83A0FC6DCE
83A0B8BFC9
83A075120A
83A0316490
839FEDB75C
839FAA0A6E
839F665DC5
839F22B162
839EDF0544
839E9B596C
839E57ADDA
839E14028D
839DD05785
839D8CACC4
839D490248
839D055811
839CC1AE20
839C7E0475
839C3A5B0F
839BF6B1EE
839BB30914
839B6F607F
839B2BB82F
839AE81025
839AA46861
839A60C0E2
839A1D19A8
8399D972B5
839995CC06
839952259E
83990E7F7B
8398CAD99D
8398873405
8398438EB2
8397FFE9A6
8397BC44DE
839778A05C
839734FC20
8396F15829
8396ADB478
83966A110C
8396266DE6
8395E2CB05
83959F286A
83955B8615
839517E405
8394D4423A
839490A0B5
83944CFF76
8394095E7C
8393C5BDC7
8393821D58
83933E7D2F
8392FADD4B
8392B73DAD
8392739E54
83922FFF41
8391EC6073
8391A8C1EA
83916523A8
83912185AA
8390DDE7F2
83909A4A80
839056AD53
839013106C
838FCF73CA
838F8BD76E
838F483B57
838F049F85
838EC103FA
838E7D68B3
838E39CDB2
838DF632F7
838DB29881
838D6EFE50
838D2B6465
838CE7CAC0
838CA43160
838C609845
838C1CFF70
838BD966E1
838B95CE96
838B523692
838B0E9ED2
838ACB0759
838A877024
838A43D936
838A00428C
8389BCAC28
838979160A
8389358031
8388F1EA9D
8388AE554F
83886AC046
8388272B83
8387E39705
8387A002CD
83875C6EDA
838718DB2D
8386D547C5
838691B4A2
83864E21C5
83860A8F2D
8385C6FCDB
8385836ACE
83853FD907
8384FC4785
8384B8B648
8384752551
838431949F
8383EE0433
8383AA740C
838366E42B
838323548F
8382DFC538
83829C3627
838258A75B
83821518D5
8381D18A94
83818DFC98
83814A6EE2
838106E171
8380C35446
83807FC760
83803C3ABF
837FF8AE64
837FB5224E
837F71967E
837F2E0AF3
837EEA7FAD
837EA6F4AD
837E6369F2
837E1FDF7D
837DDC554D
837D98CB62
837D5541BD
837D11B85D
837CCE2F42
837C8AA66D
837C471DDD
837C039593
837BC00D8E
837B7C85CE
837B38FE54
837AF5771F
837AB1F02F
837A6E6985
837A2AE320
8379E75D00
8379A3D726
8379605192
83791CCC42
8378D94738
837895C273
8378523DF4
83780EB9BA
8377CB35C5
837787B216
8377442EAC
837700AB87
8376BD28A8
837679A60E
83763623B9
8375F2A1AA
8375AF1FE0
83756B9E5B
8375281D1C
8374E49C22
8374A11B6D
83745D9AFE
83741A1AD4
8373D69AEF
8373931B50
83734F9BF5
83730C1CE1
8372C89E11
8372851F87
837241A142
8371FE2343
8371BAA589
8371772814
837133AAE4
8370F02DFA
8370ACB155
83706934F5
837025B8DB
836FE23D06
836F9EC176
836F5B462B
836F17CB26
836ED45066
836E90D5EC
836E4D5BB6
836E09E1C6
836DC6681C
836D82EEB6
836D3F7596
836CFBFCBB
836CB88425
836C750BD5
836C3193CA
836BEE1C04
836BAAA483
836B672D48
836B23B652
836AE03FA1
836A9CC936
836A595310
836A15DD2F
8369D26793
83698EF23C
83694B7D2B
836908085F
8368C493D9
8368811F97
83683DAB9B
8367FA37E4
8367B6C472
8367735146
83672FDE5F
8366EC6BBD
8366A8F960
8366658749
8366221576
8365DEA3E9
83659B32A2
836557C19F
83651450E2
8364D0E06A
83648D7037
83644A0049
83640690A1
8363C3213D
83637FB220
83633C4347
8362F8D4B3
8362B56665
836271F85C
83622E8A98
8361EB1D19
8361A7AFE0
83616442EB
836120D63C
8360DD69D3
836099FDAE
83605691CE
8360132634
835FCFBADF
835F8C4FCF
835F48E505
835F057A7F
835EC2103F
835E7EA644
835E3B3C8E
835DF7D31D
835DB469F2
835D71010B
835D2D986A
835CEA300E
835CA6C7F7
835C636026
835C1FF899
835BDC9152
835B992A50
835B55C393
835B125D1B
835ACEF6E8
835A8B90FB
835A482B53
835A04C5F0
8359C160D2
83597DFBF9
83593A9765
8358F73317
8358B3CF0D
8358706B49
83582D07CA
8357E9A490
8357A6419C
835762DEEC
83571F7C82
8356DC1A5C
835698B87C
83565556E1
835611F58B
8355CE947A
83558B33AF
835547D328
83550472E7
8354C112EB
83547DB334
83543A53C2
8353F6F495
8353B395AD
835370370B
83532CD8AD
8352E97A95
8352A61CC1
835262BF33
83521F61EA
8351DC04E6
835198A828
8351554BAE
835111EF79
8350CE938A
83508B37DF
835047DC7A
835004815A
834FC1267F
834F7DCBE9
834F3A7198
834EF7178C
834EB3BDC6
834E706444
834E2D0B07
834DE9B210
834DA6595E
834D6300F0
834D1FA8C8
834CDC50E5
834C98F947
834C55A1EE
834C124ADA
834BCEF40C
834B8B9D82
834B48473D
834B04F13E
834AC19B83
834A7E460E
834A3AF0DD
8349F79BF2
8349B4474C
834970F2EB
83492D9ECE
8348EA4AF7
8348A6F765
834863A418
8348205110
8347DCFE4E
834799ABD0
8347565997
83471307A3
8346CFB5F5
83468C648B
8346491366
834605C287
8345C271EC
83457F2197
83453BD186
8344F881BB
8344B53234
834471E2F3
83442E93F7
8343EB453F
8343A7F6CD
834364A8A0
8343215AB8
8342DE0D14
83429ABFB6
834257729D
83421425C9
8341D0D93A
83418D8CEF
83414A40EA
834106F52A
8340C3A9AF
8340805E79
83403D1388
833FF9C8DC
833FB67E74
833F733452
833F2FEA75
833EECA0DD
833EA9578A
833E660E7C
833E22C5B3
833DDF7D2E
833D9C34EF
833D58ECF5
833D15A540
833CD25DD0
833C8F16A4
833C4BCFBE
833C08891D
833BC542C0
833B81FCA9
833B3EB6D7
833AFB7149
833AB82C01
833A74E6FD
833A31A23F
8339EE5DC5
8339AB1991
833967D5A1
83392491F6
8338E14E91
83389E0B70
83385AC894
83381785FD
8337D443AB
833791019F
83374DBFD7
83370A7E53
8336C73D15
833683FC1C
833640BB68
8335FD7AF9
8335BA3ACE
833576FAE9
833533BB49
8334F07BED
8334AD3CD6
833469FE05
833426BF78
8333E38130
8333A0432D
83335D056F
833319C7F6
8332D68AC2
8332934DD3
8332501129
83320CD4C3
8331C998A3
8331865CC7
8331432131
8330FFE5DF
8330BCAAD2
833079700A
8330363587
832FF2FB49
832FAFC150
832F6C879C
832F294E2C
832EE61502
832EA2DC1C
832E5FA37B
832E1C6B1F
832DD93308
832D95FB36
832D52C3A9
832D0F8C61
832CCC555E
832C891E9F
832C45E825
832C02B1F1
832BBF7C01
832B7C4656
832B3910F0
832AF5DBCE
832AB2A6F2
832A6F725A
832A2C3E08
8329E909FA
8329A5D631
832962A2AD
83291F6F6E
8328DC3C73
83289909BE
832855D74D
832812A521
8327CF733B
83278C4198
832749103B
832705DF23
8326C2AE4F
83267F7DC1
83263C4D77
8325F91D72
8325B5EDB2
832572BE36
83252F8F00
8324EC600E
8324A93161
83246602F9
832422D4D6
8323DFA6F8
83239C795E
8323594C0A
8323161EFA
8322D2F22F
83228FC5A9
83224C9967
8322096D6B
8321C641B3
8321831640
83213FEB12
8320FCC028
8320B99584
8320766B24
8320334109
831FF01733
831FACEDA2
831F69C455
831F269B4E
831EE3728B
831EA04A0D
831E5D21D3
831E19F9DF
831DD6D22F
831D93AAC4
831D50839E
831D0D5CBD
831CCA3620
831C870FC8
831C43E9B5
831C00C3E7
831BBD9E5D
831B7A7919
831B375419
831AF42F5E
831AB10AE7
831A6DE6B6
831A2AC2C9
8319E79F21
8319A47BBE
831961589F
83191E35C5
8318DB1330
831897F0E0
831854CED5
831811AD0E
8317CE8B8C
83178B6A4F
8317484956
83170528A2
8316C20834
83167EE809
83163BC824
8315F8A883
8315B58927
8315726A10
83152F4B3D
8314EC2CAF
8314A90E66
831465F062
831422D2A3
8313DFB528
83139C97F2
8313597B00
8313165E53
8312D341EB
83129025C8
83124D09EA
831209EE50
8311C6D2FB
831183B7EB
8311409D1F
8310FD8298
8310BA6856
8310774E58
831034349F
830FF11B2B
830FAE01FC
830F6AE911
830F27D06B
830EE4B80A
830EA19FED
830E5E8815
830E1B7082
830DD85934
830D95422A
830D522B65
830D0F14E4
830CCBFEA9
830C88E8B1
830C45D2FF
830C02BD91
830BBFA868
830B7C9384
830B397EE4
830AF66A89
830AB35673
830A7042A1
830A2D2F14
8309EA1BCC
8309A708C8
830963F609
830920E38F
8308DDD159
83089ABF68
830857ADBC
8308149C54
8307D18B31
83078E7A53
83074B69B9
8307085964
8306C54954
8306823988
83063F2A01
8305FC1ABE
8305B90BC1
830575FD07
830532EE93
8304EFE063
8304ACD278
830469C4D1
830426B76F
8303E3AA52
8303A09D79
83035D90E5
83031A8495
8302D7788A
8302946CC4
8302516143
83020E5606
8301CB4B0D
8301884059
83014535EA
8301022BC0
8300BF21DA
83007C1839
8300390EDC
82FFF605C4
82FFB2FCF0
82FF6FF461
82FF2CEC17
82FEE9E411
82FEA6DC50
82FE63D4D4
82FE20CD9C
82FDDDC6A9
82FD9ABFFA
82FD57B990
82FD14B36A
82FCD1AD8A
82FC8EA7ED
82FC4BA295
82FC089D82
82FBC598B4
82FB82942A
82FB3F8FE4
82FAFC8BE3
82FAB98827
82FA7684AF
82FA33817C
82F9F07E8E
82F9AD7BE4
82F96A797E
82F927775D
82F8E47581
82F8A173E9
82F85E7296
82F81B7188
82F7D870BE
82F7957038
82F7526FF7
82F70F6FFB
82F6CC7043
82F68970D0
82F64671A1
82F60372B7
82F5C07411
82F57D75B0
82F53A7793
82F4F779BB
82F4B47C28
82F4717ED9
82F42E81CF
82F3EB8509
82F3A88887
82F3658C4B
82F3229052
82F2DF949E
82F29C992F
82F2599E05
82F216A31E
82F1D3A87D
82F190AE20
82F14DB407
82F10ABA33
82F0C7C0A3
82F084C758
82F041CE52
82EFFED58F
82EFBBDD12
82EF78E4D9
82EF35ECE4
82EEF2F534
82EEAFFDC9
82EE6D06A2
82EE2A0FBF
82EDE71921
82EDA422C8
82ED612CB3
82ED1E36E2
82ECDB4156
82EC984C0E
82EC55570B
82EC12624D
82EBCF6DD3
82EB8C799D
82EB4985AC
82EB0691FF
82EAC39E97
82EA80AB73
82EA3DB894
82E9FAC5F9
82E9B7D3A3
82E974E191
82E931EFC4
82E8EEFE3B
82E8AC0CF6
82E8691BF6
82E8262B3B
82E7E33AC4
82E7A04A91
82E75D5AA3
82E71A6AF9
82E6D77B94
82E6948C73
82E6519D97
82E60EAEFF
82E5CBC0AC
82E588D29D
82E545E4D2
82E502F74C
82E4C00A0A
82E47D1D0D
82E43A3054
82E3F743E0
82E3B457B0
82E3716BC5
82E32E801D
82E2EB94BB
82E2A8A99D
82E265BEC3
82E222D42E
82E1DFE9DD
82E19CFFD0
82E15A1608
82E1172C84
82E0D44345
82E0915A4A
82E04E7194
82E00B8922
82DFC8A0F4
82DF85B90B
82DF42D166
82DEFFEA06
82DEBD02EA
82DE7A1C12
82DE37357F
82DDF44F31
82DDB16926
82DD6E8360
82DD2B9DDF
82DCE8B8A1
82DCA5D3A9
82DC62EEF4
82DC200A84
82DBDD2659
82DB9A4271
82DB575ECF
82DB147B70
82DAD19856
82DA8EB580
82DA4BD2EF
82DA08F0A2
82D9C60E99
82D9832CD5
82D9404B55
82D8FD6A1A
82D8BA8923
82D877A870
82D834C802
82D7F1E7D8
82D7AF07F2
82D76C2851
82D72948F4
82D6E669DB
82D6A38B07
82D660AC77
82D61DCE2B
82D5DAF024
82D5981261
82D55534E3
82D51257A9
82D4CF7AB3
82D48C9E01
82D449C194
82D406E56C
82D3C40987
82D3812DE7
82D33E528B
82D2FB7774
82D2B89CA1
82D275C212
82D232E7C7
82D1F00DC1
82D1AD3400
82D16A5A82
82D1278149
82D0E4A854
82D0A1CFA3
82D05EF737
82D01C1F0F
82CFD9472C
82CF966F8D
82CF539832
82CF10C11B
82CECDEA49
82CE8B13BB
82CE483D71
82CE05676B
82CDC291AA
82CD7FBC2D
82CD3CE6F5
82CCFA1201
82CCB73D51
82CC7468E5
82CC3194BE
82CBEEC0DB
82CBABED3C
82CB6919E1
82CB2646CB
82CAE373F9
82CAA0A16B
82CA5DCF22
82CA1AFD1D
82C9D82B5C
82C99559DF
82C95288A7
82C90FB7B3
82C8CCE703
82C88A1698
82C8474671
82C804768E
82C7C1A6EF
82C77ED795
82C73C087F
82C6F939AD
82C6B66B1F
82C6739CD6
82C630CED1
82C5EE0110
82C5AB3393
82C568665B
82C5259967
82C4E2CCB7
82C4A0004B
82C45D3424
82C41A6840
82C3D79CA1
82C394D147
82C3520630
82C30F3B5E
82C2CC70D0
82C289A686
82C246DC81
82C20412C0
82C1C14943
82C17E800A
82C13BB715
82C0F8EE65
82C0B625F9
82C0735DD1
82C03095ED
82BFEDCE4D
82BFAB06F2
82BF683FDB
82BF257908
82BEE2B279
82BE9FEC2F
82BE5D2629
82BE1A6067
82BDD79AE9
82BD94D5AF
82BD5210BA
82BD0F4C08
82BCCC879B
82BC89C372
82BC46FF8E
82BC043BED
82BBC17891
82BB7EB579
82BB3BF2A5
82BAF93015
82BAB66DCA
82BA73ABC2
82BA30E9FF
82B9EE2880
82B9AB6745
82B968A64F
82B925E59C
82B8E3252E
82B8A06504
82B85DA51E
82B81AE57C
82B7D8261E
82B7956705
82B752A82F
82B70FE99E
82B6CD2B51
82B68A6D49
82B647AF84
82B604F203
82B5C234C7
82B57F77CF
82B53CBB1B
82B4F9FEAB
82B4B7427F
82B4748697
82B431CAF4
82B3EF0F95
82B3AC5479
82B36999A2
82B326DF0F
82B2E424C1
82B2A16AB6
82B25EB0EF
82B21BF76D
82B1D93E2F
82B1968535
82B153CC7F
82B111140D
82B0CE5BDF
82B08BA3F5
82B048EC50
82B00634EF
82AFC37DD1
82AF80C6F8
82AF3E1063
82AEFB5A12
82AEB8A405
82AE75EE3D
82AE3338B8
82ADF08377
82ADADCE7B
82AD6B19C3
82AD28654F
82ACE5B11E
82ACA2FD32
82AC60498A
82AC1D9627
82ABDAE307
82AB98302B
82AB557D94
82AB12CB40
82AAD01931
82AA8D6766
82AA4AB5DE
82AA08049B
82A9C5539C
82A982A2E1
82A93FF26B
82A8FD4238
82A8BA9249
82A877E29E
82A8353338
82A7F28415
82A7AFD537
82A76D269C
82A72A7846
82A6E7CA34
82A6A51C66
82A6626EDB
82A61FC195
82A5DD1493
82A59A67D5
82A557BB5B
82A5150F26
82A4D26334
82A48FB786
82A44D0C1C
82A40A60F7
82A3C7B615
82A3850B77
82A342611E
82A2FFB708
82A2BD0D37
82A27A63A9
82A237BA60
82A1F5115B
82A1B26899
82A16FC01C
82A12D17E3
82A0EA6FED
82A0A7C83C
82A06520CF
82A02279A6
829FDFD2C1
829F9D2C1F
829F5A85C2
829F17DFA9
829ED539D4
829E929443
829E4FEEF6
829E0D49ED
829DCAA528
829D8800A7
829D455C6A
829D02B871
829CC014BB
829C7D714A
829C3ACE1D
829BF82B34
829BB5888F
829B72E62E
829B304411
829AEDA238
829AAB00A3
829A685F52
829A25BE45
8299E31D7B
8299A07CF6
82995DDCB5
82991B3CB8
8298D89CFF
829895FD89
8298535E58
829810BF6B
8297CE20C1
82978B825C
829748E43A
829706465D
8296C3A8C4
8296810B6E
82963E6E5C
8295FBD18F
8295B93505
82957698C0
829533FCBE
8294F16100
8294AEC586
82946C2A50
8294298F5E
8293E6F4B0
8293A45A46
829361C020
82931F263E
8292DC8CA0
829299F346
8292575A2F
829214C15D
8291D228CE
82918F9084
82914CF87D
82910A60BB
8290C7C93C
8290853201
8290429B0A
8290000457
828FBD6DE8
828F7AD7BD
828F3841D6
828EF5AC32
828EB316D3
828E7081B8
828E2DECE0
828DEB584C
828DA8C3FD
828D662FF1
828D239C29
828CE108A5
828C9E7565
828C5BE268
828C194FB0
828BD6BD3C
828B942B0B
828B51991E
828B0F0776
828ACC7611
828A89E4F0
828A475413
828A04C37A
8289C23324
82897FA313
82893D1345
8288FA83BC
8288B7F476
8288756574
828832D6B6
8287F0483C
8287ADBA06
82876B2C13
8287289E65
8286E610FA
8286A383D3
828660F6F0
82861E6A51
8285DBDDF6
82859951DE
828556C60B
8285143A7B
8284D1AF30
82848F2428
82844C9963
82840A0EE3
8283C784A7
828384FAAE
82834270FA
8282FFE789
8282BD5E5C
82827AD573
8282384CCD
8281F5C46C
8281B33C4E
828170B474
82812E2CDE
8280EBA58C
8280A91E7E
82806697B3
828024112C
827FE18AEA
827F9F04EB
827F5C7F2F
827F19F9B8
827ED77484
827E94EF95
827E526AE9
827E0FE681
827DCD625C
827D8ADE7C
827D485ADF
827D05D786
827CC35471
827C80D1A0
827C3E4F12
827BFBCCC9
827BB94AC3
827B76C901
827B344782
827AF1C648
827AAF4551
827A6CC49E
827A2A442F
8279E7C404
8279A5441C
827962C479
8279204519
8278DDC5FC
82789B4724
827858C88F
8278164A3E
8277D3CC31
8277914E68
82774ED0E2
82770C53A1
8276C9D6A3
82768759E9
827644DD72
827602613F
8275BFE550
82757D69A5
82753AEE3E
8274F8731A
8274B5F83A
8274737D9E
8274310346
8273EE8931
8273AC0F60
82736995D3
8273271C8A
8272E4A384
8272A22AC2
82725FB244
82721D3A0A
8271DAC213
8271984A60
827155D2F1
8271135BC5
8270D0E4DD
82708E6E39
82704BF7D9
82700981BD
826FC70BE4
826F84964F
826F4220FD
826EFFABF0
826EBD3726
826E7AC2A0
826E384E5D
826DF5DA5E
826DB366A3
826D70F32C
826D2E7FF8
826CEC0D08
826CA99A5C
826C6727F4
826C24B5CF
826BE243EE
826B9FD250
826B5D60F6
826B1AEFE0
826AD87F0E
826A960E7F
826A539E35
826A112E2D
8269CEBE6A
82698C4EEA
826949DFAE
82690770B5
8268C50200
826882938F
8268402562
8267FDB778
8267BB49D2
826778DC70
8267366F51
8266F40276
8266B195DE
82666F298B
82662CBD7B
8265EA51AE
8265A7E626
8265657AE0
8265230FDF
8264E0A521
82649E3AA7
82645BD071
826419667E
8263D6FCCF
8263949364
8263522A3C
82630FC158
8262CD58B7
82628AF05A
8262488841
826206206B
8261C3B8D9
826181518B
82613EEA80
8260FC83B9
8260BA1D36
826077B6F6
82603550FA
825FF2EB42
825FB085CD
825F6E209C
825F2BBBAE
825EE95704
825EA6F29E
825E648E7B
825E222A9C
825DDFC700
825D9D63A8
825D5B0094
825D189DC3
825CD63B36
825C93D8ED
825C5176E7
825C0F1525
825BCCB3A6
825B8A526B
825B47F174
825B0590C0
825AC33050
825A80D023
825A3E703A
8259FC1095
8259B9B133
8259775215
825934F33A
8258F294A3
8258B0364F
82586DD840
82582B7A73
8257E91CEB
8257A6BFA5
82576462A4
82572205E6
8256DFA96B
82569D4D35
82565AF141
8256189592
8255D63A25
825593DEFD
8255518418
82550F2976
8254CCCF18
82548A74FE
8254481B27
825405C194
8253C36845
8253810F38
82533EB670
8252FC5DEB
8252BA05AA
825277ADAC
82523555F1
8251F2FE7A
8251B0A747
82516E5058
82512BF9AB
8250E9A343
8250A74D1E
825064F73C
825022A19E
824FE04C44
824F9DF72D
824F5BA259
824F194DC9
824ED6F97D
824E94A574
824E5251AF
824E0FFE2D
824DCDAAEF
824D8B57F4
824D49053D
824D06B2C9
824CC46099
824C820EAC
824C3FBD03
824BFD6B9D
824BBB1A7B
824B78C99C
824B367901
824AF428A9
824AB1D895
824A6F88C4
824A2D3937
8249EAE9EE
8249A89AE7
8249664C25
824923FDA6
8248E1AF6A
82489F6172
82485D13BD
82481AC64C
8247D8791E
8247962C34
824753DF8D
824711932A
8246CF470A
82468CFB2D
82464AAF94
824608643F
8245C6192D
824583CE5F
82454183D4
8244FF398C
8244BCEF88
82447AA5C7
8244385C4A
8243F61311
8243B3CA1A
8243718168
82432F38F8
8242ECF0CC
8242AAA8E4
824268613F
82422619DD
8241E3D2BF
8241A18BE5
82415F454E
82411CFEFA
8240DAB8EA
824098731D
8240562D93
824013E84D
823FD1A34B
823F8F5E8C
823F4D1A10
823F0AD5D8
823EC891E3
823E864E32
823E440AC4
823E01C799
823DBF84B2
823D7D420E
823D3AFFAE
823CF8BD91
823CB67BB8
823C743A22
823C31F8CF
823BEFB7C0
823BAD76F4
823B6B366C
823B28F627
823AE6B625
823AA47667
823A6236EC
823A1FF7B5
8239DDB8C1
82399B7A10
8239593BA3
823916FD79
8238D4BF93
82389281F0
8238504490
82380E0774
8237CBCA9B
8237898E06
82374751B4
82370515A5
8236C2D9DA
8236809E52
82363E630D
8235FC280C
8235B9ED4E
823577B2D4
823535789D
8234F33EA9
8234B104F9
82346ECB8C
82342C9262
8233EA597C
8233A820D9
823365E87A
823323B05E
8232E17885
82329F40EF
82325D099D
82321AD28F
8231D89BC3
823196653B
8231542EF7
823111F8F5
8230CFC337
82308D8DBD
82304B5885
8230092391
822FC6EEE1
822F84BA73
822F428649
822F005263
822EBE1EC0
822E7BEB60
822E39B843
822DF7856A
822DB552D4
822D732081
822D30EE72
822CEEBCA6
822CAC8B1D
822C6A59D8
822C2828D6
822BE5F817
822BA3C79B
822B619763
822B1F676E
822ADD37BD
822A9B084F
822A58D924
822A16AA3C
8229D47B98
8229924D37
8229501F19
82290DF13F
8228CBC3A8
8228899654
8228476943
8228053C76
8227C30FEC
822780E3A6
82273EB7A2
8226FC8BE2
8226BA6065
822678352C
8226360A36
8225F3DF83
8225B1B513
82256F8AE7
82252D60FE
8224EB3758
8224A90DF5
822466E4D6
822424BBFA
8223E29361
8223A06B0C
82235E42F9
82231C1B2A
8222D9F39F
822297CC56
822255A551
8222137E8F
8221D15810
82218F31D5
82214D0BDD
82210AE628
8220C8C0B6
8220869B87
822044769C
82200251F4
821FC02D8F
821F7E096E
821F3BE590
821EF9C1F5
821EB79E9D
821E757B88
821E3358B7
821DF13629
821DAF13DE
821D6CF1D6
821D2AD012
821CE8AE91
821CA68D53
821C646C58
821C224BA1
821BE02B2C
821B9E0AFB
821B5BEB0D
821B19CB63
821AD7ABFB
821A958CD7
821A536DF6
821A114F58
8219CF30FD
82198D12E6
82194AF512
821908D781
8218C6BA33
8218849D28
8218428061
82180063DC
8217BE479B
82177C2B9E
82173A0FE3
8216F7F46B
8216B5D937
821673BE46
821631A398
8215EF892D
8215AD6F06
82156B5521
8215293B80
8214E72222
8214A50907
821462F030
821420D79B
8213DEBF4A
82139CA73C
82135A8F70
82131877E9
8212D660A4
82129449A2
82125232E4
8212101C69
8211CE0631
82118BF03C
821149DA8A
821107C51B
8210C5AFF0
8210839B08
8210418663
820FFF7201
820FBD5DE2
820F7B4A06
820F39366D
820EF72318
820EB51006
820E72FD36
820E30EAAA
820DEED862
820DACC65C
820D6AB499
820D28A31A
820CE691DD
820CA480E4
820C62702E
820C205FBB
820BDE4F8B
820B9C3F9E
820B5A2FF5
820B18208E
820AD6116B
820A94028A
820A51F3ED
820A0FE593
8209CDD77C
82098BC9A8
820949BC17
820907AECA
8208C5A1BF
82088394F8
8208418873
8207FF7C32
8207BD7034
82077B6479
8207395901
8206F74DCC
8206B542DA
820673382B
8206312DC0
8205EF2397
8205AD19B2
82056B100F
82052906B0
8204E6FD94
8204A4F4BA
820462EC24
820420E3D1
8203DEDBC1
82039CD3F5
82035ACC6B
820318C524
8202D6BE20
820294B760
820252B0E2
820210AAA8
8201CEA4B0
82018C9EFC
82014A998B
820108945C
8200C68F71
8200848AC9
8200428664
8200008242
81FFBE7E63
81FF7C7AC7
81FF3A776E
81FEF87458
81FEB67185
81FE746EF6
81FE326CA9
81FDF06A9F
81FDAE68D9
81FD6C6755
81FD2A6614
81FCE86517
81FCA6645C
81FC6463E5
81FC2263B0
81FBE063BF
81FB9E6410
81FB5C64A5
81FB1A657C
81FAD86697
81FA9667F5
81FA546995
81FA126B79
81F9D06DA0
81F98E7009
81F94C72B6
81F90A75A6
81F8C878D8
81F8867C4E
81F8448007
81F8028402
81F7C08841
81F77E8CC3
81F73C9187
81F6FA968F
81F6B89BDA
81F676A168
81F634A738
81F5F2AD4C
81F5B0B3A2
81F56EBA3C
81F52CC119
81F4EAC838
81F4A8CF9B
81F466D740
81F424DF29
81F3E2E754
81F3A0EFC3
81F35EF874
81F31D0169
81F2DB0AA0
81F299141A
81F2571DD8
81F21527D8
81F1D3321B
81F1913CA1
81F14F476B
81F10D5277
81F0CB5DC6
81F0896958
81F047752D
81F0058145
81EFC38DA0
81EF819A3D
81EF3FA71E
81EEFDB442
81EEBBC1A9
81EE79CF52
81EE37DD3F
81EDF5EB6E
81EDB3F9E1
81ED720896
81ED30178E
81ECEE26CA
81ECAC3648
81EC6A4609
81EC28560D
81EBE66654
81EBA476DE
81EB6287AB
81EB2098BA
81EADEAA0D
81EA9CBBA3
81EA5ACD7B
81EA18DF96
81E9D6F1F5
81E9950496
81E953177A
81E9112AA1
81E8CF3E0B
81E88D51B8
81E84B65A8
81E80979DA
81E7C78E50
81E785A309
81E743B804
81E701CD42
81E6BFE2C3
81E67DF887
81E63C0E8E
81E5FA24D8
81E5B83B65
81E5765235
81E5346947
81E4F2809D
81E4B09835
81E46EB010
81E42CC82E
81E3EAE08F
81E3A8F933
81E367121A
81E3252B43
81E2E344B0
81E2A15E5F
81E25F7851
81E21D9286
81E1DBACFE
81E199C7B9
81E157E2B6
81E115FDF7
81E0D4197A
81E0923540
81E050514A
81E00E6D95
81DFCC8A24
81DF8AA6F6
81DF48C40A
81DF06E162
81DEC4FEFC
81DE831CD9
81DE413AF9
81DDFF595C
81DDBD7801
81DD7B96EA
81DD39B615
81DCF7D583
81DCB5F534
81DC741528
81DC32355E
81DBF055D8
81DBAE7694
81DB6C9793
81DB2AB8D5
81DAE8DA59
81DAA6FC21
81DA651E2B
81DA234079
81D9E16309
81D99F85DB
81D95DA8F1
81D91BCC4A
81D8D9EFE5
81D89813C3
81D85637E4
81D8145C47
81D7D280EE
81D790A5D7
81D74ECB03
81D70CF072
81D6CB1624
81D6893C18
81D6476250
81D60588CA
81D5C3AF87
81D581D686
81D53FFDC9
81D4FE254E
81D4BC4D16
81D47A7521
81D4389D6F
81D3F6C5FF
81D3B4EED2
81D37317E8
81D3314141
81D2EF6ADD
81D2AD94BB
81D26BBEDC
81D229E940
81D1E813E6
81D1A63ED0
81D16469FC
81D122956B
81D0E0C11C
81D09EED11
81D05D1948
81D01B45C2
81CFD9727F
81CF979F7E
81CF55CCC0
81CF13FA45
81CED2280D
81CE905618
81CE4E8465
81CE0CB2F5
81CDCAE1C8
81CD8910DD
81CD474035
81CD056FD0
81CCC39FAE
81CC81CFCE
81CC400032
81CBFE30D7
81CBBC61C0
81CB7A92EB
81CB38C45A
81CAF6F60A
81CAB527FE
81CA735A34
81CA318CAD
81C9EFBF69
81C9ADF267
81C96C25A9
81C92A592D
81C8E88CF3
81C8A6C0FC
81C864F548
81C82329D7
81C7E15EA9
81C79F93BD
81C75DC914
81C71BFEAD
81C6DA348A
81C6986AA9
81C656A10A
81C614D7AF
81C5D30E96
81C59145BF
81C54F7D2C
81C50DB4DB
81C4CBECCD
81C48A2501
81C4485D79
81C4069633
81C3C4CF2F
81C383086E
81C34141F0
81C2FF7BB5
81C2BDB5BC
81C27BF006
81C23A2A93
81C1F86562
81C1B6A074
81C174DBC9
81C1331761
81C0F1533B
81C0AF8F57
81C06DCBB7
81C02C0859
81BFEA453D
81BFA88265
81BF66BFCF
81BF24FD7B
81BEE33B6B
81BEA1799D
81BE5FB811
81BE1DF6C9
81BDDC35C3
81BD9A74FF
81BD58B47E
81BD16F440
81BCD53445
81BC93748C
81BC51B516
81BC0FF5E2
81BBCE36F1
81BB8C7843
81BB4AB9D7
81BB08FBAE
81BAC73DC8
81BA858024
81BA43C2C3
81BA0205A5
81B9C048C9
81B97E8C2F
81B93CCFD9
81B8FB13C5
81B8B957F3
81B8779C65
81B835E118
81B7F4260F
81B7B26B48
81B770B0C4
81B72EF682
81B6ED3C83
81B6AB82C6
81B669C94C
81B6281015
81B5E65720
81B5A49E6E
81B562E5FF
81B5212DD2
81B4DF75E8
81B49DBE40
81B45C06DB
81B41A4FB8
81B3D898D8
81B396E23B
81B3552BE0
81B31375C8
81B2D1BFF3
81B2900A60
81B24E550F
81B20CA001
81B1CAEB36
81B18936AD
81B1478267
81B105CE64
81B0C41AA3
81B0826724
81B040B3E8
81AFFF00EF
81AFBD4E38
81AF7B9BC4
81AF39E993
81AEF837A4
81AEB685F7
81AE74D48D
81AE332366
81ADF17281
81ADAFC1DF
81AD6E117F
81AD2C6162
81ACEAB188
81ACA901EF
81AC67529A
81AC25A387
81ABE3F4B7
81ABA24629
81AB6097DD
81AB1EE9D5
81AADD3C0E
81AA9B8E8B
81AA59E149
81AA18344B
81A9D6878F
81A994DB15
81A9532EDE
81A91182E9
81A8CFD737
81A88E2BC8
81A84C809B
81A80AD5B0
81A7C92B08
81A78780A3
81A745D680
81A7042C9F
81A6C28302
81A680D9A6
81A63F308D
81A5FD87B7
81A5BBDF23
81A57A36D2
81A5388EC3
81A4F6E6F6
81A4B53F6C
81A4739825
81A431F120
81A3F04A5E
81A3AEA3DE
81A36CFDA0
81A32B57A5
81A2E9B1ED
81A2A80C77
81A2666744
81A224C253
81A1E31DA4
81A1A17938
81A15FD50F
81A11E3127
81A0DC8D83
81A09AEA21
81A0594701
81A017A424
819FD60189
819F945F31
819F52BD1B
819F111B48
819ECF79B7
819E8DD869
819E4C375D
819E0A9693
819DC8F60C
819D8755C8
819D45B5C6
819D041606
819CC27689
819C80D74E
819C3F3856
819BFD99A0
819BBBFB2C
819B7A5CFC
819B38BF0D
819AF72161
819AB583F7
819A73E6D0
819A3249EB
8199F0AD49
8199AF10E9
81996D74CC
81992BD8F0
8198EA3D58
8198A8A202
81986706EE
8198256C1D
8197E3D18E
8197A23741
8197609D37
81971F036F
8196DD69EA
81969BD0A7
81965A37A7
8196189EE9
8195D7066D
8195956E34
819553D63D
8195123E89
8194D0A717
81948F0FE7
81944D78FA
81940BE24F
8193CA4BE7
819388B5C1
8193471FDD
8193058A3C
8192C3F4DD
8192825FC1
819240CAE7
8191FF364F
8191BDA1FA
81917C0DE7
81913A7A16
8190F8E688
8190B7533C
819075C033
8190342D6C
818FF29AE7
818FB108A5
818F6F76A5
818F2DE4E8
818EEC536D
818EAAC234
818E69313D
818E27A089
818DE61018
818DA47FE8
818D62EFFB
818D216051
818CDFD0E9
818C9E41C3
818C5CB2DF
818C1B243E
818BD995DF
818B9807C2
818B5679E8
818B14EC50
818AD35EFB
818A91D1E8
818A504517
818A0EB889
8189CD2C3C
81898BA033
81894A146B
81890888E6
8188C6FDA3
81888572A3
818843E7E5
8188025D69
8187C0D32F
81877F4938
81873DBF83
8186FC3611
8186BAACE1
81867923F3
8186379B47
8185F612DE
8185B48AB7
81857302D2
8185317B30
8184EFF3D0
8184AE6CB2
81846CE5D7
81842B5F3E
8183E9D8E7
8183A852D3
818366CD00
8183254771
8182E3C223
8182A23D18
818260B84F
81821F33C8
8181DDAF83
81819C2B81
81815AA7C1
8181192444
8180D7A109
8180961E10
8180549B59
81801318E4
817FD196B2
817F9014C2
817F4E9315
817F0D11A9
817ECB9080
817E8A0F99
817E488EF5
817E070E92
817DC58E72
817D840E95
817D428EF9
817D010FA0
817CBF9089
817C7E11B4
817C3C9322
817BFB14D2
817BB996C4
817B7818F8
817B369B6E
817AF51E27
817AB3A122
817A722460
817A30A7DF
8179EF2BA1
8179ADAFA5
81796C33EB
81792AB874
8178E93D3E
8178A7C24B
817866479A
817824CD2C
8177E352FF
8177A1D915
8177605F6D
81771EE608
8176DD6CE4
81769BF403
81765A7B64
8176190307
8175D78AED
8175961314
8175549B7E
817513242A
8174D1AD18
8174903649
81744EBFBC
81740D4971
8173CBD368
81738A5DA1
817348E81C
81730772DA
8172C5FDDA
817284891C
81724314A0
817201A067
8171C02C70
81717EB8BB
81713D4548
8170FBD217
8170BA5F28
817078EC7C
8170377A12
816FF607EA
816FB49604
816F732460
816F31B2FF
816EF041DF
816EAED102
816E6D6067
816E2BF00F
816DEA7FF8
816DA91024
816D67A091
816D263141
816CE4C233
816CA35367
816C61E4DE
816C207696
816BDF0891
816B9D9ACE
816B5C2D4D
816B1AC00E
816AD95311
816A97E657
816A5679DE
816A150DA8
8169D3A1B4
8169923602
816950CA92
81690F5F65
8168CDF479
81688C89D0
81684B1F68
816809B543
8167C84B60
816786E1BF
8167457861
8167040F44
8166C2A66A
8166813DD1
81663FD57B
8165FE6D67
8165BD0595
81657B9E05
81653A36B7
8164F8CFAC
8164B768E2
816476025B
8164349C15
8163F33612
8163B1D051
8163706AD2
81632F0595
8162EDA09B
8162AC3BE2
81626AD76B
8162297337
8161E80F44
8161A6AB94
8161654826
816123E4FA
8160E28210
8160A11F68
81605FBD02
81601E5ADF
815FDCF8FD
815F9B975D
815F5A3600
815F18D4E4
815ED7740B
815E961374
815E54B31F
815E13530C
815DD1F33B
815D9093AC
815D4F345F
815D0DD554
815CCC768B
815C8B1805
815C49B9C0
815C085BBE
815BC6FDFD
815B85A07F
815B444342
815B02E648
815AC18990
815A802D19
815A3ED0E5
8159FD74F3
8159BC1943
81597ABDD5
81593962A9
8158F807BF
8158B6AD17
81587552B2
815833F88E
8157F29EAC
8157B1450C
81576FEBAF
81572E9293
8156ED39B9
8156ABE122
81566A88CC
81562930B9
8155E7D8E7
8155A68158
8155652A0A
815523D2FF
8154E27C36
8154A125AE
81545FCF69
81541E7965
8153DD23A4
81539BCE25
81535A78E7
81531923EC
8152D7CF33
8152967ABB
8152552686
815213D293
8151D27EE2
8151912B72
81514FD845
81510E855A
8150CD32B0
81508BE049
81504A8E24
8150093C40
814FC7EA9F
814F869940
814F454822
814F03F747
814EC2A6AE
814E815656
814E400641
814DFEB66D
814DBD66DC
814D7C178C
814D3AC87F
814CF979B3
814CB82B2A
814C76DCE2
814C358EDC
814BF44119
814BB2F397
814B71A657
814B30595A
814AEF0C9E
814AADC024
814A6C73EC
814A2B27F6
8149E9DC42
8149A890D0
81496745A0
814925FAB2
8148E4B005
8148A3659B
8148621B73
814820D18C
8147DF87E8
81479E3E86
81475CF565
81471BAC86
8146DA63EA
8146991B8F
814657D376
8146168B9F
8145D5440A
814593FCB7
814552B5A6
8145116ED7
8144D0284A
81448EE1FF
81444D9BF5
81440C562E
8143CB10A8
814389CB64
8143488663
81430741A3
8142C5FD25
814284B8E9
81424374EF
8142023137
8141C0EDC0
81417FAA8C
81413E679A
8140FD24E9
8140BBE27A
81407AA04E
8140395E63
813FF81CBA
813FB6DB53
813F759A2D
813F34594A
813EF318A9
813EB1D849
813E70982C
813E2F5850
813DEE18B6
813DACD95E
813D6B9A48
813D2A5B74
813CE91CE1
813CA7DE91
813C66A082
813C2562B5
813BE4252A
813BA2E7E1
813B61AADA
813B206E15
813ADF3192
813A9DF550
813A5CB950
813A1B7D93
8139DA4217
81399906DD
813957CBE4
813916912E
8138D556B9
8138941C87
813852E296
813811A8E7
8137D06F7A
81378F364E
81374DFD65
81370CC4BD
8136CB8C57
81368A5433
8136491C51
813607E4B1
8135C6AD53
8135857636
8135443F5B
81350308C2
8134C1D26B
8134809C56
81343F6682
8133FE30F1
8133BCFBA1
81337BC693
81333A91C7
8132F95D3C
8132B828F4
813276F4ED
813235C128
8131F48DA5
8131B35A64
8131722764
813130F4A7
8130EFC22B
8130AE8FF1
81306D5DF8
81302C2C42
812FEAFACD
812FA9C99A
812F6898A9
812F2767FA
812EE6378C
812EA50761
812E63D777
812E22A7CF
812DE17868
812DA04944
812D5F1A61
812D1DEBC0
812CDCBD61
812C9B8F43
812C5A6168
812C1933CE
812BD80676
812B96D95F
812B55AC8B
812B147FF8
812AD353A7
812A922798
812A50FBCA
812A0FD03E
8129CEA4F4
81298D79EC
81294C4F26
81290B24A1
8128C9FA5E
812888D05D
812847A69E
8128067D20
8127C553E4
8127842AEA
8127430231
812701D9BB
8126C0B186
81267F8993
81263E61E1
8125FD3A71
8125BC1343
81257AEC57
812539C5AD
8124F89F44
8124B7791D
8124765338
8124352D94
8123F40832
8123B2E312
812371BE34
8123309997
8122EF753C
8122AE5123
81226D2D4B
81222C09B5
8121EAE661
8121A9C34F
812168A07E
8121277DEF
8120E65BA2
8120A53997
81206417CD
812022F645
811FE1D4FE
811FA0B3F9
811F5F9336
811F1E72B5
811EDD5276
811E9C3278
811E5B12BB
811E19F341
811DD8D408
811D97B511
811D56965B
811D1577E8
811CD459B5
811C933BC5
811C521E16
811C1100A9
811BCFE37E
811B8EC694
811B4DA9EC
811B0C8D86
811ACB7161
811A8A557E
811A4939DD
811A081E7D
8119C7035F
811985E883
811944CDE8
811903B38F
8118C29978
8118817FA2
811840660E
8117FF4CBC
8117BE33AB
81177D1ADC
81173C024F
8116FAEA03
8116B9D1F9
811678BA30
811637A2A9
8115F68B64
8115B57461
8115745D9F
811533471F
8114F230E0
8114B11AE3
8114700528
81142EEFAE
8113EDDA76
8113ACC57F
81136BB0CB
81132A9C57
8112E98826
8112A87436
8112676088
8112264D1B
8111E539F0
8111A42706
811163145E
81112201F8
8110E0EFD4
81109FDDF1
81105ECC4F
81101DBAEF
810FDCA9D1
810F9B98F5
810F5A885A
810F197800
810ED867E9
810E975812
810E56487E
810E15392B
810DD42A1A
810D931B4A
810D520CBC
810D10FE6F
810CCFF064
810C8EE29B
810C4DD513
810C0CC7CD
810BCBBAC8
810B8AAE05
810B49A183
810B089543
810AC78945
810A867D88
810A45720D
810A0466D3
8109C35BDB
8109825125
81094146B0
8109003C7D
8108BF328B
81087E28DB
81083D1F6C
8107FC163F
8107BB0D54
81077A04AA
810738FC41
8106F7F41A
8106B6EC35
810675E491
810634DD2F
8105F3D60E
8105B2CF2F
810571C892
810530C236
8104EFBC1B
8104AEB642
81046DB0AB
81042CAB55
8103EBA641
8103AAA16E
8103699CDD
810328988D
8102E7947F
8102A690B2
8102658D27
81022489DD
8101E386D5
8101A2840F
810161818A
8101207F46
8100DF7D44
81009E7B84
81005D7A05
81001C78C7
80FFDB77CB
80FF9A7711
80FF597698
80FF187661
80FED7766B
80FE9676B6
80FE557743
80FE147812
80FDD37922
80FD927A74
80FD517C07
80FD107DDB
80FCCF7FF2
80FC8E8249
80FC4D84E2
80FC0C87BD
80FBCB8AD9
80FB8A8E36
80FB4991D5
80FB0895B6
80FAC799D8
80FA869E3B
80FA45A2E0
80FA04A7C7
80F9C3ACEF
80F982B258
80F941B803
80F900BDEF
80F8BFC41D
80F87ECA8C
80F83DD13D
80F7FCD82F
80F7BBDF63
80F77AE6D8
80F739EE8F
80F6F8F687
80F6B7FEC0
80F677073B
80F6360FF7
80F5F518F5
80F5B42235
80F5732BB5
80F5323578
80F4F13F7B
80F4B049C0
80F46F5447
80F42E5F0F
80F3ED6A18
80F3AC7563
80F36B80F0
80F32A8CBD
80F2E998CD
80F2A8A51D
80F267B1AF
80F226BE83
80F1E5CB98
80F1A4D8EE
80F163E686
80F122F45F
80F0E2027A
80F0A110D6
80F0601F73
80F01F2E52
80EFDE3D72
80EF9D4CD4
80EF5C5C77
80EF1B6C5C
80EEDA7C82
80EE998CE9
80EE589D92
80EE17AE7C
80EDD6BFA8
80ED95D115
80ED54E2C3
80ED13F4B3
80ECD306E4
80EC921956
80EC512C0A
80EC103F00
80EBCF5237
80EB8E65AF
80EB4D7968
80EB0C8D63
80EACBA1A0
80EA8AB61D
80EA49CADC
80EA08DFDD
80E9C7F51F
80E9870AA2
80E9462067
80E905366D
80E8C44CB4
80E883633D
80E8427A07
80E8019112
80E7C0A85F
80E77FBFED
80E73ED7BD
80E6FDEFCE
80E6BD0820
80E67C20B4
80E63B3989
80E5FA529F
80E5B96BF7
80E5788590
80E5379F6B
80E4F6B987
80E4B5D3E4
80E474EE82
80E4340962
80E3F32483
80E3B23FE6
80E3715B8A
80E330776F
80E2EF9396
80E2AEAFFD
80E26DCCA7
80E22CE991
80E1EC06BD
80E1AB242B
80E16A41D9
80E1295FC9
80E0E87DFA
80E0A79C6D
80E066BB21
80E025DA16
80DFE4F94D
80DFA418C4
80DF63387E
80DF225878
80DEE178B4
80DEA09931
80DE5FB9F0
80DE1EDAEF
80DDDDFC30
80DD9D1DB3
80DD5C3F76
80DD1B617B
80DCDA83C2
80DC99A649
80DC58C912
80DC17EC1C
80DBD70F68
80DB9632F5
80DB5556C3
80DB147AD2
80DAD39F23
80DA92C3B5
80DA51E888
80DA110D9D
80D9D032F3
80D98F588A
80D94E7E62
80D90DA47C
80D8CCCAD7
80D88BF173
80D84B1850
80D80A3F6F
80D7C966CF
80D7888E71
80D747B653
80D706DE77
80D6C606DC
80D6852F83
80D644586A
80D6038193
80D5C2AAFE
80D581D4A9
80D540FE96
80D50028C4
80D4BF5333
80D47E7DE4
80D43DA8D5
80D3FCD408
80D3BBFF7D
80D37B2B32
80D33A5729
80D2F98361
80D2B8AFDA
80D277DC95
80D2370990
80D1F636CD
80D1B5644B
80D174920B
80D133C00C
80D0F2EE4D
80D0B21CD1
80D0714B95
80D0307A9B
80CFEFA9E1
80CFAED969
80CF6E0933
80CF2D393D
80CEEC6989
80CEAB9A16
80CE6ACAE4
80CE29FBF3
80CDE92D44
80CDA85ED6
80CD6790A9
80CD26C2BD
80CCE5F513
80CCA527A9
80CC645A81
80CC238D9A
80CBE2C0F4
80CBA1F490
80CB61286C
80CB205C8A
80CADF90E9
80CA9EC58A
80CA5DFA6B
80CA1D2F8E
80C9DC64F2
80C99B9A97
80C95AD07D
80C91A06A4
80C8D93D0D
80C89873B7
80C857AAA2
80C816E1CE
80C7D6193B
80C79550EA
80C75488D9
80C713C10A
80C6D2F97C
80C692322F
80C6516B24
80C610A459
80C5CFDDD0
80C58F1788
80C54E5181
80C50D8BBB
80C4CCC636
80C48C00F3
80C44B3BF1
80C40A772F
80C3C9B2AF
80C388EE70
80C3482A73
80C30766B6
80C2C6A33B
80C285E001
80C2451D07
80C2045A4F
80C1C397D9
80C182D5A3
80C14213AE
80C10151FB
80C0C09089
80C07FCF58
80C03F0E68
80BFFE4DB9
80BFBD8D4B
80BF7CCD1E
80BF3C0D33
80BEFB4D89
80BEBA8E1F
80BE79CEF7
80BE391010
80BDF8516B
80BDB79306
80BD76D4E2
80BD361700
80BCF5595E
80BCB49BFE
80BC73DEDF
80BC332201
80BBF26564
80BBB1A908
80BB70ECED
80BB303114
80BAEF757B
80BAAEBA24
80BA6DFF0D
80BA2D4438
80B9EC89A4
80B9ABCF51
80B96B153F
80B92A5B6E
80B8E9A1DF
80B8A8E890
80B8682F82
80B82776B6
80B7E6BE2B
80B7A605E0
80B7654DD7
80B724960F
80B6E3DE88
80B6A32742
80B662703D
80B621B979
80B5E102F6
80B5A04CB5
80B55F96B4
80B51EE0F4
80B4DE2B76
80B49D7639
80B45CC13C
80B41C0C81
80B3DB5807
80B39AA3CD
80B359EFD5
80B3193C1E
80B2D888A8
80B297D573
80B257227F
80B2166FCD
80B1D5BD5B
80B1950B2A
80B154593A
80B113A78C
80B0D2F61E
80B09244F1
80B0519406
80B010E35B
80AFD032F2
80AF8F82CA
80AF4ED2E2
80AF0E233C
80AECD73D6
80AE8CC4B2
80AE4C15CF
80AE0B672D
80ADCAB8CB
80AD8A0AAB
80AD495CCC
80AD08AF2E
80ACC801D1
80AC8754B5
80AC46A7DA
80AC05FB3F
80ABC54EE6
80AB84A2CE
80AB43F6F7
80AB034B61
80AAC2A00C
80AA81F4F8
80AA414A25
80AA009F93
80A9BFF542
80A97F4B32
80A93EA163
80A8FDF7D5
80A8BD4E88
80A87CA57C
80A83BFCB1
80A7FB5427
80A7BAABDE
80A77A03D6
80A7395C0F
80A6F8B489
80A6B80D44
80A677663F
80A636BF7C
80A5F618FA
80A5B572B9
80A574CCB9
80A53426F9
80A4F3817B
80A4B2DC3E
80A4723741
80A4319286
80A3F0EE0C
80A3B049D2
80A36FA5DA
80A32F0222
80A2EE5EAC
80A2ADBB76
80A26D1882
80A22C75CE
80A1EBD35B
80A1AB3129
80A16A8F39
80A129ED89
80A0E94C1A
80A0A8AAEC
80A06809FF
80A0276953
809FE6C8E8
809FA628BD
809F6588D4
809F24E92C
809EE449C4
809EA3AA9E
809E630BB8
809E226D14
809DE1CEB0
809DA1308E
809D6092AC
809D1FF50B
809CDF57AB
809C9EBA8C
809C5E1DAE
809C1D8111
809BDCE4B4
809B9C4899
809B5BACBF
809B1B1125
809ADA75CD
809A99DAB5
809A593FDE
809A18A548
8099D80AF3
80999770DF
809956D70C
8099163D7A
8098D5A429
8098950B18
8098547249
809813D9BA
8097D3416C
809792A95F
8097521193
8097117A08
8096D0E2BE
8096904BB5
80964FB4ED
80960F1E65
8095CE881E
80958DF219
80954D5C54
80950CC6D0
8094CC318D
80948B9C8A
80944B07C9
80940A7349
8093C9DF09
8093894B0A
809348B74C
80930823CF
8092C79093
809286FD98
8092466ADD
809205D864
8091C5462B
809184B433
809144227C
8091039106
8090C2FFD1
8090826EDC
809041DE29
8090014DB6
808FC0BD84
808F802D93
808F3F9DE3
808EFF0E74
808EBE7F45
808E7DF057
808E3D61AB
808DFCD33F
808DBC4513
808D7BB729
808D3B2980
808CFA9C17
808CBA0EEF
808C798208
808C38F562
808BF868FD
808BB7DCD8
808B7750F4
808B36C551
808AF639EF
808AB5AECE
808A7523EE
808A34994E
8089F40EEF
8089B384D1
808972FAF4
8089327158
8088F1E7FC
8088B15EE1
808870D607
8088304D6E
8087EFC516
8087AF3CFE
80876EB528
80872E2D92
8086EDA63D
8086AD1F28
80866C9855
80862C11C2
8085EB8B70
8085AB055F
80856A7F8E
808529F9FF
8084E974B0
8084A8EFA2
8084686AD4
808427E648
8083E761FC
8083A6DDF1
8083665A27
808325D69E
8082E55355
8082A4D04D
8082644D86
808223CB00
8081E348BA
8081A2C6B5
80816244F1
808121C36E
8080E1422B
8080A0C12A
8080604069
80801FBFE8
807FDF3FA9
807F9EBFAA
807F5E3FEC
807F1DC06F
807EDD4132
807E9CC237
807E5C437C
807E1BC501
807DDB46C8
807D9AC8CF
807D5A4B17
807D19CDA0
807CD95069
807C98D373
807C5856BE
807C17DA4A
807BD75E16
807B96E223
807B566671
807B15EB00
807AD56FCF
807A94F4DF
807A547A30
807A13FFC1
8079D38593
8079930BA6
80795291FA
807912188E
8078D19F63
8078912679
807850ADCF
8078103566
8077CFBD3E
80778F4557
80774ECDB0
80770E564A
8076CDDF24
80768D6840
80764CF19C
80760C7B38
8075CC0516
80758B8F34
80754B1993
80750AA432
8074CA2F13
807489BA33
8074494595
807408D137
8073C85D1A
807387E93E
80734775A2
8073070247
8072C68F2D
8072861C53
807245A9BA
8072053762
8071C4C54A
8071845373
807143E1DD
8071037087
8070C2FF72
8070828E9E
8070421E0A
807001ADB7
806FC13DA5
806F80CDD3
806F405E42
806EFFEEF1
806EBF7FE2
806E7F1113
806E3EA284
806DFE3436
806DBDC629
806D7D585D
806D3CEAD1
806CFC7D86
806CBC107B
806C7BA3B1
806C3B3728
806BFACADF
806BBA5ED7
806B79F310
806B398789
806AF91C43
806AB8B13E
806A784679
806A37DBF4
8069F771B1
8069B707AE
8069769DEB
806936346A
8068F5CB29
8068B56228
806874F968
80683490E9
8067F428AA
8067B3C0AC
80677358EF
806732F172
8066F28A36
8066B2233A
806671BC7F
8066315604
8065F0EFCB
8065B089D1
8065702419
80652FBEA1
8064EF5969
8064AEF472
80646E8FBC
80642E2B46
8063EDC711
8063AD631D
80636CFF69
80632C9BF6
8062EC38C3
8062ABD5D1
80626B731F
80622B10AE
8061EAAE7E
8061AA4C8E
806169EADF
8061298970
8060E92842
8060A8C754
80606866A7
806028063B
805FE7A60F
805FA74624
805F66E679
805F26870F
805EE627E5
805EA5C8FC
805E656A54
805E250BEC
805DE4ADC4
805DA44FDD
805D63F237
805D2394D1
805CE337AC
805CA2DAC8
805C627E23
805C2221C0
805BE1C59D
805BA169BA
805B610E18
805B20B2B7
805AE05796
805A9FFCB6
805A5FA216
805A1F47B7
8059DEED98
80599E93BA
80595E3A1C
80591DE0BF
8058DD87A2
80589D2EC6
80585CD62B
80581C7DD0
8057DC25B5
80579BCDDB
80575B7641
80571B1EE8
8056DAC7D0
80569A70F8
80565A1A60
805619C409
8055D96DF3
805599181D
805558C288
8055186D33
8054D8181E
805497C34A
8054576EB7
8054171A64
8053D6C651
805396727F
8053561EEE
805315CB9D
8052D5788C
80529525BC
805254D32D
80521480DE
8051D42ECF
805193DD01
8051538B73
8051133A26
8050D2E919
805092984D
80505247C2
805011F776
804FD1A76C
804F9157A1
804F510817
804F10B8CE
804ED069C5
804E901AFD
804E4FCC75
804E0F7E2D
804DCF3026
804D8EE25F
804D4E94D9
804D0E4794
804CCDFA8E
804C8DADCA
804C4D6145
804C0D1501
804BCCC8FE
804B8C7D3B
804B4C31B8
804B0BE676
804ACB9B75
804A8B50B3
804A4B0632
804A0ABBF2
8049CA71F2
80498A2833
804949DEB4
8049099575
8048C94C77
80488903B9
804848BB3C
80480872FF
8047C82B02
804787E346
8047479BCA
804707548F
8046C70D94
804686C6DA
8046468060
8046063A26
8045C5F42D
804585AE74
80454568FC
80450523C4
8044C4DECD
8044849A15
804444559F
8044041168
8043C3CD72
80438389BD
8043434648
8043030313
8042C2C01F
8042827D6B
8042423AF7
804201F8C4
8041C1B6D1
804181751F
80414133AD
804100F27B
8040C0B18A
80408070D9
8040403068
803FFFF038
803FBFB048
803F7F7099
803F3F312A
803EFEF1FB
803EBEB30D
803E7E745F
803E3E35F2
803DFDF7C5
803DBDB9D8
803D7D7C2B
803D3D3EBF
803CFD0194
803CBCC4A8
803C7C87FD
803C3C4B93
803BFC0F68
803BBBD37E
803B7B97D5
803B3B5C6C
803AFB2143
803ABAE65A
803A7AABB2
803A3A714A
8039FA3723
8039B9FD3B
803979C395
8039398A2E
8038F95108
8038B91822
803878DF7D
803838A717
8037F86EF3
8037B8370E
803777FF6A
803737C806
8036F790E2
8036B759FF
803677235C
803636ECFA
8035F6B6D8
8035B680F6
8035764B54
80353615F3
8034F5E0D2
8034B5ABF1
8034757751
80343542F1
8033F50ED1
8033B4DAF1
803374A752
80333473F3
8032F440D5
8032B40DF7
803273DB59
803233A8FB
8031F376DE
8031B34501
8031731364
803132E207
8030F2B0EB
8030B2800F
8030724F74
8030321F18
802FF1EEFD
802FB1BF22
802F718F88
802F31602E
802EF13114
802EB1023A
802E70D3A1
802E30A548
802DF0772F
802DB04956
802D701BBE
802D2FEE66
802CEFC14E
802CAF9477
802C6F67DF
802C2F3B88
802BEF0F72
802BAEE39B
802B6EB805
802B2E8CAF
802AEE6199
802AAE36C4
802A6E0C2F
802A2DE1DA
8029EDB7C5
8029AD8DF0
80296D645C
80292D3B08
8028ED11F5
8028ACE921
80286CC08E
80282C983B
8027EC7028
8027AC4855
80276C20C3
80272BF971
8026EBD25F
8026ABAB8E
80266B84FC
80262B5EAB
8025EB389A
8025AB12C9
80256AED39
80252AC7E9
8024EAA2D8
8024AA7E09
80246A5979
80242A352A
8023EA111A
8023A9ED4B
802369C9BD
802329A66E
8022E98360
8022A96091
8022693E03
8022291BB6
8021E8F9A8
8021A8D7DB
802168B64E
8021289501
8020E873F4
8020A85327
802068329B
802028124F
801FE7F243
801FA7D277
801F67B2EB
801F2793A0
801EE77494
801EA755C9
801E67373E
801E2718F4
801DE6FAE9
801DA6DD1F
801D66BF95
801D26A24A
801CE68541
801CA66877
801C664BED
801C262FA4
801BE6139B
801BA5F7D2
801B65DC49
801B25C100
801AE5A5F8
801AA58B2F
801A6570A7
801A25565F
8019E53C57
8019A5228F
8019650908
801924EFC0
8018E4D6B9
8018A4BDF2
801864A56B
8018248D24
8017E4751D
8017A45D56
80176445D0
8017242E89
8016E41783
8016A400BD
801663EA37
801623D3F1
8015E3BDEC
8015A3A826
80156392A1
8015237D5B
8014E36856
8014A35391
8014633F0C
8014232AC8
8013E316C3
8013A302FE
801362EF7A
801322DC35
8012E2C931
8012A2B66D
801262A3E9
80122291A5
8011E27FA1
8011A26DDE
8011625C5A
8011224B17
8010E23A13
8010A22950
80106218CD
801022088A
800FE1F887
800FA1E8C4
800F61D941
800F21C9FE
800EE1BAFC
800EA1AC39
800E619DB6
800E218F74
800DE18172
800DA173B0
800D61662D
800D2158EB
800CE14BE9
800CA13F28
800C6132A6
800C212664
800BE11A62
800BA10EA1
800B61031F
800B20F7DE
800AE0ECDC
800AA0E21B
800A60D799
800A20CD58
8009E0C357
8009A0B996
800960B015
800920A6D4
8008E09DD3
8008A09512
8008608C91
8008208450
8007E07C50
8007A0748F
8007606D0E
80072065CE
8006E05ECD
8006A0580D
800660518C
8006204B4C
8005E0454B
8005A03F8B
8005603A0A
80052034CA
8004E02FCA
8004A02B0A
8004602689
8004202249
8003E01E49
8003A01A89
8003601709
80032013C8
8002E010C8
8002A00E08
8002600B88
8002200948
8001E00748
8001A00588
8001600408
80012002C8
8000E001C8
8000A00108
8000600088
8000200048
